Logger: deleted log file

--------------------------------------------------------------
2026-10-09 17:28:25
Logger started

Vulkan instance extension count: 20
Available Vulkan extensions:
VK_KHR_device_group_creation
VK_KHR_display
VK_KHR_external_fence_capabilities
VK_KHR_external_memory_capabilities
VK_KHR_external_semaphore_capabilities
VK_KHR_get_display_properties2
VK_KHR_get_physical_device_properties2
VK_KHR_get_surface_capabilities2
VK_KHR_surface
VK_KHR_surface_maintenance1
VK_KHR_surface_protected_capabilities
VK_KHR_win32_surface
VK_EXT_debug_report
VK_EXT_debug_utils
VK_EXT_direct_mode_display
VK_EXT_surface_maintenance1
VK_EXT_swapchain_colorspace
VK_NV_external_memory_capabilities
VK_KHR_portability_enumeration
VK_LUNARG_direct_driver_loading
createInstance successful
setupDebugMessenger successful
resizeEvent called

Successfully created a surface!
Finding physical devices:
Physical Device No.0, Name: NVIDIA GeForce RTX 4080 Laptop GPU
   - Max Vulkan API support: 1.4.351
   - NVIDIA GeForce RTX 4080 Laptop GPU is a suitable device!
Selected physical device:
   - NVIDIA GeForce RTX 4080 Laptop GPU
Found suitable GPU
Created logical device
Created swap chain
 - swapChainImageCount 3:
Created image views!
Created image views!
Created image views!
create render pass!
Created UBO descriptor set layout
Created sampler descriptor set layout
Vertex shader:
create shader module
Fragment shader:
create shader module
create pipeline layout!
create graphics pipeline!
create framebuffer!
create framebuffer!
create framebuffer!
create command pool!
Created uniform buffers
Created texture sampler
Created descriptor pool
Created and updated UBO descriptor sets
allocate command buffers!
create synchronization objects for frame 0
create synchronization objects for frame 1
create synchronization objects for frame 2
ERROR: could not find OBJ: 
Loaded 225435 points with elevation colors.
Created mesh buffers for: 
Start is called
resizeEvent called
resizeEvent called
resizeEvent called
exposeEvent called
Created swap chain
 - swapChainImageCount 3:
Created image views!
Created image views!
Created image views!
create framebuffer!
create framebuffer!
create framebuffer!
Camera Rot: [Yaw: 0.0, Pitch: -0.2]
Camera Rot: [Yaw: 0.0, Pitch: -0.3]
Camera Rot: [Yaw: 0.0, Pitch: -0.5]
Camera Rot: [Yaw: 0.0, Pitch: -0.6]
Camera Rot: [Yaw: 0.0, Pitch: -0.9]
Camera Rot: [Yaw: -0.2, Pitch: -1.1]
Camera Rot: [Yaw: -0.2, Pitch: -1.2]
Camera Rot: [Yaw: -0.2, Pitch: -1.5]
Camera Rot: [Yaw: -0.3, Pitch: -2.0]
Camera Rot: [Yaw: -0.3, Pitch: -2.3]
Camera Rot: [Yaw: -0.3, Pitch: -2.7]
Camera Rot: [Yaw: -0.5, Pitch: -3.0]
Camera Rot: [Yaw: -0.5, Pitch: -3.5]
Camera Rot: [Yaw: -0.5, Pitch: -3.8]
Camera Rot: [Yaw: -0.5, Pitch: -4.1]
Camera Rot: [Yaw: -0.5, Pitch: -4.2]
Camera Rot: [Yaw: -0.5, Pitch: -4.5]
Camera Rot: [Yaw: -0.6, Pitch: -4.8]
Camera Rot: [Yaw: -0.6, Pitch: -5.1]
Camera Rot: [Yaw: -0.6, Pitch: -5.3]
Camera Rot: [Yaw: -0.6, Pitch: -5.4]
Camera Rot: [Yaw: -0.6, Pitch: -5.7]
Camera Rot: [Yaw: -0.6, Pitch: -5.9]
Camera Rot: [Yaw: -0.8, Pitch: -6.2]
Camera Rot: [Yaw: -0.8, Pitch: -6.5]
Camera Rot: [Yaw: -0.9, Pitch: -6.8]
Camera Rot: [Yaw: -0.9, Pitch: -7.1]
Camera Rot: [Yaw: -0.9, Pitch: -7.2]
Camera Rot: [Yaw: -0.9, Pitch: -7.7]
Camera Rot: [Yaw: -0.9, Pitch: -8.1]
Camera Rot: [Yaw: -0.9, Pitch: -8.4]
Camera Rot: [Yaw: -1.0, Pitch: -8.9]
Camera Rot: [Yaw: -1.0, Pitch: -9.2]
Camera Rot: [Yaw: -1.0, Pitch: -9.5]
Camera Rot: [Yaw: -1.0, Pitch: -9.8]
Camera Rot: [Yaw: -1.0, Pitch: -10.1]
Camera Rot: [Yaw: -1.0, Pitch: -10.2]
Camera Rot: [Yaw: -1.0, Pitch: -10.5]
Camera Rot: [Yaw: -1.0, Pitch: -10.7]
Camera Rot: [Yaw: -1.0, Pitch: -10.8]
Camera Rot: [Yaw: -1.0, Pitch: -11.0]
Camera Rot: [Yaw: -1.0, Pitch: -11.1]
Camera Rot: [Yaw: -1.0, Pitch: -11.3]
Camera Rot: [Yaw: -1.0, Pitch: -11.4]
Camera Rot: [Yaw: -1.0, Pitch: -11.6]
Camera Rot: [Yaw: -1.0, Pitch: -11.7]
Camera Rot: [Yaw: -1.0, Pitch: -11.8]
Camera Rot: [Yaw: -1.0, Pitch: -12.0]
Input state - W:0 S:0 A:0 D:0 RMB:1
RMB is pressed - movement enabled
Camera Rot: [Yaw: -1.0, Pitch: -12.1]
Camera Rot: [Yaw: -0.7, Pitch: -12.3]
Camera Rot: [Yaw: -0.6, Pitch: -12.4]
Camera Rot: [Yaw: -0.4, Pitch: -12.6]
Camera Rot: [Yaw: -0.3, Pitch: -12.9]
Camera Rot: [Yaw: -0.1, Pitch: -13.0]
Camera Rot: [Yaw: 0.0, Pitch: -13.2]
Camera Rot: [Yaw: 0.2, Pitch: -13.5]
Camera Rot: [Yaw: 0.3, Pitch: -13.6]
Camera Rot: [Yaw: 0.6, Pitch: -14.1]
Camera Rot: [Yaw: 1.1, Pitch: -14.7]
Camera Rot: [Yaw: 1.4, Pitch: -15.0]
Camera Rot: [Yaw: 1.8, Pitch: -15.6]
Camera Rot: [Yaw: 2.3, Pitch: -16.0]
Camera Rot: [Yaw: 2.7, Pitch: -16.6]
Camera Rot: [Yaw: 3.2, Pitch: -17.1]
Camera Rot: [Yaw: 3.6, Pitch: -17.7]
Camera Rot: [Yaw: 3.9, Pitch: -18.1]
Camera Rot: [Yaw: 4.4, Pitch: -18.6]
Camera Rot: [Yaw: 4.7, Pitch: -19.1]
Camera Rot: [Yaw: 5.1, Pitch: -19.5]
Camera Rot: [Yaw: 5.4, Pitch: -20.1]
Camera Rot: [Yaw: 5.9, Pitch: -20.6]
Camera Rot: [Yaw: 6.2, Pitch: -20.9]
Camera Rot: [Yaw: 6.5, Pitch: -21.3]
Camera Rot: [Yaw: 6.9, Pitch: -21.8]
Camera Rot: [Yaw: 7.1, Pitch: -22.1]
Camera Rot: [Yaw: 7.4, Pitch: -22.5]
Camera Rot: [Yaw: 7.7, Pitch: -23.0]
Camera Rot: [Yaw: 8.1, Pitch: -23.3]
Camera Rot: [Yaw: 8.3, Pitch: -23.7]
Camera Rot: [Yaw: 8.7, Pitch: -24.0]
Camera Rot: [Yaw: 8.9, Pitch: -24.3]
Camera Rot: [Yaw: 9.0, Pitch: -24.5]
Camera Rot: [Yaw: 9.3, Pitch: -24.8]
Camera Rot: [Yaw: 9.4, Pitch: -25.1]
Camera Rot: [Yaw: 9.6, Pitch: -25.2]
Camera Rot: [Yaw: 9.9, Pitch: -25.4]
Camera Rot: [Yaw: 9.9, Pitch: -25.5]
Camera Rot: [Yaw: 10.0, Pitch: -25.5]
Camera Rot: [Yaw: 10.0, Pitch: -25.6]
Camera Rot: [Yaw: 10.2, Pitch: -25.8]
Camera Rot: [Yaw: 10.2, Pitch: -25.9]
Input state - W:0 S:1 A:0 D:1 RMB:1
RMB is pressed - movement enabled
CameraMovement before update: (0.06, 0, -0.06)
New Camera Position: (0.62, 0.50, 4.65)
Camera Rot: [Yaw: 10.3, Pitch: -25.9]
Camera Rot: [Yaw: 10.5, Pitch: -25.9]
Camera Rot: [Yaw: 10.6, Pitch: -25.9]
Camera Rot: [Yaw: 10.8, Pitch: -25.9]
Camera Rot: [Yaw: 10.9, Pitch: -25.9]
Camera Rot: [Yaw: 11.1, Pitch: -25.9]
Camera Rot: [Yaw: 11.2, Pitch: -25.9]
Camera Rot: [Yaw: 11.4, Pitch: -25.8]
Camera Rot: [Yaw: 11.5, Pitch: -25.8]
Camera Rot: [Yaw: 11.7, Pitch: -25.8]
Camera Rot: [Yaw: 11.8, Pitch: -25.8]
Camera Rot: [Yaw: 12.0, Pitch: -25.8]
Camera Rot: [Yaw: 12.1, Pitch: -25.8]
Camera Rot: [Yaw: 12.3, Pitch: -25.8]
Camera Rot: [Yaw: 12.4, Pitch: -25.8]
Camera Rot: [Yaw: 12.6, Pitch: -25.8]
Camera Rot: [Yaw: 12.9, Pitch: -25.8]
Camera Rot: [Yaw: 13.2, Pitch: -25.8]
Camera Rot: [Yaw: 13.3, Pitch: -25.6]
Camera Rot: [Yaw: 13.6, Pitch: -25.5]
Camera Rot: [Yaw: 13.8, Pitch: -25.4]
Camera Rot: [Yaw: 14.1, Pitch: -25.2]
Camera Rot: [Yaw: 14.4, Pitch: -25.1]
Camera Rot: [Yaw: 14.5, Pitch: -24.9]
Camera Rot: [Yaw: 14.8, Pitch: -24.8]
Camera Rot: [Yaw: 15.1, Pitch: -24.5]
Camera Rot: [Yaw: 15.3, Pitch: -24.5]
Camera Rot: [Yaw: 15.4, Pitch: -24.3]
Camera Rot: [Yaw: 15.4, Pitch: -24.2]
Camera Rot: [Yaw: 15.6, Pitch: -24.0]
Camera Rot: [Yaw: 15.7, Pitch: -24.0]
Camera Rot: [Yaw: 15.9, Pitch: -23.9]
Camera Rot: [Yaw: 16.0, Pitch: -23.9]
Camera Rot: [Yaw: 16.2, Pitch: -23.9]
Camera Rot: [Yaw: 16.3, Pitch: -23.9]
Camera Rot: [Yaw: 16.5, Pitch: -23.9]
Camera Rot: [Yaw: 16.6, Pitch: -24.0]
Camera Rot: [Yaw: 16.8, Pitch: -24.2]
Camera Rot: [Yaw: 16.9, Pitch: -24.2]
Camera Rot: [Yaw: 17.1, Pitch: -24.3]
Camera Rot: [Yaw: 17.4, Pitch: -24.3]
Camera Rot: [Yaw: 17.5, Pitch: -24.5]
Camera Rot: [Yaw: 17.7, Pitch: -24.5]
Camera Rot: [Yaw: 17.8, Pitch: -24.6]
Camera Rot: [Yaw: 18.0, Pitch: -24.6]
Camera Rot: [Yaw: 18.1, Pitch: -24.8]
Camera Rot: [Yaw: 18.3, Pitch: -24.8]
Camera Rot: [Yaw: 18.6, Pitch: -24.8]
Camera Rot: [Yaw: 18.6, Pitch: -24.9]
Camera Rot: [Yaw: 18.7, Pitch: -24.9]
Camera Rot: [Yaw: 18.9, Pitch: -24.9]
Camera Rot: [Yaw: 19.0, Pitch: -24.9]
Camera Rot: [Yaw: 19.2, Pitch: -24.9]
Camera Rot: [Yaw: 19.3, Pitch: -24.9]
Camera Rot: [Yaw: 19.5, Pitch: -24.9]
Camera Rot: [Yaw: 19.6, Pitch: -24.9]
Camera Rot: [Yaw: 19.8, Pitch: -24.9]
Camera Rot: [Yaw: 19.9, Pitch: -24.9]
Camera Rot: [Yaw: 19.9, Pitch: -24.8]
Camera Rot: [Yaw: 19.9, Pitch: -24.6]
Camera Rot: [Yaw: 20.1, Pitch: -24.6]
Camera Rot: [Yaw: 20.1, Pitch: -24.5]
Camera Rot: [Yaw: 20.2, Pitch: -24.5]
Input state - W:0 S:1 A:0 D:1 RMB:1
RMB is pressed - movement enabled
CameraMovement before update: (0.06, 0, -0.06)
New Camera Position: (2.85, 0.50, 5.87)
Input state - W:0 S:1 A:0 D:1 RMB:1
RMB is pressed - movement enabled
CameraMovement before update: (0.06, 0, -0.06)
New Camera Position: (5.16, 0.50, 6.94)
Camera Rot: [Yaw: 20.4, Pitch: -24.5]
Camera Rot: [Yaw: 20.5, Pitch: -24.5]
Camera Rot: [Yaw: 20.7, Pitch: -24.5]
Camera Rot: [Yaw: 20.7, Pitch: -24.6]
Camera Rot: [Yaw: 20.8, Pitch: -24.6]
Camera Rot: [Yaw: 21.0, Pitch: -24.8]
Camera Rot: [Yaw: 21.1, Pitch: -24.8]
Camera Rot: [Yaw: 21.3, Pitch: -24.8]
Camera Rot: [Yaw: 21.3, Pitch: -24.9]
Camera Rot: [Yaw: 21.6, Pitch: -24.9]
Camera Rot: [Yaw: 21.7, Pitch: -24.9]
Camera Rot: [Yaw: 21.7, Pitch: -25.1]
Camera Rot: [Yaw: 21.9, Pitch: -25.1]
Camera Rot: [Yaw: 22.0, Pitch: -25.1]
Camera Rot: [Yaw: 22.0, Pitch: -25.2]
Camera Rot: [Yaw: 22.2, Pitch: -25.2]
Camera Rot: [Yaw: 22.2, Pitch: -25.4]
Camera Rot: [Yaw: 22.3, Pitch: -25.4]
Camera Rot: [Yaw: 22.5, Pitch: -25.4]
Camera Rot: [Yaw: 22.5, Pitch: -25.5]
Camera Rot: [Yaw: 22.6, Pitch: -25.5]
Camera Rot: [Yaw: 22.8, Pitch: -25.5]
Camera Rot: [Yaw: 22.9, Pitch: -25.5]
Camera Rot: [Yaw: 22.9, Pitch: -25.6]
Camera Rot: [Yaw: 23.1, Pitch: -25.6]
Camera Rot: [Yaw: 23.2, Pitch: -25.6]
Camera Rot: [Yaw: 23.2, Pitch: -25.8]
Input state - W:0 S:0 A:0 D:1 RMB:1
RMB is pressed - movement enabled
CameraMovement before update: (0.06, 0, 0)
New Camera Position: (6.96, 0.50, 6.61)
Input state - W:0 S:0 A:0 D:1 RMB:1
RMB is pressed - movement enabled
CameraMovement before update: (0.06, 0, 0)
New Camera Position: (8.61, 0.50, 5.90)
Camera Speed updated: 1.3x (0.078000)
Camera Speed updated: 1.6x (0.096000)
Camera Speed updated: 1.9x (0.114000)
Input state - W:0 S:0 A:0 D:1 RMB:1
RMB is pressed - movement enabled
CameraMovement before update: (0.114, 0, 0)
New Camera Position: (10.51, 0.50, 5.08)
Camera Rot: [Yaw: 23.4, Pitch: -25.8]
Camera Rot: [Yaw: 23.5, Pitch: -25.8]
Camera Rot: [Yaw: 23.7, Pitch: -25.8]
Camera Rot: [Yaw: 23.7, Pitch: -25.9]
Camera Rot: [Yaw: 23.8, Pitch: -25.9]
Camera Rot: [Yaw: 24.0, Pitch: -25.9]
Camera Rot: [Yaw: 24.1, Pitch: -25.9]
Camera Rot: [Yaw: 24.4, Pitch: -25.9]
Camera Rot: [Yaw: 24.7, Pitch: -26.1]
Camera Rot: [Yaw: 24.9, Pitch: -26.1]
Camera Rot: [Yaw: 25.0, Pitch: -26.1]
Camera Rot: [Yaw: 25.3, Pitch: -26.1]
Camera Rot: [Yaw: 25.5, Pitch: -26.1]
Camera Rot: [Yaw: 25.9, Pitch: -26.1]
Camera Rot: [Yaw: 26.2, Pitch: -26.2]
Camera Rot: [Yaw: 26.5, Pitch: -26.2]
Camera Rot: [Yaw: 26.8, Pitch: -26.2]
Camera Rot: [Yaw: 27.1, Pitch: -26.2]
Camera Rot: [Yaw: 27.4, Pitch: -26.2]
Camera Rot: [Yaw: 27.6, Pitch: -26.2]
Camera Rot: [Yaw: 27.9, Pitch: -26.2]
Camera Rot: [Yaw: 28.0, Pitch: -26.4]
Camera Rot: [Yaw: 28.2, Pitch: -26.4]
Camera Rot: [Yaw: 28.3, Pitch: -26.4]
Camera Speed updated: 1.6x (0.096000)
Camera Rot: [Yaw: 28.5, Pitch: -26.4]
Camera Speed updated: 1.9x (0.114000)
Camera Speed updated: 1.6x (0.096000)
Input state - W:1 S:0 A:0 D:1 RMB:1
RMB is pressed - movement enabled
CameraMovement before update: (0.096, 0, 0.096)
New Camera Position: (12.28, 0.50, 1.22)
Camera Rot: [Yaw: 28.6, Pitch: -26.4]
Camera Rot: [Yaw: 28.6, Pitch: -26.5]
Camera Rot: [Yaw: 28.8, Pitch: -26.5]
Camera Rot: [Yaw: 28.9, Pitch: -26.5]
Camera Rot: [Yaw: 29.1, Pitch: -26.7]
Camera Rot: [Yaw: 29.2, Pitch: -26.7]
Camera Rot: [Yaw: 29.4, Pitch: -26.8]
Camera Rot: [Yaw: 29.7, Pitch: -26.8]
Camera Rot: [Yaw: 30.0, Pitch: -26.8]
Camera Rot: [Yaw: 30.1, Pitch: -27.0]
Camera Rot: [Yaw: 30.3, Pitch: -27.1]
Camera Rot: [Yaw: 30.4, Pitch: -27.1]
Camera Rot: [Yaw: 30.6, Pitch: -27.1]
Camera Rot: [Yaw: 30.9, Pitch: -27.1]
Camera Rot: [Yaw: 31.0, Pitch: -27.1]
Camera Rot: [Yaw: 31.0, Pitch: -27.3]
Camera Rot: [Yaw: 31.2, Pitch: -27.3]
Camera Rot: [Yaw: 31.3, Pitch: -27.3]
Camera Rot: [Yaw: 31.5, Pitch: -27.3]
Camera Rot: [Yaw: 31.6, Pitch: -27.3]
Camera Rot: [Yaw: 31.6, Pitch: -27.4]
Input state - W:0 S:0 A:0 D:1 RMB:1
RMB is pressed - movement enabled
CameraMovement before update: (0.096, 0, 0)
New Camera Position: (13.88, 0.50, -1.81)
Camera Rot: [Yaw: 31.8, Pitch: -27.4]
Camera Rot: [Yaw: 31.9, Pitch: -27.4]
Camera Rot: [Yaw: 32.1, Pitch: -27.4]
Camera Rot: [Yaw: 32.2, Pitch: -27.4]
Camera Rot: [Yaw: 32.4, Pitch: -27.6]
Camera Rot: [Yaw: 32.5, Pitch: -27.6]
Camera Rot: [Yaw: 32.7, Pitch: -27.6]
Camera Rot: [Yaw: 32.7, Pitch: -27.7]
Camera Rot: [Yaw: 32.8, Pitch: -27.7]
Camera Rot: [Yaw: 33.0, Pitch: -27.7]
Camera Rot: [Yaw: 33.1, Pitch: -27.7]
Camera Rot: [Yaw: 33.4, Pitch: -27.9]
Camera Rot: [Yaw: 33.6, Pitch: -27.9]
Camera Rot: [Yaw: 33.7, Pitch: -27.9]
Camera Rot: [Yaw: 33.9, Pitch: -27.9]
Camera Rot: [Yaw: 34.0, Pitch: -28.0]
Camera Rot: [Yaw: 34.2, Pitch: -28.0]
Camera Rot: [Yaw: 34.3, Pitch: -28.0]
Camera Rot: [Yaw: 34.5, Pitch: -28.0]
Camera Rot: [Yaw: 34.6, Pitch: -28.0]
Camera Rot: [Yaw: 34.6, Pitch: -28.2]
Camera Rot: [Yaw: 34.8, Pitch: -28.2]
Camera Speed updated: 1.9x (0.114000)
Input state - W:1 S:0 A:0 D:1 RMB:1
RMB is pressed - movement enabled
CameraMovement before update: (0.114, 0, 0.114)
New Camera Position: (16.17, 0.50, -4.36)
Camera Rot: [Yaw: 34.9, Pitch: -28.2]
Camera Rot: [Yaw: 35.1, Pitch: -28.2]
Camera Rot: [Yaw: 35.2, Pitch: -28.2]
Camera Rot: [Yaw: 35.4, Pitch: -28.2]
Camera Rot: [Yaw: 35.5, Pitch: -28.2]
Camera Rot: [Yaw: 35.8, Pitch: -28.3]
Camera Rot: [Yaw: 36.0, Pitch: -28.3]
Camera Rot: [Yaw: 36.3, Pitch: -28.3]
Camera Rot: [Yaw: 36.4, Pitch: -28.3]
Camera Rot: [Yaw: 36.6, Pitch: -28.3]
Camera Rot: [Yaw: 36.9, Pitch: -28.3]
Camera Rot: [Yaw: 37.2, Pitch: -28.5]
Camera Rot: [Yaw: 37.5, Pitch: -28.5]
Camera Rot: [Yaw: 37.8, Pitch: -28.5]
Camera Rot: [Yaw: 38.1, Pitch: -28.5]
Camera Rot: [Yaw: 38.4, Pitch: -28.5]
Camera Rot: [Yaw: 38.5, Pitch: -28.5]
Camera Rot: [Yaw: 38.8, Pitch: -28.5]
Camera Rot: [Yaw: 39.1, Pitch: -28.5]
Camera Rot: [Yaw: 39.4, Pitch: -28.6]
Camera Rot: [Yaw: 39.6, Pitch: -28.6]
Camera Rot: [Yaw: 39.9, Pitch: -28.6]
Camera Rot: [Yaw: 40.2, Pitch: -28.6]
Camera Rot: [Yaw: 40.3, Pitch: -28.6]
Camera Rot: [Yaw: 40.5, Pitch: -28.6]
Camera Rot: [Yaw: 40.6, Pitch: -28.6]
Camera Rot: [Yaw: 40.8, Pitch: -28.6]
Camera Rot: [Yaw: 40.9, Pitch: -28.6]
Camera Rot: [Yaw: 41.1, Pitch: -28.6]
Camera Rot: [Yaw: 41.2, Pitch: -28.6]
Camera Rot: [Yaw: 41.4, Pitch: -28.6]
Camera Rot: [Yaw: 41.5, Pitch: -28.6]
Camera Rot: [Yaw: 41.5, Pitch: -28.8]
Camera Rot: [Yaw: 41.7, Pitch: -28.8]
Camera Rot: [Yaw: 41.8, Pitch: -28.8]
Camera Rot: [Yaw: 42.0, Pitch: -28.8]
Camera Rot: [Yaw: 42.2, Pitch: -28.8]
Camera Rot: [Yaw: 42.3, Pitch: -28.8]
Camera Rot: [Yaw: 42.3, Pitch: -28.9]
Camera Rot: [Yaw: 42.5, Pitch: -28.9]
Camera Rot: [Yaw: 42.6, Pitch: -28.9]
Camera Rot: [Yaw: 42.8, Pitch: -28.9]
Camera Rot: [Yaw: 42.9, Pitch: -28.9]
Camera Rot: [Yaw: 43.1, Pitch: -28.9]
Camera Rot: [Yaw: 43.1, Pitch: -29.1]
Camera Rot: [Yaw: 43.2, Pitch: -29.1]
Camera Rot: [Yaw: 43.4, Pitch: -29.1]
Camera Rot: [Yaw: 43.5, Pitch: -29.1]
Camera Rot: [Yaw: 43.7, Pitch: -29.1]
Camera Rot: [Yaw: 43.8, Pitch: -29.1]
Camera Rot: [Yaw: 44.0, Pitch: -29.2]
Camera Rot: [Yaw: 44.1, Pitch: -29.2]
Camera Rot: [Yaw: 44.3, Pitch: -29.2]
Camera Rot: [Yaw: 44.4, Pitch: -29.2]
Camera Rot: [Yaw: 44.6, Pitch: -29.2]
Camera Rot: [Yaw: 44.6, Pitch: -29.4]
Camera Rot: [Yaw: 44.7, Pitch: -29.4]
Camera Rot: [Yaw: 44.9, Pitch: -29.4]
Camera Rot: [Yaw: 45.0, Pitch: -29.4]
Camera Rot: [Yaw: 45.2, Pitch: -29.4]
Camera Rot: [Yaw: 45.2, Pitch: -29.5]
Camera Rot: [Yaw: 45.3, Pitch: -29.5]
Camera Rot: [Yaw: 45.5, Pitch: -29.7]
Input state - W:1 S:0 A:0 D:1 RMB:1
RMB is pressed - movement enabled
CameraMovement before update: (0.114, 0, 0.114)
New Camera Position: (16.63, 0.50, -9.16)
Camera Rot: [Yaw: 45.6, Pitch: -29.7]
Camera Rot: [Yaw: 45.8, Pitch: -29.7]
Camera Rot: [Yaw: 45.9, Pitch: -29.7]
Camera Rot: [Yaw: 46.1, Pitch: -29.7]
Camera Rot: [Yaw: 46.2, Pitch: -29.8]
Camera Rot: [Yaw: 46.4, Pitch: -29.8]
Camera Rot: [Yaw: 46.5, Pitch: -29.8]
Camera Rot: [Yaw: 46.7, Pitch: -30.0]
Camera Rot: [Yaw: 46.8, Pitch: -30.0]
Camera Rot: [Yaw: 47.0, Pitch: -30.0]
Camera Rot: [Yaw: 47.1, Pitch: -30.0]
Camera Rot: [Yaw: 47.1, Pitch: -30.1]
Camera Rot: [Yaw: 47.3, Pitch: -30.1]
Camera Rot: [Yaw: 47.3, Pitch: -30.3]
Camera Rot: [Yaw: 47.4, Pitch: -30.3]
Camera Rot: [Yaw: 47.6, Pitch: -30.3]
Camera Rot: [Yaw: 47.7, Pitch: -30.3]
Camera Rot: [Yaw: 47.9, Pitch: -30.3]
Camera Rot: [Yaw: 47.9, Pitch: -30.4]
Camera Rot: [Yaw: 48.0, Pitch: -30.4]
Camera Rot: [Yaw: 48.2, Pitch: -30.4]
Camera Rot: [Yaw: 48.3, Pitch: -30.4]
Camera Rot: [Yaw: 48.3, Pitch: -30.6]
Camera Rot: [Yaw: 48.5, Pitch: -30.6]
Camera Rot: [Yaw: 48.6, Pitch: -30.6]
Camera Rot: [Yaw: 48.6, Pitch: -30.7]
Camera Rot: [Yaw: 48.9, Pitch: -30.7]
Camera Rot: [Yaw: 48.9, Pitch: -30.9]
Camera Rot: [Yaw: 49.1, Pitch: -30.9]
Camera Rot: [Yaw: 49.2, Pitch: -30.9]
Camera Rot: [Yaw: 49.4, Pitch: -30.9]
Camera Rot: [Yaw: 49.4, Pitch: -31.0]
Camera Rot: [Yaw: 49.5, Pitch: -31.0]
Camera Rot: [Yaw: 49.7, Pitch: -31.0]
Camera Rot: [Yaw: 49.8, Pitch: -31.0]
Camera Rot: [Yaw: 49.8, Pitch: -31.2]
Camera Rot: [Yaw: 50.0, Pitch: -31.2]
Camera Rot: [Yaw: 50.1, Pitch: -31.2]
Camera Rot: [Yaw: 50.3, Pitch: -31.2]
Camera Rot: [Yaw: 50.4, Pitch: -31.2]
Camera Rot: [Yaw: 50.6, Pitch: -31.3]
Camera Rot: [Yaw: 50.7, Pitch: -31.3]
Camera Rot: [Yaw: 50.9, Pitch: -31.5]
Camera Rot: [Yaw: 51.0, Pitch: -31.5]
Camera Rot: [Yaw: 51.2, Pitch: -31.5]
Camera Rot: [Yaw: 51.3, Pitch: -31.5]
Camera Rot: [Yaw: 51.5, Pitch: -31.6]
Camera Rot: [Yaw: 51.6, Pitch: -31.6]
Camera Rot: [Yaw: 51.8, Pitch: -31.6]
Camera Rot: [Yaw: 51.8, Pitch: -31.8]
Camera Rot: [Yaw: 51.9, Pitch: -31.8]
Camera Rot: [Yaw: 52.1, Pitch: -31.8]
Camera Rot: [Yaw: 52.2, Pitch: -31.8]
Camera Rot: [Yaw: 52.4, Pitch: -31.8]
Camera Rot: [Yaw: 52.5, Pitch: -31.9]
Camera Rot: [Yaw: 52.7, Pitch: -32.1]
Camera Rot: [Yaw: 52.8, Pitch: -32.1]
Camera Rot: [Yaw: 53.0, Pitch: -32.1]
Camera Rot: [Yaw: 53.3, Pitch: -32.1]
Camera Rot: [Yaw: 53.4, Pitch: -32.2]
Camera Rot: [Yaw: 53.6, Pitch: -32.2]
Camera Rot: [Yaw: 53.7, Pitch: -32.2]
Camera Rot: [Yaw: 53.9, Pitch: -32.2]
Camera Rot: [Yaw: 54.0, Pitch: -32.2]
Camera Rot: [Yaw: 54.2, Pitch: -32.2]
Camera Rot: [Yaw: 54.2, Pitch: -32.4]
Camera Rot: [Yaw: 54.5, Pitch: -32.4]
Camera Rot: [Yaw: 54.6, Pitch: -32.4]
Camera Rot: [Yaw: 54.8, Pitch: -32.4]
Camera Rot: [Yaw: 54.9, Pitch: -32.4]
Camera Rot: [Yaw: 55.1, Pitch: -32.4]
Camera Rot: [Yaw: 55.1, Pitch: -32.5]
Camera Rot: [Yaw: 55.2, Pitch: -32.5]
Camera Rot: [Yaw: 55.4, Pitch: -32.5]
Camera Rot: [Yaw: 55.7, Pitch: -32.5]
Camera Rot: [Yaw: 55.8, Pitch: -32.7]
Camera Rot: [Yaw: 56.0, Pitch: -32.7]
Camera Rot: [Yaw: 56.1, Pitch: -32.7]
Camera Rot: [Yaw: 56.1, Pitch: -32.8]
Camera Rot: [Yaw: 56.4, Pitch: -32.8]
Camera Rot: [Yaw: 56.6, Pitch: -32.8]
Camera Rot: [Yaw: 56.7, Pitch: -32.8]
Camera Rot: [Yaw: 56.9, Pitch: -32.8]
Camera Rot: [Yaw: 57.0, Pitch: -32.8]
Camera Rot: [Yaw: 57.2, Pitch: -33.0]
Camera Rot: [Yaw: 57.3, Pitch: -33.0]
Camera Rot: [Yaw: 57.5, Pitch: -33.0]
Input state - W:1 S:0 A:0 D:1 RMB:1
RMB is pressed - movement enabled
CameraMovement before update: (0.114, 0, 0.114)
New Camera Position: (16.14, 0.50, -13.96)
Camera Rot: [Yaw: 57.6, Pitch: -33.0]
Camera Rot: [Yaw: 57.8, Pitch: -33.0]
Camera Rot: [Yaw: 57.9, Pitch: -33.0]
Camera Rot: [Yaw: 57.9, Pitch: -33.1]
Camera Rot: [Yaw: 58.1, Pitch: -33.1]
Camera Rot: [Yaw: 58.2, Pitch: -33.1]
Camera Rot: [Yaw: 58.4, Pitch: -33.1]
Camera Rot: [Yaw: 58.5, Pitch: -33.1]
Camera Rot: [Yaw: 58.7, Pitch: -33.1]
Camera Rot: [Yaw: 58.8, Pitch: -33.3]
Camera Rot: [Yaw: 59.0, Pitch: -33.3]
Camera Rot: [Yaw: 59.1, Pitch: -33.3]
Camera Rot: [Yaw: 59.3, Pitch: -33.4]
Camera Rot: [Yaw: 59.4, Pitch: -33.4]
Camera Rot: [Yaw: 59.6, Pitch: -33.4]
Camera Rot: [Yaw: 59.9, Pitch: -33.4]
Camera Rot: [Yaw: 60.0, Pitch: -33.4]
Camera Rot: [Yaw: 60.2, Pitch: -33.4]
Camera Rot: [Yaw: 60.2, Pitch: -33.6]
Camera Rot: [Yaw: 60.5, Pitch: -33.6]
Camera Rot: [Yaw: 60.8, Pitch: -33.6]
Camera Rot: [Yaw: 60.9, Pitch: -33.6]
Camera Rot: [Yaw: 61.1, Pitch: -33.6]
Camera Rot: [Yaw: 61.4, Pitch: -33.8]
Camera Rot: [Yaw: 61.5, Pitch: -33.8]
Camera Rot: [Yaw: 61.7, Pitch: -33.8]
Camera Rot: [Yaw: 62.0, Pitch: -33.8]
Camera Rot: [Yaw: 62.3, Pitch: -33.9]
Camera Rot: [Yaw: 62.6, Pitch: -33.9]
Camera Rot: [Yaw: 62.9, Pitch: -34.1]
Camera Rot: [Yaw: 63.0, Pitch: -34.1]
Camera Rot: [Yaw: 63.2, Pitch: -34.1]
Camera Rot: [Yaw: 63.3, Pitch: -34.1]
Camera Rot: [Yaw: 63.5, Pitch: -34.1]
Camera Rot: [Yaw: 63.8, Pitch: -34.1]
Camera Rot: [Yaw: 64.1, Pitch: -34.2]
Camera Rot: [Yaw: 64.4, Pitch: -34.2]
Camera Rot: [Yaw: 64.5, Pitch: -34.2]
Camera Rot: [Yaw: 64.8, Pitch: -34.2]
Camera Rot: [Yaw: 65.0, Pitch: -34.2]
Camera Rot: [Yaw: 65.3, Pitch: -34.2]
Camera Rot: [Yaw: 65.6, Pitch: -34.4]
Camera Rot: [Yaw: 65.7, Pitch: -34.4]
Camera Rot: [Yaw: 66.0, Pitch: -34.4]
Camera Rot: [Yaw: 66.3, Pitch: -34.4]
Camera Rot: [Yaw: 66.6, Pitch: -34.4]
Camera Rot: [Yaw: 66.9, Pitch: -34.5]
Camera Rot: [Yaw: 67.1, Pitch: -34.5]
Camera Rot: [Yaw: 67.5, Pitch: -34.7]
Camera Rot: [Yaw: 67.7, Pitch: -34.7]
Camera Rot: [Yaw: 67.8, Pitch: -34.7]
Camera Rot: [Yaw: 68.1, Pitch: -34.7]
Camera Rot: [Yaw: 68.4, Pitch: -34.7]
Camera Rot: [Yaw: 68.6, Pitch: -34.7]
Camera Rot: [Yaw: 68.9, Pitch: -34.8]
Camera Rot: [Yaw: 69.2, Pitch: -34.8]
Camera Rot: [Yaw: 69.3, Pitch: -34.8]
Camera Rot: [Yaw: 69.5, Pitch: -34.8]
Camera Rot: [Yaw: 69.8, Pitch: -34.8]
Camera Rot: [Yaw: 70.1, Pitch: -34.8]
Camera Rot: [Yaw: 70.2, Pitch: -34.8]
Camera Rot: [Yaw: 70.4, Pitch: -34.8]
Camera Rot: [Yaw: 70.5, Pitch: -35.0]
Camera Rot: [Yaw: 70.7, Pitch: -35.0]
Camera Rot: [Yaw: 70.8, Pitch: -35.0]
Camera Rot: [Yaw: 71.0, Pitch: -35.0]
Camera Rot: [Yaw: 71.1, Pitch: -35.0]
Camera Rot: [Yaw: 71.4, Pitch: -35.0]
Camera Rot: [Yaw: 71.6, Pitch: -35.0]
Camera Rot: [Yaw: 71.9, Pitch: -35.0]
Camera Rot: [Yaw: 72.0, Pitch: -35.0]
Camera Rot: [Yaw: 72.2, Pitch: -35.0]
Camera Rot: [Yaw: 72.3, Pitch: -35.0]
Camera Rot: [Yaw: 72.5, Pitch: -35.0]
Camera Rot: [Yaw: 72.6, Pitch: -35.0]
Camera Rot: [Yaw: 72.8, Pitch: -35.0]
Camera Rot: [Yaw: 72.9, Pitch: -35.0]
Camera Rot: [Yaw: 73.1, Pitch: -35.0]
Camera Rot: [Yaw: 73.2, Pitch: -35.0]
Camera Rot: [Yaw: 73.4, Pitch: -35.0]
Camera Rot: [Yaw: 73.5, Pitch: -35.0]
Camera Rot: [Yaw: 73.7, Pitch: -35.0]
Camera Rot: [Yaw: 73.8, Pitch: -35.0]
Camera Rot: [Yaw: 74.0, Pitch: -35.0]
Camera Rot: [Yaw: 74.1, Pitch: -35.0]
Camera Rot: [Yaw: 74.3, Pitch: -35.0]
Camera Rot: [Yaw: 74.4, Pitch: -35.0]
Camera Rot: [Yaw: 74.6, Pitch: -35.0]
Camera Rot: [Yaw: 74.7, Pitch: -35.0]
Camera Rot: [Yaw: 74.9, Pitch: -35.0]
Camera Rot: [Yaw: 75.0, Pitch: -35.0]
Camera Rot: [Yaw: 75.2, Pitch: -35.0]
Camera Rot: [Yaw: 75.3, Pitch: -35.0]
Camera Rot: [Yaw: 75.6, Pitch: -35.0]
Camera Rot: [Yaw: 75.8, Pitch: -35.0]
Camera Rot: [Yaw: 75.9, Pitch: -35.0]
Camera Rot: [Yaw: 76.1, Pitch: -35.0]
Camera Rot: [Yaw: 76.2, Pitch: -35.0]
Camera Rot: [Yaw: 76.4, Pitch: -35.0]
Input state - W:0 S:0 A:0 D:1 RMB:1
RMB is pressed - movement enabled
CameraMovement before update: (0.114, 0, 0)
New Camera Position: (17.33, 0.50, -17.17)
Camera Rot: [Yaw: 76.7, Pitch: -35.0]
Camera Rot: [Yaw: 76.8, Pitch: -35.0]
Camera Rot: [Yaw: 77.0, Pitch: -35.0]
Camera Rot: [Yaw: 77.1, Pitch: -35.0]
Camera Rot: [Yaw: 77.3, Pitch: -35.0]
Camera Rot: [Yaw: 77.4, Pitch: -35.0]
Camera Rot: [Yaw: 77.6, Pitch: -35.0]
Camera Rot: [Yaw: 77.7, Pitch: -35.0]
Camera Rot: [Yaw: 77.9, Pitch: -35.0]
Camera Rot: [Yaw: 77.9, Pitch: -34.8]
Camera Rot: [Yaw: 78.0, Pitch: -34.8]
Camera Rot: [Yaw: 78.2, Pitch: -34.8]
Camera Rot: [Yaw: 78.3, Pitch: -34.8]
Camera Rot: [Yaw: 78.5, Pitch: -34.8]
Camera Rot: [Yaw: 78.6, Pitch: -34.7]
Camera Rot: [Yaw: 78.8, Pitch: -34.7]
Camera Rot: [Yaw: 78.9, Pitch: -34.7]
Camera Rot: [Yaw: 79.2, Pitch: -34.5]
Camera Rot: [Yaw: 79.4, Pitch: -34.5]
Camera Rot: [Yaw: 79.5, Pitch: -34.5]
Camera Rot: [Yaw: 79.7, Pitch: -34.5]
Camera Rot: [Yaw: 80.0, Pitch: -34.4]
Camera Rot: [Yaw: 80.3, Pitch: -34.4]
Camera Rot: [Yaw: 80.6, Pitch: -34.4]
Camera Rot: [Yaw: 80.9, Pitch: -34.2]
Camera Rot: [Yaw: 81.0, Pitch: -34.2]
Camera Rot: [Yaw: 81.3, Pitch: -34.2]
Camera Rot: [Yaw: 81.5, Pitch: -34.2]
Camera Rot: [Yaw: 81.8, Pitch: -34.1]
Camera Rot: [Yaw: 82.1, Pitch: -34.1]
Camera Rot: [Yaw: 82.2, Pitch: -33.9]
Camera Rot: [Yaw: 82.4, Pitch: -33.9]
Camera Rot: [Yaw: 82.5, Pitch: -33.9]
Camera Rot: [Yaw: 82.7, Pitch: -33.9]
Camera Rot: [Yaw: 82.8, Pitch: -33.9]
Camera Rot: [Yaw: 83.0, Pitch: -33.9]
Camera Rot: [Yaw: 83.1, Pitch: -33.9]
Camera Rot: [Yaw: 83.3, Pitch: -33.8]
Camera Rot: [Yaw: 83.4, Pitch: -33.8]
Camera Rot: [Yaw: 83.6, Pitch: -33.8]
Camera Rot: [Yaw: 83.7, Pitch: -33.8]
Camera Rot: [Yaw: 83.9, Pitch: -33.8]
Camera Rot: [Yaw: 84.0, Pitch: -33.8]
Camera Rot: [Yaw: 84.2, Pitch: -33.8]
Camera Rot: [Yaw: 84.2, Pitch: -33.6]
Camera Rot: [Yaw: 84.3, Pitch: -33.6]
Camera Rot: [Yaw: 84.5, Pitch: -33.6]
Camera Rot: [Yaw: 84.6, Pitch: -33.6]
Camera Rot: [Yaw: 84.8, Pitch: -33.6]
Camera Rot: [Yaw: 84.9, Pitch: -33.6]
Camera Rot: [Yaw: 85.1, Pitch: -33.6]
Camera Rot: [Yaw: 85.2, Pitch: -33.6]
Camera Rot: [Yaw: 85.4, Pitch: -33.6]
Camera Rot: [Yaw: 85.5, Pitch: -33.6]
Camera Rot: [Yaw: 85.7, Pitch: -33.6]
Camera Rot: [Yaw: 85.8, Pitch: -33.6]
Camera Rot: [Yaw: 86.0, Pitch: -33.6]
Camera Rot: [Yaw: 86.1, Pitch: -33.6]
Camera Rot: [Yaw: 86.3, Pitch: -33.6]
Camera Rot: [Yaw: 86.4, Pitch: -33.6]
Camera Rot: [Yaw: 86.7, Pitch: -33.6]
Camera Rot: [Yaw: 86.9, Pitch: -33.6]
Camera Rot: [Yaw: 87.2, Pitch: -33.6]
Camera Rot: [Yaw: 87.3, Pitch: -33.6]
Camera Rot: [Yaw: 87.5, Pitch: -33.4]
Camera Rot: [Yaw: 87.6, Pitch: -33.4]
Camera Rot: [Yaw: 87.9, Pitch: -33.4]
Camera Rot: [Yaw: 88.1, Pitch: -33.4]
Camera Rot: [Yaw: 88.2, Pitch: -33.4]
Camera Rot: [Yaw: 88.5, Pitch: -33.4]
Camera Rot: [Yaw: 88.7, Pitch: -33.4]
Camera Rot: [Yaw: 88.8, Pitch: -33.4]
Camera Rot: [Yaw: 89.0, Pitch: -33.4]
Camera Rot: [Yaw: 89.3, Pitch: -33.4]
Camera Rot: [Yaw: 89.4, Pitch: -33.4]
Camera Rot: [Yaw: 89.6, Pitch: -33.4]
Camera Rot: [Yaw: 89.7, Pitch: -33.4]
Camera Rot: [Yaw: 90.0, Pitch: -33.4]
Camera Rot: [Yaw: 90.3, Pitch: -33.4]
Camera Rot: [Yaw: 90.5, Pitch: -33.4]
Camera Rot: [Yaw: 90.8, Pitch: -33.4]
Camera Rot: [Yaw: 90.9, Pitch: -33.4]
Camera Rot: [Yaw: 91.2, Pitch: -33.4]
Camera Rot: [Yaw: 91.4, Pitch: -33.4]
Camera Rot: [Yaw: 91.5, Pitch: -33.4]
Camera Rot: [Yaw: 91.8, Pitch: -33.4]
Camera Rot: [Yaw: 92.0, Pitch: -33.4]
Camera Rot: [Yaw: 92.1, Pitch: -33.4]
Camera Rot: [Yaw: 92.3, Pitch: -33.4]
Camera Rot: [Yaw: 92.4, Pitch: -33.4]
Camera Rot: [Yaw: 92.6, Pitch: -33.4]
Camera Rot: [Yaw: 92.7, Pitch: -33.4]
Camera Rot: [Yaw: 92.9, Pitch: -33.4]
Input state - W:0 S:0 A:0 D:1 RMB:1
RMB is pressed - movement enabled
CameraMovement before update: (0.114, 0, 0)
New Camera Position: (17.66, 0.50, -20.57)
Camera Rot: [Yaw: 93.0, Pitch: -33.4]
Camera Rot: [Yaw: 93.2, Pitch: -33.4]
Camera Rot: [Yaw: 93.3, Pitch: -33.4]
Camera Rot: [Yaw: 93.5, Pitch: -33.4]
Camera Rot: [Yaw: 93.6, Pitch: -33.4]
Camera Rot: [Yaw: 93.8, Pitch: -33.4]
Camera Rot: [Yaw: 93.9, Pitch: -33.4]
Camera Rot: [Yaw: 94.1, Pitch: -33.4]
Camera Rot: [Yaw: 94.2, Pitch: -33.4]
Camera Rot: [Yaw: 94.4, Pitch: -33.4]
Camera Rot: [Yaw: 94.5, Pitch: -33.4]
Camera Rot: [Yaw: 94.7, Pitch: -33.4]
Camera Rot: [Yaw: 94.8, Pitch: -33.4]
Camera Rot: [Yaw: 95.0, Pitch: -33.4]
Camera Rot: [Yaw: 95.1, Pitch: -33.4]
Camera Rot: [Yaw: 95.3, Pitch: -33.4]
Camera Rot: [Yaw: 95.4, Pitch: -33.4]
Camera Rot: [Yaw: 95.6, Pitch: -33.4]
Camera Rot: [Yaw: 95.7, Pitch: -33.4]
Camera Rot: [Yaw: 95.9, Pitch: -33.4]
Camera Rot: [Yaw: 96.0, Pitch: -33.4]
Camera Rot: [Yaw: 96.2, Pitch: -33.4]
Camera Rot: [Yaw: 96.3, Pitch: -33.4]
Camera Rot: [Yaw: 96.5, Pitch: -33.4]
Camera Rot: [Yaw: 96.6, Pitch: -33.4]
Camera Rot: [Yaw: 96.8, Pitch: -33.4]
Camera Rot: [Yaw: 96.8, Pitch: -33.3]
Camera Rot: [Yaw: 96.9, Pitch: -33.3]
Camera Rot: [Yaw: 97.1, Pitch: -33.3]
Input state - W:0 S:0 A:0 D:1 RMB:1
RMB is pressed - movement enabled
CameraMovement before update: (0.114, 0, 0)
New Camera Position: (17.32, 0.50, -23.97)
Camera Rot: [Yaw: 97.2, Pitch: -33.3]
Camera Rot: [Yaw: 97.2, Pitch: -33.1]
Camera Rot: [Yaw: 97.4, Pitch: -33.1]
Camera Rot: [Yaw: 97.5, Pitch: -33.1]
Camera Rot: [Yaw: 97.7, Pitch: -33.1]
Camera Rot: [Yaw: 97.8, Pitch: -33.1]
Camera Rot: [Yaw: 98.0, Pitch: -33.1]
Camera Rot: [Yaw: 98.1, Pitch: -33.1]
Camera Rot: [Yaw: 98.4, Pitch: -33.1]
Camera Rot: [Yaw: 98.6, Pitch: -33.1]
Camera Rot: [Yaw: 98.7, Pitch: -33.1]
Camera Rot: [Yaw: 98.9, Pitch: -33.1]
Camera Rot: [Yaw: 99.0, Pitch: -33.1]
Camera Rot: [Yaw: 99.2, Pitch: -33.1]
Camera Rot: [Yaw: 99.3, Pitch: -33.1]
Camera Rot: [Yaw: 99.5, Pitch: -33.1]
Camera Rot: [Yaw: 99.6, Pitch: -33.1]
Camera Rot: [Yaw: 99.8, Pitch: -33.1]
Camera Rot: [Yaw: 99.9, Pitch: -33.1]
Camera Rot: [Yaw: 100.1, Pitch: -33.1]
Camera Rot: [Yaw: 100.1, Pitch: -33.0]
Camera Rot: [Yaw: 100.2, Pitch: -33.0]
Camera Rot: [Yaw: 100.4, Pitch: -33.0]
Camera Rot: [Yaw: 100.5, Pitch: -33.0]
Camera Rot: [Yaw: 100.7, Pitch: -33.0]
Camera Rot: [Yaw: 100.8, Pitch: -33.0]
Camera Rot: [Yaw: 101.0, Pitch: -33.0]
Camera Rot: [Yaw: 101.1, Pitch: -33.0]
Camera Rot: [Yaw: 101.1, Pitch: -32.8]
Camera Rot: [Yaw: 101.3, Pitch: -32.8]
Camera Rot: [Yaw: 101.4, Pitch: -32.8]
Camera Rot: [Yaw: 101.6, Pitch: -32.8]
Camera Rot: [Yaw: 101.7, Pitch: -32.8]
Camera Rot: [Yaw: 101.9, Pitch: -32.8]
Camera Rot: [Yaw: 102.0, Pitch: -32.7]
Camera Rot: [Yaw: 102.2, Pitch: -32.7]
Camera Rot: [Yaw: 102.3, Pitch: -32.7]
Camera Rot: [Yaw: 102.5, Pitch: -32.7]
Input state - W:0 S:0 A:0 D:1 RMB:1
RMB is pressed - movement enabled
CameraMovement before update: (0.114, 0, 0)
New Camera Position: (16.73, 0.50, -27.33)
Camera Rot: [Yaw: 102.6, Pitch: -32.7]
Camera Rot: [Yaw: 102.8, Pitch: -32.7]
Camera Rot: [Yaw: 102.9, Pitch: -32.7]
Camera Rot: [Yaw: 103.1, Pitch: -32.7]
Camera Rot: [Yaw: 103.2, Pitch: -32.7]
Camera Rot: [Yaw: 103.4, Pitch: -32.7]
Camera Rot: [Yaw: 103.5, Pitch: -32.7]
Camera Rot: [Yaw: 103.7, Pitch: -32.7]
Camera Rot: [Yaw: 103.8, Pitch: -32.7]
Camera Rot: [Yaw: 104.0, Pitch: -32.7]
Camera Rot: [Yaw: 104.1, Pitch: -32.5]
Camera Rot: [Yaw: 104.3, Pitch: -32.5]
Camera Rot: [Yaw: 104.4, Pitch: -32.5]
Camera Rot: [Yaw: 104.7, Pitch: -32.5]
Camera Rot: [Yaw: 104.9, Pitch: -32.5]
Camera Rot: [Yaw: 105.0, Pitch: -32.5]
Camera Rot: [Yaw: 105.3, Pitch: -32.5]
Camera Rot: [Yaw: 105.5, Pitch: -32.5]
Camera Rot: [Yaw: 105.6, Pitch: -32.5]
Camera Rot: [Yaw: 105.8, Pitch: -32.5]
Camera Rot: [Yaw: 105.9, Pitch: -32.5]
Camera Rot: [Yaw: 106.1, Pitch: -32.5]
Camera Rot: [Yaw: 106.2, Pitch: -32.5]
Camera Rot: [Yaw: 106.4, Pitch: -32.5]
Camera Rot: [Yaw: 106.5, Pitch: -32.5]
Camera Rot: [Yaw: 106.7, Pitch: -32.5]
Camera Rot: [Yaw: 106.8, Pitch: -32.5]
Camera Rot: [Yaw: 107.0, Pitch: -32.5]
Camera Rot: [Yaw: 107.1, Pitch: -32.5]
Camera Rot: [Yaw: 107.3, Pitch: -32.5]
Camera Rot: [Yaw: 107.4, Pitch: -32.5]
Camera Rot: [Yaw: 107.6, Pitch: -32.5]
Camera Rot: [Yaw: 107.7, Pitch: -32.5]
Camera Rot: [Yaw: 107.9, Pitch: -32.5]
Camera Rot: [Yaw: 108.0, Pitch: -32.5]
Camera Rot: [Yaw: 108.2, Pitch: -32.5]
Camera Rot: [Yaw: 108.3, Pitch: -32.5]
Camera Rot: [Yaw: 108.5, Pitch: -32.5]
Camera Rot: [Yaw: 108.6, Pitch: -32.5]
Camera Rot: [Yaw: 108.8, Pitch: -32.4]
Camera Rot: [Yaw: 108.9, Pitch: -32.4]
Camera Rot: [Yaw: 109.1, Pitch: -32.4]
Camera Rot: [Yaw: 109.2, Pitch: -32.4]
Camera Rot: [Yaw: 109.4, Pitch: -32.4]
Camera Rot: [Yaw: 109.5, Pitch: -32.4]
Camera Rot: [Yaw: 109.7, Pitch: -32.4]
Camera Rot: [Yaw: 109.8, Pitch: -32.4]
Camera Rot: [Yaw: 110.0, Pitch: -32.4]
Camera Rot: [Yaw: 110.3, Pitch: -32.4]
Camera Rot: [Yaw: 110.4, Pitch: -32.4]
Camera Rot: [Yaw: 110.6, Pitch: -32.4]
Camera Rot: [Yaw: 110.7, Pitch: -32.4]
Camera Rot: [Yaw: 110.9, Pitch: -32.4]
Camera Rot: [Yaw: 111.0, Pitch: -32.4]
Camera Rot: [Yaw: 111.2, Pitch: -32.4]
Camera Rot: [Yaw: 111.3, Pitch: -32.4]
Camera Rot: [Yaw: 111.5, Pitch: -32.4]
Camera Rot: [Yaw: 111.6, Pitch: -32.4]
Camera Rot: [Yaw: 111.8, Pitch: -32.4]
Camera Rot: [Yaw: 112.1, Pitch: -32.4]
Camera Rot: [Yaw: 112.2, Pitch: -32.4]
Camera Rot: [Yaw: 112.4, Pitch: -32.4]
Camera Rot: [Yaw: 112.5, Pitch: -32.4]
Camera Rot: [Yaw: 112.7, Pitch: -32.4]
Camera Rot: [Yaw: 113.0, Pitch: -32.4]
Camera Rot: [Yaw: 113.1, Pitch: -32.4]
Camera Rot: [Yaw: 113.3, Pitch: -32.4]
Camera Rot: [Yaw: 113.4, Pitch: -32.4]
Camera Rot: [Yaw: 113.7, Pitch: -32.4]
Camera Rot: [Yaw: 114.0, Pitch: -32.4]
Camera Rot: [Yaw: 114.3, Pitch: -32.4]
Camera Rot: [Yaw: 114.6, Pitch: -32.4]
Camera Rot: [Yaw: 114.8, Pitch: -32.4]
Camera Rot: [Yaw: 114.9, Pitch: -32.4]
Camera Rot: [Yaw: 115.4, Pitch: -32.4]
Camera Rot: [Yaw: 115.5, Pitch: -32.4]
Camera Rot: [Yaw: 115.5, Pitch: -32.2]
Camera Rot: [Yaw: 116.0, Pitch: -32.2]
Camera Rot: [Yaw: 116.3, Pitch: -32.2]
Camera Rot: [Yaw: 116.4, Pitch: -32.2]
Camera Rot: [Yaw: 116.6, Pitch: -32.1]
Camera Rot: [Yaw: 116.7, Pitch: -32.1]
Camera Rot: [Yaw: 116.9, Pitch: -32.1]
Camera Rot: [Yaw: 117.2, Pitch: -31.9]
Camera Rot: [Yaw: 117.3, Pitch: -31.9]
Camera Rot: [Yaw: 117.5, Pitch: -31.9]
Camera Rot: [Yaw: 117.8, Pitch: -31.9]
Camera Rot: [Yaw: 117.9, Pitch: -31.9]
Camera Rot: [Yaw: 118.2, Pitch: -31.9]
Camera Rot: [Yaw: 118.4, Pitch: -31.9]
Camera Rot: [Yaw: 118.5, Pitch: -31.9]
Camera Rot: [Yaw: 118.7, Pitch: -31.9]
Camera Rot: [Yaw: 118.8, Pitch: -31.9]
Camera Rot: [Yaw: 119.0, Pitch: -31.9]
Camera Rot: [Yaw: 119.1, Pitch: -31.9]
Camera Rot: [Yaw: 119.3, Pitch: -32.1]
Camera Rot: [Yaw: 119.4, Pitch: -32.1]
Input state - W:0 S:0 A:0 D:1 RMB:1
RMB is pressed - movement enabled
CameraMovement before update: (0.114, 0, 0)
New Camera Position: (17.61, 0.50, -31.23)
Camera Rot: [Yaw: 119.6, Pitch: -32.1]
Camera Rot: [Yaw: 119.7, Pitch: -32.1]
Camera Rot: [Yaw: 119.9, Pitch: -32.1]
Camera Rot: [Yaw: 120.0, Pitch: -32.1]
Camera Rot: [Yaw: 120.2, Pitch: -32.1]
Camera Rot: [Yaw: 120.2, Pitch: -32.2]
Camera Rot: [Yaw: 120.3, Pitch: -32.2]
Camera Rot: [Yaw: 120.5, Pitch: -32.2]
Camera Rot: [Yaw: 120.6, Pitch: -32.2]
Camera Rot: [Yaw: 120.8, Pitch: -32.2]
Camera Rot: [Yaw: 120.9, Pitch: -32.2]
Camera Rot: [Yaw: 121.1, Pitch: -32.4]
Camera Rot: [Yaw: 121.4, Pitch: -32.4]
Camera Rot: [Yaw: 121.5, Pitch: -32.4]
Camera Rot: [Yaw: 121.7, Pitch: -32.4]
Camera Rot: [Yaw: 121.8, Pitch: -32.5]
Camera Rot: [Yaw: 122.0, Pitch: -32.5]
Camera Rot: [Yaw: 122.1, Pitch: -32.5]
Camera Rot: [Yaw: 122.3, Pitch: -32.5]
Camera Rot: [Yaw: 122.6, Pitch: -32.5]
Camera Rot: [Yaw: 122.7, Pitch: -32.5]
Camera Rot: [Yaw: 122.9, Pitch: -32.5]
Camera Rot: [Yaw: 123.0, Pitch: -32.7]
Camera Rot: [Yaw: 123.3, Pitch: -32.7]
Camera Rot: [Yaw: 123.5, Pitch: -32.7]
Camera Rot: [Yaw: 123.6, Pitch: -32.7]
Camera Rot: [Yaw: 123.8, Pitch: -32.8]
Camera Rot: [Yaw: 123.9, Pitch: -32.8]
Camera Rot: [Yaw: 124.1, Pitch: -32.8]
Camera Rot: [Yaw: 124.4, Pitch: -32.8]
Camera Rot: [Yaw: 124.5, Pitch: -32.8]
Camera Rot: [Yaw: 124.7, Pitch: -32.8]
Camera Rot: [Yaw: 124.8, Pitch: -32.8]
Camera Rot: [Yaw: 125.0, Pitch: -32.8]
Camera Rot: [Yaw: 125.1, Pitch: -32.8]
Camera Rot: [Yaw: 125.1, Pitch: -33.0]
Camera Rot: [Yaw: 125.3, Pitch: -33.0]
Camera Rot: [Yaw: 125.4, Pitch: -33.0]
Camera Rot: [Yaw: 125.6, Pitch: -33.0]
Camera Rot: [Yaw: 125.7, Pitch: -33.0]
Camera Rot: [Yaw: 125.9, Pitch: -33.0]
Camera Rot: [Yaw: 126.0, Pitch: -33.0]
Camera Rot: [Yaw: 126.3, Pitch: -33.0]
Camera Rot: [Yaw: 126.5, Pitch: -33.0]
Camera Rot: [Yaw: 126.6, Pitch: -33.0]
Camera Rot: [Yaw: 127.1, Pitch: -33.0]
Camera Rot: [Yaw: 127.2, Pitch: -33.0]
Camera Rot: [Yaw: 127.5, Pitch: -33.0]
Camera Rot: [Yaw: 128.1, Pitch: -33.0]
Camera Rot: [Yaw: 128.7, Pitch: -33.0]
Camera Rot: [Yaw: 129.5, Pitch: -33.1]
Camera Rot: [Yaw: 129.9, Pitch: -33.1]
Camera Rot: [Yaw: 130.2, Pitch: -33.1]
Camera Rot: [Yaw: 130.8, Pitch: -33.1]
Camera Rot: [Yaw: 131.6, Pitch: -33.1]
Camera Rot: [Yaw: 132.3, Pitch: -33.1]
Camera Rot: [Yaw: 133.4, Pitch: -33.1]
Camera Rot: [Yaw: 134.0, Pitch: -33.1]
Camera Rot: [Yaw: 134.1, Pitch: -33.1]
Camera Rot: [Yaw: 135.0, Pitch: -33.3]
Camera Rot: [Yaw: 135.3, Pitch: -33.3]
Camera Rot: [Yaw: 135.9, Pitch: -33.3]
Camera Rot: [Yaw: 136.1, Pitch: -33.3]
Camera Rot: [Yaw: 137.0, Pitch: -33.3]
Camera Rot: [Yaw: 137.9, Pitch: -33.3]
Camera Rot: [Yaw: 138.3, Pitch: -33.3]
Camera Rot: [Yaw: 138.6, Pitch: -33.3]
Camera Rot: [Yaw: 139.4, Pitch: -33.3]
Camera Rot: [Yaw: 140.1, Pitch: -33.3]
Camera Rot: [Yaw: 141.0, Pitch: -33.3]
Camera Rot: [Yaw: 142.1, Pitch: -33.3]
Camera Rot: [Yaw: 143.4, Pitch: -33.3]
Camera Rot: [Yaw: 144.2, Pitch: -33.3]
Camera Rot: [Yaw: 145.2, Pitch: -33.3]
Camera Rot: [Yaw: 145.7, Pitch: -33.3]
Camera Rot: [Yaw: 145.8, Pitch: -33.3]
Camera Rot: [Yaw: 146.3, Pitch: -33.3]
Camera Rot: [Yaw: 146.7, Pitch: -33.3]
Camera Rot: [Yaw: 147.2, Pitch: -33.3]
Camera Rot: [Yaw: 147.3, Pitch: -33.4]
Camera Rot: [Yaw: 147.3, Pitch: -33.6]
Camera Rot: [Yaw: 147.3, Pitch: -33.8]
Camera Rot: [Yaw: 147.3, Pitch: -33.9]
Camera Rot: [Yaw: 147.3, Pitch: -34.1]
Camera Rot: [Yaw: 147.3, Pitch: -34.2]
Camera Rot: [Yaw: 147.3, Pitch: -34.5]
Camera Rot: [Yaw: 147.5, Pitch: -34.7]
Camera Rot: [Yaw: 147.6, Pitch: -34.8]
Camera Rot: [Yaw: 147.9, Pitch: -34.8]
Camera Rot: [Yaw: 147.9, Pitch: -35.1]
Camera Rot: [Yaw: 147.9, Pitch: -35.9]
Input state - W:0 S:0 A:0 D:1 RMB:1
RMB is pressed - movement enabled
CameraMovement before update: (0.114, 0, 0)
New Camera Position: (15.43, 0.50, -33.80)
Camera Rot: [Yaw: 148.1, Pitch: -36.2]
Camera Rot: [Yaw: 148.1, Pitch: -36.6]
Camera Rot: [Yaw: 148.2, Pitch: -36.6]
Camera Rot: [Yaw: 148.2, Pitch: -36.8]
Camera Rot: [Yaw: 148.1, Pitch: -36.8]
Camera Rot: [Yaw: 147.8, Pitch: -36.8]
Camera Rot: [Yaw: 147.5, Pitch: -36.8]
Camera Rot: [Yaw: 147.3, Pitch: -36.8]
Camera Rot: [Yaw: 147.2, Pitch: -36.5]
Camera Rot: [Yaw: 147.0, Pitch: -36.0]
Camera Rot: [Yaw: 147.0, Pitch: -35.7]
Camera Rot: [Yaw: 146.9, Pitch: -35.7]
Camera Rot: [Yaw: 146.9, Pitch: -35.3]
Camera Rot: [Yaw: 146.7, Pitch: -34.8]
Camera Rot: [Yaw: 146.6, Pitch: -34.4]
Camera Rot: [Yaw: 146.6, Pitch: -34.1]
Camera Rot: [Yaw: 146.6, Pitch: -33.9]
Camera Rot: [Yaw: 146.6, Pitch: -33.5]
Input state - W:0 S:0 A:0 D:1 RMB:1
RMB is pressed - movement enabled
CameraMovement before update: (0.114, 0, 0)
New Camera Position: (12.53, 0.50, -35.62)
Camera Rot: [Yaw: 146.6, Pitch: -33.0]
Camera Rot: [Yaw: 146.6, Pitch: -32.3]
Camera Rot: [Yaw: 146.6, Pitch: -32.1]
Camera Rot: [Yaw: 146.6, Pitch: -31.5]
Camera Rot: [Yaw: 146.6, Pitch: -31.2]
Camera Rot: [Yaw: 146.6, Pitch: -30.8]
Camera Rot: [Yaw: 146.6, Pitch: -30.5]
Camera Rot: [Yaw: 146.6, Pitch: -30.0]
Camera Rot: [Yaw: 146.6, Pitch: -29.6]
Camera Rot: [Yaw: 146.6, Pitch: -29.1]
Camera Rot: [Yaw: 146.6, Pitch: -28.8]
Camera Rot: [Yaw: 146.6, Pitch: -28.7]
Camera Rot: [Yaw: 146.6, Pitch: -28.2]
Camera Rot: [Yaw: 146.6, Pitch: -27.8]
Camera Rot: [Yaw: 146.6, Pitch: -27.1]
Camera Rot: [Yaw: 146.6, Pitch: -27.0]
Camera Rot: [Yaw: 146.6, Pitch: -26.7]
Camera Rot: [Yaw: 146.6, Pitch: -26.4]
Camera Rot: [Yaw: 146.6, Pitch: -26.3]
Camera Rot: [Yaw: 146.6, Pitch: -26.1]
Camera Rot: [Yaw: 146.6, Pitch: -26.0]
Camera Rot: [Yaw: 146.6, Pitch: -25.8]
Camera Rot: [Yaw: 146.6, Pitch: -25.7]
Camera Rot: [Yaw: 146.6, Pitch: -25.5]
Camera Rot: [Yaw: 146.6, Pitch: -25.4]
Camera Rot: [Yaw: 146.7, Pitch: -25.4]
Camera Rot: [Yaw: 146.9, Pitch: -25.4]
Camera Rot: [Yaw: 147.0, Pitch: -25.4]
Camera Rot: [Yaw: 147.2, Pitch: -25.4]
Camera Rot: [Yaw: 147.3, Pitch: -25.4]
Camera Rot: [Yaw: 147.6, Pitch: -25.4]
Camera Rot: [Yaw: 147.8, Pitch: -25.4]
Camera Rot: [Yaw: 147.9, Pitch: -25.4]
Camera Rot: [Yaw: 148.1, Pitch: -25.4]
Camera Rot: [Yaw: 148.2, Pitch: -25.4]
Camera Rot: [Yaw: 148.4, Pitch: -25.4]
Camera Rot: [Yaw: 148.4, Pitch: -25.5]
Camera Rot: [Yaw: 148.5, Pitch: -25.5]
Camera Rot: [Yaw: 148.7, Pitch: -25.5]
Camera Rot: [Yaw: 148.8, Pitch: -25.5]
Camera Rot: [Yaw: 149.1, Pitch: -25.7]
Camera Rot: [Yaw: 149.3, Pitch: -25.7]
Camera Rot: [Yaw: 149.4, Pitch: -25.8]
Camera Rot: [Yaw: 149.7, Pitch: -25.8]
Camera Rot: [Yaw: 150.0, Pitch: -26.0]
Camera Rot: [Yaw: 150.2, Pitch: -26.0]
Camera Rot: [Yaw: 150.5, Pitch: -26.0]
Camera Rot: [Yaw: 150.6, Pitch: -26.0]
Camera Rot: [Yaw: 150.8, Pitch: -26.1]
Camera Rot: [Yaw: 151.1, Pitch: -26.1]
Camera Rot: [Yaw: 151.1, Pitch: -26.3]
Camera Rot: [Yaw: 151.2, Pitch: -26.3]
Camera Rot: [Yaw: 151.5, Pitch: -26.3]
Camera Rot: [Yaw: 151.7, Pitch: -26.4]
Camera Rot: [Yaw: 151.8, Pitch: -26.4]
Camera Rot: [Yaw: 152.0, Pitch: -26.4]
Camera Rot: [Yaw: 152.1, Pitch: -26.4]
Camera Rot: [Yaw: 152.1, Pitch: -26.6]
Camera Rot: [Yaw: 152.3, Pitch: -26.6]
Camera Rot: [Yaw: 152.4, Pitch: -26.6]
Input state - W:0 S:0 A:0 D:1 RMB:1
RMB is pressed - movement enabled
CameraMovement before update: (0.114, 0, 0)
New Camera Position: (9.59, 0.50, -37.36)
Camera Rot: [Yaw: 152.6, Pitch: -26.6]
Camera Rot: [Yaw: 152.7, Pitch: -26.6]
Camera Rot: [Yaw: 153.0, Pitch: -26.6]
Camera Rot: [Yaw: 153.2, Pitch: -26.6]
Camera Rot: [Yaw: 153.3, Pitch: -26.6]
Camera Rot: [Yaw: 153.5, Pitch: -26.6]
Camera Rot: [Yaw: 153.9, Pitch: -26.6]
Camera Rot: [Yaw: 154.2, Pitch: -26.6]
Camera Rot: [Yaw: 154.4, Pitch: -26.6]
Camera Rot: [Yaw: 154.5, Pitch: -26.6]
Camera Rot: [Yaw: 154.8, Pitch: -26.6]
Camera Rot: [Yaw: 155.1, Pitch: -26.6]
Camera Rot: [Yaw: 155.3, Pitch: -26.6]
Camera Rot: [Yaw: 155.4, Pitch: -26.6]
Camera Rot: [Yaw: 155.6, Pitch: -26.6]
Camera Rot: [Yaw: 155.7, Pitch: -26.6]
Camera Rot: [Yaw: 155.9, Pitch: -26.6]
Camera Rot: [Yaw: 156.0, Pitch: -26.6]
Input state - W:0 S:0 A:0 D:1 RMB:1
RMB is pressed - movement enabled
CameraMovement before update: (0.114, 0, 0)
New Camera Position: (6.53, 0.50, -38.88)
Camera Rot: [Yaw: 156.2, Pitch: -26.6]
Camera Rot: [Yaw: 156.3, Pitch: -26.6]
Camera Rot: [Yaw: 156.5, Pitch: -26.6]
Camera Rot: [Yaw: 156.6, Pitch: -26.6]
Camera Rot: [Yaw: 156.8, Pitch: -26.6]
Camera Rot: [Yaw: 156.9, Pitch: -26.6]
Camera Rot: [Yaw: 157.1, Pitch: -26.6]
Camera Rot: [Yaw: 157.2, Pitch: -26.6]
Camera Rot: [Yaw: 157.4, Pitch: -26.6]
Camera Rot: [Yaw: 157.5, Pitch: -26.6]
Camera Rot: [Yaw: 157.7, Pitch: -26.6]
Camera Rot: [Yaw: 157.8, Pitch: -26.6]
Camera Rot: [Yaw: 157.8, Pitch: -26.7]
Camera Rot: [Yaw: 158.0, Pitch: -26.7]
Camera Rot: [Yaw: 158.1, Pitch: -26.7]
Camera Rot: [Yaw: 158.3, Pitch: -26.7]
Camera Rot: [Yaw: 158.4, Pitch: -26.7]
Camera Rot: [Yaw: 158.6, Pitch: -26.7]
Camera Rot: [Yaw: 158.7, Pitch: -26.7]
Camera Rot: [Yaw: 158.9, Pitch: -26.9]
Camera Rot: [Yaw: 159.0, Pitch: -26.9]
Camera Rot: [Yaw: 159.2, Pitch: -26.9]
Camera Rot: [Yaw: 159.3, Pitch: -26.9]
Camera Rot: [Yaw: 159.5, Pitch: -26.9]
Camera Rot: [Yaw: 159.6, Pitch: -26.9]
Camera Rot: [Yaw: 159.8, Pitch: -26.9]
Camera Rot: [Yaw: 159.9, Pitch: -26.9]
Camera Rot: [Yaw: 160.1, Pitch: -26.9]
Camera Rot: [Yaw: 160.2, Pitch: -26.9]
Camera Rot: [Yaw: 160.4, Pitch: -26.9]
Camera Rot: [Yaw: 160.5, Pitch: -26.9]
Camera Rot: [Yaw: 160.7, Pitch: -26.9]
Camera Rot: [Yaw: 160.8, Pitch: -26.9]
Camera Rot: [Yaw: 161.0, Pitch: -26.9]
Camera Rot: [Yaw: 161.1, Pitch: -26.9]
Camera Rot: [Yaw: 161.3, Pitch: -26.9]
Camera Rot: [Yaw: 161.4, Pitch: -26.9]
Camera Rot: [Yaw: 161.6, Pitch: -26.9]
Camera Rot: [Yaw: 161.7, Pitch: -26.9]
Camera Rot: [Yaw: 161.9, Pitch: -26.9]
Camera Rot: [Yaw: 162.0, Pitch: -26.9]
Camera Rot: [Yaw: 162.2, Pitch: -26.9]
Camera Rot: [Yaw: 162.3, Pitch: -26.9]
Camera Rot: [Yaw: 162.5, Pitch: -26.9]
Camera Rot: [Yaw: 162.6, Pitch: -26.9]
Camera Rot: [Yaw: 162.8, Pitch: -26.9]
Camera Rot: [Yaw: 162.9, Pitch: -26.9]
Camera Rot: [Yaw: 163.1, Pitch: -27.0]
Camera Rot: [Yaw: 163.2, Pitch: -27.0]
Camera Rot: [Yaw: 163.4, Pitch: -27.0]
Camera Rot: [Yaw: 163.5, Pitch: -27.0]
Camera Rot: [Yaw: 163.7, Pitch: -27.0]
Camera Rot: [Yaw: 163.7, Pitch: -27.1]
Camera Rot: [Yaw: 163.8, Pitch: -27.1]
Camera Rot: [Yaw: 164.0, Pitch: -27.1]
Camera Rot: [Yaw: 164.1, Pitch: -27.1]
Camera Rot: [Yaw: 164.3, Pitch: -27.1]
Camera Rot: [Yaw: 164.4, Pitch: -27.1]
Camera Rot: [Yaw: 164.6, Pitch: -27.1]
Camera Rot: [Yaw: 164.7, Pitch: -27.1]
Camera Rot: [Yaw: 164.9, Pitch: -27.1]
Camera Rot: [Yaw: 164.9, Pitch: -27.3]
Camera Rot: [Yaw: 165.0, Pitch: -27.3]
Camera Rot: [Yaw: 165.2, Pitch: -27.3]
Camera Rot: [Yaw: 165.3, Pitch: -27.3]
Camera Rot: [Yaw: 165.5, Pitch: -27.3]
Input state - W:0 S:0 A:0 D:1 RMB:1
RMB is pressed - movement enabled
CameraMovement before update: (0.114, 0, 0)
New Camera Position: (3.30, 0.50, -40.00)
Camera Rot: [Yaw: 165.6, Pitch: -27.4]
Camera Rot: [Yaw: 165.8, Pitch: -27.4]
Camera Rot: [Yaw: 165.9, Pitch: -27.4]
Camera Rot: [Yaw: 166.1, Pitch: -27.4]
Camera Rot: [Yaw: 166.1, Pitch: -27.6]
Camera Rot: [Yaw: 166.2, Pitch: -27.6]
Camera Rot: [Yaw: 166.4, Pitch: -27.6]
Camera Rot: [Yaw: 166.5, Pitch: -27.6]
Camera Rot: [Yaw: 166.7, Pitch: -27.6]
Camera Rot: [Yaw: 166.8, Pitch: -27.6]
Camera Rot: [Yaw: 167.0, Pitch: -27.6]
Camera Rot: [Yaw: 167.0, Pitch: -27.7]
Camera Rot: [Yaw: 167.1, Pitch: -27.7]
Camera Rot: [Yaw: 167.3, Pitch: -27.7]
Camera Rot: [Yaw: 167.4, Pitch: -27.7]
Camera Rot: [Yaw: 167.4, Pitch: -27.9]
Camera Rot: [Yaw: 167.6, Pitch: -27.9]
Camera Rot: [Yaw: 167.7, Pitch: -27.9]
Camera Rot: [Yaw: 167.7, Pitch: -28.0]
Camera Rot: [Yaw: 167.9, Pitch: -28.0]
Camera Rot: [Yaw: 168.0, Pitch: -28.0]
Camera Rot: [Yaw: 168.0, Pitch: -28.2]
Camera Rot: [Yaw: 168.2, Pitch: -28.2]
Camera Rot: [Yaw: 168.3, Pitch: -28.2]
Camera Rot: [Yaw: 168.3, Pitch: -28.3]
Camera Rot: [Yaw: 168.5, Pitch: -28.3]
Camera Rot: [Yaw: 168.6, Pitch: -28.3]
Camera Rot: [Yaw: 168.6, Pitch: -28.5]
Camera Rot: [Yaw: 168.8, Pitch: -28.5]
Camera Rot: [Yaw: 168.9, Pitch: -28.5]
Camera Rot: [Yaw: 169.1, Pitch: -28.5]
Camera Rot: [Yaw: 169.2, Pitch: -28.5]
Camera Rot: [Yaw: 169.2, Pitch: -28.6]
Camera Rot: [Yaw: 169.2, Pitch: -28.8]
Camera Rot: [Yaw: 169.4, Pitch: -28.8]
Camera Rot: [Yaw: 169.5, Pitch: -28.8]
Camera Rot: [Yaw: 169.7, Pitch: -28.8]
Camera Rot: [Yaw: 169.7, Pitch: -28.9]
Camera Rot: [Yaw: 169.8, Pitch: -28.9]
Camera Rot: [Yaw: 170.0, Pitch: -29.1]
Camera Rot: [Yaw: 170.1, Pitch: -29.1]
Camera Rot: [Yaw: 170.3, Pitch: -29.1]
Camera Rot: [Yaw: 170.4, Pitch: -29.2]
Camera Rot: [Yaw: 170.7, Pitch: -29.2]
Camera Rot: [Yaw: 170.8, Pitch: -29.4]
Camera Rot: [Yaw: 171.1, Pitch: -29.4]
Input state - W:0 S:0 A:0 D:1 RMB:1
RMB is pressed - movement enabled
CameraMovement before update: (0.114, 0, 0)
New Camera Position: (-0.32, 0.50, -39.25)
Camera Rot: [Yaw: 171.3, Pitch: -29.4]
Camera Rot: [Yaw: 171.7, Pitch: -29.5]
Camera Rot: [Yaw: 171.9, Pitch: -29.7]
Camera Rot: [Yaw: 172.2, Pitch: -29.7]
Camera Rot: [Yaw: 172.2, Pitch: -29.8]
Camera Rot: [Yaw: 172.3, Pitch: -29.8]
Camera Rot: [Yaw: 172.5, Pitch: -29.8]
Camera Rot: [Yaw: 172.6, Pitch: -29.8]
Camera Rot: [Yaw: 172.8, Pitch: -30.0]
Camera Rot: [Yaw: 172.9, Pitch: -30.0]
Camera Rot: [Yaw: 172.9, Pitch: -30.1]
Camera Rot: [Yaw: 173.1, Pitch: -30.1]
Camera Rot: [Yaw: 173.2, Pitch: -30.1]
Camera Rot: [Yaw: 173.4, Pitch: -30.1]
Camera Rot: [Yaw: 173.5, Pitch: -30.3]
Camera Rot: [Yaw: 173.7, Pitch: -30.3]
Camera Rot: [Yaw: 173.8, Pitch: -30.3]
Camera Rot: [Yaw: 174.0, Pitch: -30.3]
Camera Rot: [Yaw: 174.1, Pitch: -30.4]
Camera Rot: [Yaw: 174.3, Pitch: -30.4]
Camera Rot: [Yaw: 174.4, Pitch: -30.4]
Camera Rot: [Yaw: 174.4, Pitch: -30.6]
Camera Rot: [Yaw: 174.6, Pitch: -30.6]
Camera Rot: [Yaw: 174.7, Pitch: -30.6]
Camera Rot: [Yaw: 174.9, Pitch: -30.6]
Camera Rot: [Yaw: 175.0, Pitch: -30.7]
Camera Rot: [Yaw: 175.2, Pitch: -30.7]
Camera Rot: [Yaw: 175.3, Pitch: -30.7]
Camera Rot: [Yaw: 175.3, Pitch: -30.9]
Camera Rot: [Yaw: 175.5, Pitch: -30.9]
Camera Rot: [Yaw: 175.6, Pitch: -30.9]
Camera Rot: [Yaw: 175.6, Pitch: -31.0]
Camera Rot: [Yaw: 175.8, Pitch: -31.0]
Camera Rot: [Yaw: 175.9, Pitch: -31.0]
Camera Rot: [Yaw: 176.1, Pitch: -31.0]
Camera Rot: [Yaw: 176.1, Pitch: -31.2]
Camera Rot: [Yaw: 176.2, Pitch: -31.2]
Camera Rot: [Yaw: 176.4, Pitch: -31.2]
Camera Rot: [Yaw: 176.5, Pitch: -31.2]
Camera Rot: [Yaw: 176.7, Pitch: -31.2]
Camera Rot: [Yaw: 176.8, Pitch: -31.2]
Camera Rot: [Yaw: 177.0, Pitch: -31.2]
Camera Rot: [Yaw: 177.0, Pitch: -31.3]
Camera Rot: [Yaw: 177.1, Pitch: -31.3]
Camera Rot: [Yaw: 177.3, Pitch: -31.3]
Camera Rot: [Yaw: 177.4, Pitch: -31.3]
Camera Rot: [Yaw: 177.6, Pitch: -31.5]
Camera Rot: [Yaw: 177.7, Pitch: -31.5]
Camera Rot: [Yaw: 177.9, Pitch: -31.5]
Camera Rot: [Yaw: 177.9, Pitch: -31.6]
Camera Rot: [Yaw: 178.0, Pitch: -31.6]
Camera Rot: [Yaw: 178.2, Pitch: -31.6]
Camera Rot: [Yaw: 178.3, Pitch: -31.6]
Camera Rot: [Yaw: 178.5, Pitch: -31.6]
Camera Rot: [Yaw: 178.5, Pitch: -31.8]
Camera Rot: [Yaw: 178.6, Pitch: -31.8]
Camera Rot: [Yaw: 178.8, Pitch: -31.8]
Camera Rot: [Yaw: 178.8, Pitch: -31.9]
Camera Rot: [Yaw: 178.9, Pitch: -31.9]
Camera Rot: [Yaw: 179.1, Pitch: -31.9]
Camera Rot: [Yaw: 179.2, Pitch: -32.1]
Camera Rot: [Yaw: 179.4, Pitch: -32.1]
Camera Rot: [Yaw: 179.5, Pitch: -32.1]
Camera Rot: [Yaw: 179.7, Pitch: -32.1]
Camera Rot: [Yaw: 179.8, Pitch: -32.1]
Camera Rot: [Yaw: 180.0, Pitch: -32.1]
Camera Rot: [Yaw: 180.1, Pitch: -32.1]
Camera Rot: [Yaw: 180.1, Pitch: -32.2]
Camera Rot: [Yaw: 180.3, Pitch: -32.2]
Camera Rot: [Yaw: 180.4, Pitch: -32.2]
Camera Rot: [Yaw: 180.6, Pitch: -32.2]
Camera Rot: [Yaw: 180.7, Pitch: -32.4]
Camera Rot: [Yaw: 180.9, Pitch: -32.4]
Camera Rot: [Yaw: 181.0, Pitch: -32.4]
Camera Rot: [Yaw: 181.2, Pitch: -32.4]
Camera Rot: [Yaw: 181.2, Pitch: -32.5]
Camera Rot: [Yaw: 181.3, Pitch: -32.5]
Camera Rot: [Yaw: 181.5, Pitch: -32.5]
Camera Rot: [Yaw: 181.6, Pitch: -32.5]
Camera Rot: [Yaw: 181.6, Pitch: -32.7]
Camera Rot: [Yaw: 181.8, Pitch: -32.7]
Camera Rot: [Yaw: 181.9, Pitch: -32.7]
Camera Rot: [Yaw: 182.1, Pitch: -32.7]
Camera Rot: [Yaw: 182.2, Pitch: -32.7]
Camera Rot: [Yaw: 182.2, Pitch: -32.8]
Camera Rot: [Yaw: 182.4, Pitch: -32.8]
Input state - W:0 S:0 A:0 D:1 RMB:1
RMB is pressed - movement enabled
CameraMovement before update: (0.114, 0, 0)
New Camera Position: (-3.73, 0.50, -39.39)
Camera Rot: [Yaw: 182.5, Pitch: -32.8]
Camera Rot: [Yaw: 182.7, Pitch: -32.8]
Camera Rot: [Yaw: 182.8, Pitch: -32.8]
Camera Rot: [Yaw: 183.0, Pitch: -32.8]
Camera Rot: [Yaw: 183.1, Pitch: -32.8]
Camera Rot: [Yaw: 183.1, Pitch: -33.0]
Camera Rot: [Yaw: 183.3, Pitch: -33.0]
Camera Rot: [Yaw: 183.4, Pitch: -33.0]
Camera Rot: [Yaw: 183.6, Pitch: -33.0]
Camera Rot: [Yaw: 183.7, Pitch: -33.0]
Camera Rot: [Yaw: 183.7, Pitch: -33.1]
Camera Rot: [Yaw: 183.9, Pitch: -33.1]
Camera Rot: [Yaw: 184.0, Pitch: -33.1]
Camera Rot: [Yaw: 184.0, Pitch: -33.3]
Camera Rot: [Yaw: 184.2, Pitch: -33.3]
Camera Rot: [Yaw: 184.3, Pitch: -33.3]
Camera Rot: [Yaw: 184.5, Pitch: -33.3]
Camera Rot: [Yaw: 184.6, Pitch: -33.3]
Camera Rot: [Yaw: 184.6, Pitch: -33.5]
Camera Rot: [Yaw: 184.8, Pitch: -33.5]
Camera Rot: [Yaw: 184.8, Pitch: -33.6]
Camera Rot: [Yaw: 184.9, Pitch: -33.6]
Camera Rot: [Yaw: 185.1, Pitch: -33.6]
Camera Rot: [Yaw: 185.2, Pitch: -33.6]
Camera Rot: [Yaw: 185.4, Pitch: -33.6]
Camera Rot: [Yaw: 185.4, Pitch: -33.8]
Camera Rot: [Yaw: 185.5, Pitch: -33.8]
Camera Rot: [Yaw: 185.7, Pitch: -33.8]
Camera Rot: [Yaw: 185.8, Pitch: -33.8]
Camera Rot: [Yaw: 186.0, Pitch: -33.8]
Camera Rot: [Yaw: 186.0, Pitch: -33.9]
Camera Rot: [Yaw: 186.1, Pitch: -33.9]
Camera Rot: [Yaw: 186.3, Pitch: -33.9]
Camera Rot: [Yaw: 186.4, Pitch: -33.9]
Camera Rot: [Yaw: 186.6, Pitch: -33.9]
Camera Rot: [Yaw: 186.6, Pitch: -34.1]
Camera Rot: [Yaw: 186.7, Pitch: -34.1]
Camera Rot: [Yaw: 186.9, Pitch: -34.1]
Camera Rot: [Yaw: 187.0, Pitch: -34.1]
Camera Rot: [Yaw: 187.2, Pitch: -34.1]
Camera Rot: [Yaw: 187.2, Pitch: -34.2]
Camera Rot: [Yaw: 187.3, Pitch: -34.2]
Camera Rot: [Yaw: 187.5, Pitch: -34.2]
Camera Rot: [Yaw: 187.5, Pitch: -34.4]
Camera Rot: [Yaw: 187.6, Pitch: -34.4]
Camera Rot: [Yaw: 187.8, Pitch: -34.4]
Camera Rot: [Yaw: 187.9, Pitch: -34.4]
Camera Rot: [Yaw: 187.9, Pitch: -34.5]
Camera Rot: [Yaw: 188.1, Pitch: -34.5]
Camera Rot: [Yaw: 188.2, Pitch: -34.5]
Camera Rot: [Yaw: 188.4, Pitch: -34.5]
Camera Rot: [Yaw: 188.5, Pitch: -34.5]
Camera Rot: [Yaw: 188.5, Pitch: -34.7]
Camera Rot: [Yaw: 188.7, Pitch: -34.7]
Camera Rot: [Yaw: 188.8, Pitch: -34.7]
Camera Rot: [Yaw: 189.0, Pitch: -34.7]
Camera Rot: [Yaw: 189.1, Pitch: -34.7]
Camera Rot: [Yaw: 189.3, Pitch: -34.7]
Camera Rot: [Yaw: 189.4, Pitch: -34.8]
Camera Rot: [Yaw: 189.6, Pitch: -34.8]
Camera Rot: [Yaw: 189.7, Pitch: -34.8]
Input state - W:0 S:0 A:0 D:1 RMB:1
RMB is pressed - movement enabled
CameraMovement before update: (0.114, 0, 0)
New Camera Position: (-7.13, 0.50, -39.05)
Camera Rot: [Yaw: 189.9, Pitch: -34.8]
Camera Rot: [Yaw: 190.0, Pitch: -34.8]
Camera Rot: [Yaw: 190.0, Pitch: -35.0]
Camera Rot: [Yaw: 190.2, Pitch: -35.0]
Camera Rot: [Yaw: 190.3, Pitch: -35.0]
Camera Rot: [Yaw: 190.5, Pitch: -35.0]
Camera Rot: [Yaw: 190.6, Pitch: -35.0]
Camera Rot: [Yaw: 190.8, Pitch: -35.0]
Camera Rot: [Yaw: 190.9, Pitch: -35.0]
Camera Rot: [Yaw: 190.9, Pitch: -35.1]
Camera Rot: [Yaw: 191.1, Pitch: -35.1]
Camera Rot: [Yaw: 191.2, Pitch: -35.1]
Camera Rot: [Yaw: 191.4, Pitch: -35.1]
Camera Rot: [Yaw: 191.5, Pitch: -35.1]
Camera Rot: [Yaw: 191.5, Pitch: -35.3]
Camera Rot: [Yaw: 191.7, Pitch: -35.3]
Camera Rot: [Yaw: 191.8, Pitch: -35.3]
Camera Rot: [Yaw: 192.0, Pitch: -35.3]
Camera Rot: [Yaw: 192.1, Pitch: -35.3]
Camera Rot: [Yaw: 192.3, Pitch: -35.3]
Camera Rot: [Yaw: 192.3, Pitch: -35.4]
Camera Rot: [Yaw: 192.4, Pitch: -35.4]
Camera Rot: [Yaw: 192.6, Pitch: -35.4]
Camera Rot: [Yaw: 192.7, Pitch: -35.4]
Camera Rot: [Yaw: 192.9, Pitch: -35.4]
Camera Rot: [Yaw: 193.0, Pitch: -35.4]
Camera Rot: [Yaw: 193.0, Pitch: -35.6]
Camera Rot: [Yaw: 193.2, Pitch: -35.6]
Camera Rot: [Yaw: 193.3, Pitch: -35.6]
Camera Rot: [Yaw: 193.5, Pitch: -35.6]
Camera Rot: [Yaw: 193.6, Pitch: -35.6]
Camera Rot: [Yaw: 193.8, Pitch: -35.6]
Camera Rot: [Yaw: 193.9, Pitch: -35.6]
Camera Rot: [Yaw: 194.1, Pitch: -35.6]
Camera Rot: [Yaw: 194.2, Pitch: -35.6]
Camera Rot: [Yaw: 194.4, Pitch: -35.6]
Camera Rot: [Yaw: 194.5, Pitch: -35.6]
Camera Rot: [Yaw: 194.7, Pitch: -35.6]
Camera Rot: [Yaw: 194.8, Pitch: -35.6]
Camera Rot: [Yaw: 195.0, Pitch: -35.6]
Camera Rot: [Yaw: 195.1, Pitch: -35.6]
Camera Rot: [Yaw: 195.3, Pitch: -35.6]
Camera Rot: [Yaw: 195.3, Pitch: -35.7]
Camera Rot: [Yaw: 195.4, Pitch: -35.7]
Camera Rot: [Yaw: 195.6, Pitch: -35.7]
Camera Rot: [Yaw: 195.7, Pitch: -35.7]
Camera Rot: [Yaw: 195.9, Pitch: -35.7]
Camera Rot: [Yaw: 196.2, Pitch: -35.7]
Camera Rot: [Yaw: 196.3, Pitch: -35.7]
Camera Rot: [Yaw: 196.5, Pitch: -35.7]
Camera Rot: [Yaw: 196.8, Pitch: -35.7]
Camera Rot: [Yaw: 196.9, Pitch: -35.7]
Camera Rot: [Yaw: 197.1, Pitch: -35.7]
Camera Rot: [Yaw: 197.1, Pitch: -35.9]
Camera Rot: [Yaw: 197.4, Pitch: -35.9]
Camera Rot: [Yaw: 197.5, Pitch: -35.9]
Camera Rot: [Yaw: 197.8, Pitch: -35.9]
Camera Rot: [Yaw: 198.0, Pitch: -35.9]
Camera Rot: [Yaw: 198.1, Pitch: -35.9]
Camera Rot: [Yaw: 198.3, Pitch: -35.9]
Camera Rot: [Yaw: 198.4, Pitch: -36.0]
Camera Rot: [Yaw: 198.6, Pitch: -36.0]
Camera Rot: [Yaw: 198.7, Pitch: -36.0]
Camera Rot: [Yaw: 198.9, Pitch: -36.0]
Camera Rot: [Yaw: 199.0, Pitch: -36.0]
Camera Rot: [Yaw: 199.2, Pitch: -36.0]
Camera Rot: [Yaw: 199.3, Pitch: -36.0]
Camera Rot: [Yaw: 199.5, Pitch: -36.0]
Camera Rot: [Yaw: 199.6, Pitch: -36.0]
Camera Rot: [Yaw: 199.6, Pitch: -36.2]
Input state - W:0 S:0 A:0 D:1 RMB:1
RMB is pressed - movement enabled
CameraMovement before update: (0.114, 0, 0)
New Camera Position: (-10.44, 0.50, -38.19)
Camera Rot: [Yaw: 199.8, Pitch: -36.2]
Camera Rot: [Yaw: 199.9, Pitch: -36.2]
Camera Rot: [Yaw: 200.1, Pitch: -36.2]
Camera Rot: [Yaw: 200.2, Pitch: -36.2]
Camera Rot: [Yaw: 200.4, Pitch: -36.2]
Camera Rot: [Yaw: 200.5, Pitch: -36.2]
Camera Rot: [Yaw: 200.7, Pitch: -36.2]
Camera Rot: [Yaw: 200.7, Pitch: -36.3]
Camera Rot: [Yaw: 200.8, Pitch: -36.3]
Camera Rot: [Yaw: 201.0, Pitch: -36.3]
Camera Rot: [Yaw: 201.1, Pitch: -36.3]
Camera Rot: [Yaw: 201.3, Pitch: -36.3]
Camera Rot: [Yaw: 201.4, Pitch: -36.3]
Camera Rot: [Yaw: 201.6, Pitch: -36.3]
Camera Rot: [Yaw: 201.6, Pitch: -36.5]
Camera Rot: [Yaw: 201.7, Pitch: -36.5]
Camera Rot: [Yaw: 201.9, Pitch: -36.5]
Camera Rot: [Yaw: 202.0, Pitch: -36.5]
Camera Rot: [Yaw: 202.2, Pitch: -36.5]
Camera Rot: [Yaw: 202.3, Pitch: -36.5]
Camera Rot: [Yaw: 202.5, Pitch: -36.5]
Camera Rot: [Yaw: 202.6, Pitch: -36.5]
Camera Rot: [Yaw: 202.8, Pitch: -36.5]
Camera Rot: [Yaw: 202.9, Pitch: -36.5]
Camera Rot: [Yaw: 203.1, Pitch: -36.5]
Camera Rot: [Yaw: 203.2, Pitch: -36.5]
Camera Rot: [Yaw: 203.4, Pitch: -36.5]
Camera Rot: [Yaw: 203.5, Pitch: -36.5]
Camera Rot: [Yaw: 203.7, Pitch: -36.5]
Camera Rot: [Yaw: 203.8, Pitch: -36.5]
Camera Rot: [Yaw: 204.0, Pitch: -36.5]
Camera Rot: [Yaw: 204.1, Pitch: -36.6]
Camera Rot: [Yaw: 204.3, Pitch: -36.6]
Camera Rot: [Yaw: 204.4, Pitch: -36.6]
Camera Rot: [Yaw: 204.6, Pitch: -36.6]
Camera Rot: [Yaw: 204.7, Pitch: -36.6]
Camera Rot: [Yaw: 204.9, Pitch: -36.6]
Camera Rot: [Yaw: 205.0, Pitch: -36.6]
Camera Rot: [Yaw: 205.2, Pitch: -36.6]
Camera Rot: [Yaw: 205.3, Pitch: -36.6]
Camera Rot: [Yaw: 205.5, Pitch: -36.6]
Camera Rot: [Yaw: 205.6, Pitch: -36.6]
Camera Rot: [Yaw: 205.8, Pitch: -36.6]
Camera Rot: [Yaw: 205.9, Pitch: -36.6]
Camera Rot: [Yaw: 206.1, Pitch: -36.6]
Camera Rot: [Yaw: 206.2, Pitch: -36.6]
Camera Rot: [Yaw: 206.4, Pitch: -36.6]
Camera Rot: [Yaw: 206.5, Pitch: -36.6]
Camera Rot: [Yaw: 206.7, Pitch: -36.6]
Camera Rot: [Yaw: 206.7, Pitch: -36.8]
Camera Rot: [Yaw: 206.8, Pitch: -36.8]
Camera Rot: [Yaw: 207.0, Pitch: -36.8]
Camera Rot: [Yaw: 207.1, Pitch: -36.8]
Camera Rot: [Yaw: 207.3, Pitch: -36.8]
Camera Rot: [Yaw: 207.4, Pitch: -36.8]
Camera Rot: [Yaw: 207.6, Pitch: -36.8]
Camera Rot: [Yaw: 207.7, Pitch: -36.8]
Camera Rot: [Yaw: 207.9, Pitch: -36.8]
Camera Rot: [Yaw: 208.0, Pitch: -36.8]
Camera Rot: [Yaw: 208.2, Pitch: -36.8]
Input state - W:0 S:0 A:0 D:1 RMB:1
RMB is pressed - movement enabled
CameraMovement before update: (0.114, 0, 0)
New Camera Position: (-13.57, 0.50, -36.83)
Camera Rot: [Yaw: 208.3, Pitch: -36.8]
Camera Rot: [Yaw: 208.5, Pitch: -36.8]
Camera Rot: [Yaw: 208.6, Pitch: -36.8]
Camera Rot: [Yaw: 208.8, Pitch: -36.8]
Camera Rot: [Yaw: 208.9, Pitch: -36.8]
Camera Rot: [Yaw: 208.9, Pitch: -36.9]
Camera Rot: [Yaw: 209.1, Pitch: -36.9]
Camera Rot: [Yaw: 209.2, Pitch: -36.9]
Camera Rot: [Yaw: 209.4, Pitch: -36.9]
Camera Rot: [Yaw: 209.5, Pitch: -36.9]
Camera Rot: [Yaw: 209.7, Pitch: -36.9]
Camera Rot: [Yaw: 209.8, Pitch: -36.9]
Camera Rot: [Yaw: 210.0, Pitch: -36.9]
Camera Rot: [Yaw: 210.1, Pitch: -36.9]
Camera Rot: [Yaw: 210.1, Pitch: -37.1]
Camera Rot: [Yaw: 210.3, Pitch: -37.1]
Camera Rot: [Yaw: 210.4, Pitch: -37.1]
Camera Rot: [Yaw: 210.6, Pitch: -37.1]
Camera Rot: [Yaw: 210.7, Pitch: -37.1]
Camera Rot: [Yaw: 210.9, Pitch: -37.1]
Camera Rot: [Yaw: 211.0, Pitch: -37.1]
Camera Rot: [Yaw: 211.2, Pitch: -37.1]
Camera Rot: [Yaw: 211.3, Pitch: -37.1]
Camera Rot: [Yaw: 211.5, Pitch: -37.1]
Camera Rot: [Yaw: 211.5, Pitch: -37.2]
Camera Rot: [Yaw: 211.6, Pitch: -37.2]
Camera Rot: [Yaw: 211.8, Pitch: -37.2]
Camera Rot: [Yaw: 211.9, Pitch: -37.2]
Camera Rot: [Yaw: 212.1, Pitch: -37.2]
Camera Rot: [Yaw: 212.2, Pitch: -37.2]
Camera Rot: [Yaw: 212.4, Pitch: -37.2]
Camera Rot: [Yaw: 212.5, Pitch: -37.2]
Camera Rot: [Yaw: 212.7, Pitch: -37.2]
Camera Rot: [Yaw: 212.8, Pitch: -37.2]
Camera Rot: [Yaw: 213.0, Pitch: -37.2]
Camera Rot: [Yaw: 213.1, Pitch: -37.2]
Camera Rot: [Yaw: 213.3, Pitch: -37.2]
Camera Rot: [Yaw: 213.4, Pitch: -37.2]
Camera Rot: [Yaw: 213.6, Pitch: -37.2]
Camera Rot: [Yaw: 213.7, Pitch: -37.2]
Camera Rot: [Yaw: 213.9, Pitch: -37.2]
Camera Rot: [Yaw: 214.0, Pitch: -37.2]
Camera Rot: [Yaw: 214.2, Pitch: -37.2]
Camera Rot: [Yaw: 214.3, Pitch: -37.2]
Camera Rot: [Yaw: 214.5, Pitch: -37.2]
Camera Rot: [Yaw: 214.6, Pitch: -37.2]
Camera Rot: [Yaw: 214.8, Pitch: -37.2]
Camera Rot: [Yaw: 214.9, Pitch: -37.2]
Camera Rot: [Yaw: 215.1, Pitch: -37.2]
Camera Rot: [Yaw: 215.2, Pitch: -37.2]
Camera Rot: [Yaw: 215.4, Pitch: -37.2]
Camera Rot: [Yaw: 215.5, Pitch: -37.2]
Camera Rot: [Yaw: 215.7, Pitch: -37.2]
Camera Rot: [Yaw: 215.8, Pitch: -37.2]
Camera Rot: [Yaw: 216.0, Pitch: -37.2]
Camera Rot: [Yaw: 216.1, Pitch: -37.2]
Camera Rot: [Yaw: 216.3, Pitch: -37.2]
Camera Rot: [Yaw: 216.4, Pitch: -37.2]
Camera Rot: [Yaw: 216.6, Pitch: -37.2]
Camera Rot: [Yaw: 216.7, Pitch: -37.2]
Camera Rot: [Yaw: 216.9, Pitch: -37.2]
Camera Rot: [Yaw: 217.0, Pitch: -37.2]
Camera Rot: [Yaw: 217.2, Pitch: -37.2]
Input state - W:0 S:0 A:0 D:1 RMB:1
RMB is pressed - movement enabled
CameraMovement before update: (0.114, 0, 0)
New Camera Position: (-16.46, 0.50, -35.00)
Camera Rot: [Yaw: 217.3, Pitch: -37.2]
Camera Rot: [Yaw: 217.5, Pitch: -37.2]
Camera Rot: [Yaw: 217.6, Pitch: -37.2]
Camera Rot: [Yaw: 217.9, Pitch: -37.2]
Camera Rot: [Yaw: 218.1, Pitch: -37.2]
Camera Rot: [Yaw: 218.4, Pitch: -37.2]
Camera Rot: [Yaw: 218.5, Pitch: -37.2]
Camera Rot: [Yaw: 218.8, Pitch: -37.2]
Camera Rot: [Yaw: 219.0, Pitch: -37.2]
Camera Rot: [Yaw: 219.1, Pitch: -37.2]
Camera Rot: [Yaw: 219.3, Pitch: -37.2]
Camera Rot: [Yaw: 219.4, Pitch: -37.2]
Camera Rot: [Yaw: 219.7, Pitch: -37.2]
Camera Rot: [Yaw: 219.9, Pitch: -37.2]
Camera Rot: [Yaw: 220.0, Pitch: -37.2]
Camera Rot: [Yaw: 220.2, Pitch: -37.2]
Camera Rot: [Yaw: 220.3, Pitch: -37.2]
Camera Rot: [Yaw: 220.5, Pitch: -37.2]
Camera Rot: [Yaw: 220.6, Pitch: -37.2]
Camera Rot: [Yaw: 220.8, Pitch: -37.2]
Camera Rot: [Yaw: 220.9, Pitch: -37.2]
Camera Rot: [Yaw: 221.1, Pitch: -37.2]
Camera Rot: [Yaw: 221.2, Pitch: -37.2]
Camera Rot: [Yaw: 221.4, Pitch: -37.2]
Camera Rot: [Yaw: 221.5, Pitch: -37.2]
Camera Rot: [Yaw: 221.7, Pitch: -37.2]
Camera Rot: [Yaw: 221.8, Pitch: -37.2]
Camera Rot: [Yaw: 222.0, Pitch: -37.2]
Camera Rot: [Yaw: 222.1, Pitch: -37.2]
Camera Rot: [Yaw: 222.3, Pitch: -37.2]
Camera Rot: [Yaw: 222.4, Pitch: -37.2]
Camera Rot: [Yaw: 222.6, Pitch: -37.2]
Camera Rot: [Yaw: 222.7, Pitch: -37.2]
Camera Rot: [Yaw: 222.9, Pitch: -37.2]
Camera Rot: [Yaw: 223.0, Pitch: -37.2]
Camera Rot: [Yaw: 223.2, Pitch: -37.2]
Camera Rot: [Yaw: 223.3, Pitch: -37.2]
Camera Rot: [Yaw: 223.5, Pitch: -37.2]
Camera Rot: [Yaw: 223.6, Pitch: -37.2]
Camera Rot: [Yaw: 223.8, Pitch: -37.2]
Camera Rot: [Yaw: 223.9, Pitch: -37.2]
Camera Rot: [Yaw: 224.1, Pitch: -37.2]
Camera Rot: [Yaw: 224.2, Pitch: -37.2]
Camera Rot: [Yaw: 224.4, Pitch: -37.2]
Camera Rot: [Yaw: 224.5, Pitch: -37.2]
Camera Rot: [Yaw: 224.7, Pitch: -37.2]
Camera Rot: [Yaw: 224.8, Pitch: -37.2]
Camera Rot: [Yaw: 225.0, Pitch: -37.1]
Camera Rot: [Yaw: 225.1, Pitch: -37.1]
Camera Rot: [Yaw: 225.3, Pitch: -37.1]
Camera Rot: [Yaw: 225.4, Pitch: -37.1]
Camera Rot: [Yaw: 225.6, Pitch: -37.1]
Camera Rot: [Yaw: 225.7, Pitch: -37.1]
Camera Rot: [Yaw: 225.9, Pitch: -36.9]
Camera Rot: [Yaw: 226.0, Pitch: -36.9]
Camera Rot: [Yaw: 226.2, Pitch: -36.9]
Camera Rot: [Yaw: 226.3, Pitch: -36.9]
Camera Rot: [Yaw: 226.5, Pitch: -36.9]
Camera Rot: [Yaw: 226.6, Pitch: -36.8]
Camera Rot: [Yaw: 226.8, Pitch: -36.8]
Camera Rot: [Yaw: 226.9, Pitch: -36.8]
Camera Rot: [Yaw: 227.1, Pitch: -36.8]
Camera Rot: [Yaw: 227.4, Pitch: -36.8]
Camera Rot: [Yaw: 227.5, Pitch: -36.8]
Camera Rot: [Yaw: 227.7, Pitch: -36.6]
Camera Rot: [Yaw: 227.8, Pitch: -36.6]
Camera Rot: [Yaw: 228.0, Pitch: -36.6]
Camera Rot: [Yaw: 228.1, Pitch: -36.6]
Camera Rot: [Yaw: 228.3, Pitch: -36.6]
Camera Rot: [Yaw: 228.4, Pitch: -36.6]
Camera Rot: [Yaw: 228.6, Pitch: -36.6]
Camera Rot: [Yaw: 228.7, Pitch: -36.6]
Camera Rot: [Yaw: 228.9, Pitch: -36.6]
Camera Rot: [Yaw: 229.0, Pitch: -36.6]
Camera Rot: [Yaw: 229.2, Pitch: -36.6]
Input state - W:0 S:0 A:0 D:1 RMB:1
RMB is pressed - movement enabled
CameraMovement before update: (0.114, 0, 0)
New Camera Position: (-18.93, 0.50, -32.65)
Camera Rot: [Yaw: 229.3, Pitch: -36.6]
Camera Rot: [Yaw: 229.5, Pitch: -36.6]
Camera Rot: [Yaw: 229.6, Pitch: -36.6]
Camera Rot: [Yaw: 229.8, Pitch: -36.6]
Camera Rot: [Yaw: 229.9, Pitch: -36.6]
Camera Rot: [Yaw: 230.1, Pitch: -36.6]
Camera Rot: [Yaw: 230.2, Pitch: -36.6]
Camera Rot: [Yaw: 230.4, Pitch: -36.6]
Camera Rot: [Yaw: 230.5, Pitch: -36.6]
Camera Rot: [Yaw: 230.7, Pitch: -36.6]
Camera Rot: [Yaw: 230.8, Pitch: -36.6]
Camera Rot: [Yaw: 231.0, Pitch: -36.6]
Camera Rot: [Yaw: 231.1, Pitch: -36.6]
Camera Rot: [Yaw: 231.3, Pitch: -36.6]
Camera Rot: [Yaw: 231.4, Pitch: -36.6]
Camera Rot: [Yaw: 231.6, Pitch: -36.6]
Camera Rot: [Yaw: 231.7, Pitch: -36.6]
Camera Rot: [Yaw: 231.9, Pitch: -36.6]
Camera Rot: [Yaw: 232.0, Pitch: -36.6]
Camera Rot: [Yaw: 232.2, Pitch: -36.6]
Camera Rot: [Yaw: 232.3, Pitch: -36.6]
Camera Rot: [Yaw: 232.5, Pitch: -36.6]
Camera Rot: [Yaw: 232.6, Pitch: -36.6]
Camera Rot: [Yaw: 232.8, Pitch: -36.6]
Camera Rot: [Yaw: 232.9, Pitch: -36.6]
Camera Rot: [Yaw: 233.1, Pitch: -36.6]
Camera Rot: [Yaw: 233.2, Pitch: -36.6]
Camera Rot: [Yaw: 233.4, Pitch: -36.6]
Camera Rot: [Yaw: 233.5, Pitch: -36.6]
Camera Rot: [Yaw: 233.7, Pitch: -36.6]
Camera Rot: [Yaw: 233.8, Pitch: -36.6]
Camera Rot: [Yaw: 234.0, Pitch: -36.6]
Camera Rot: [Yaw: 234.1, Pitch: -36.6]
Camera Rot: [Yaw: 234.3, Pitch: -36.6]
Camera Rot: [Yaw: 234.4, Pitch: -36.6]
Camera Rot: [Yaw: 234.6, Pitch: -36.6]
Camera Rot: [Yaw: 234.7, Pitch: -36.6]
Camera Rot: [Yaw: 234.9, Pitch: -36.6]
Camera Rot: [Yaw: 235.0, Pitch: -36.6]
Camera Rot: [Yaw: 235.2, Pitch: -36.6]
Camera Rot: [Yaw: 235.3, Pitch: -36.6]
Camera Rot: [Yaw: 235.5, Pitch: -36.6]
Camera Rot: [Yaw: 235.6, Pitch: -36.6]
Camera Rot: [Yaw: 235.8, Pitch: -36.6]
Camera Rot: [Yaw: 235.9, Pitch: -36.6]
Camera Rot: [Yaw: 236.1, Pitch: -36.6]
Camera Rot: [Yaw: 236.2, Pitch: -36.6]
Camera Rot: [Yaw: 236.4, Pitch: -36.6]
Camera Rot: [Yaw: 236.5, Pitch: -36.6]
Camera Rot: [Yaw: 236.7, Pitch: -36.6]
Camera Rot: [Yaw: 236.8, Pitch: -36.6]
Camera Rot: [Yaw: 237.0, Pitch: -36.6]
Camera Rot: [Yaw: 237.1, Pitch: -36.6]
Camera Rot: [Yaw: 237.3, Pitch: -36.6]
Camera Rot: [Yaw: 237.4, Pitch: -36.6]
Camera Rot: [Yaw: 237.6, Pitch: -36.6]
Camera Rot: [Yaw: 237.7, Pitch: -36.6]
Camera Rot: [Yaw: 237.9, Pitch: -36.6]
Camera Rot: [Yaw: 238.0, Pitch: -36.6]
Camera Rot: [Yaw: 238.2, Pitch: -36.6]
Camera Rot: [Yaw: 238.3, Pitch: -36.6]
Camera Rot: [Yaw: 238.5, Pitch: -36.6]
Camera Rot: [Yaw: 238.6, Pitch: -36.6]
Camera Rot: [Yaw: 238.8, Pitch: -36.6]
Camera Rot: [Yaw: 238.9, Pitch: -36.6]
Camera Rot: [Yaw: 239.1, Pitch: -36.6]
Camera Rot: [Yaw: 239.2, Pitch: -36.6]
Camera Rot: [Yaw: 239.4, Pitch: -36.6]
Camera Rot: [Yaw: 239.5, Pitch: -36.6]
Camera Rot: [Yaw: 239.7, Pitch: -36.6]
Camera Rot: [Yaw: 239.8, Pitch: -36.6]
Camera Rot: [Yaw: 240.0, Pitch: -36.6]
Camera Rot: [Yaw: 240.1, Pitch: -36.6]
Input state - W:0 S:0 A:0 D:1 RMB:1
RMB is pressed - movement enabled
CameraMovement before update: (0.114, 0, 0)
New Camera Position: (-20.95, 0.50, -29.89)
Camera Rot: [Yaw: 240.3, Pitch: -36.6]
Camera Rot: [Yaw: 240.6, Pitch: -36.6]
Camera Rot: [Yaw: 240.7, Pitch: -36.6]
Camera Rot: [Yaw: 240.9, Pitch: -36.6]
Camera Rot: [Yaw: 241.2, Pitch: -36.6]
Camera Rot: [Yaw: 241.5, Pitch: -36.6]
Camera Rot: [Yaw: 241.6, Pitch: -36.6]
Camera Rot: [Yaw: 241.8, Pitch: -36.6]
Camera Rot: [Yaw: 241.9, Pitch: -36.6]
Camera Rot: [Yaw: 242.1, Pitch: -36.6]
Camera Rot: [Yaw: 242.2, Pitch: -36.6]
Camera Rot: [Yaw: 242.4, Pitch: -36.6]
Camera Rot: [Yaw: 242.5, Pitch: -36.6]
Camera Rot: [Yaw: 242.7, Pitch: -36.6]
Camera Rot: [Yaw: 242.8, Pitch: -36.6]
Camera Rot: [Yaw: 243.0, Pitch: -36.6]
Camera Rot: [Yaw: 243.1, Pitch: -36.8]
Camera Rot: [Yaw: 243.3, Pitch: -36.8]
Camera Rot: [Yaw: 243.4, Pitch: -36.8]
Camera Rot: [Yaw: 243.6, Pitch: -36.8]
Camera Rot: [Yaw: 243.7, Pitch: -36.8]
Camera Rot: [Yaw: 244.0, Pitch: -36.8]
Camera Rot: [Yaw: 244.2, Pitch: -36.8]
Camera Rot: [Yaw: 244.3, Pitch: -36.8]
Camera Rot: [Yaw: 244.5, Pitch: -36.8]
Camera Rot: [Yaw: 244.6, Pitch: -36.8]
Camera Rot: [Yaw: 244.8, Pitch: -36.8]
Camera Rot: [Yaw: 244.9, Pitch: -36.8]
Camera Rot: [Yaw: 245.1, Pitch: -36.8]
Camera Rot: [Yaw: 245.2, Pitch: -36.8]
Camera Rot: [Yaw: 245.4, Pitch: -36.8]
Camera Rot: [Yaw: 245.4, Pitch: -36.9]
Camera Rot: [Yaw: 245.5, Pitch: -36.9]
Camera Rot: [Yaw: 245.7, Pitch: -36.9]
Camera Rot: [Yaw: 245.8, Pitch: -36.9]
Camera Rot: [Yaw: 246.0, Pitch: -36.9]
Camera Rot: [Yaw: 246.1, Pitch: -36.9]
Camera Rot: [Yaw: 246.3, Pitch: -36.9]
Camera Rot: [Yaw: 246.4, Pitch: -36.9]
Camera Rot: [Yaw: 246.6, Pitch: -36.9]
Camera Rot: [Yaw: 246.7, Pitch: -37.1]
Camera Rot: [Yaw: 246.9, Pitch: -37.1]
Camera Rot: [Yaw: 247.0, Pitch: -37.1]
Camera Rot: [Yaw: 247.2, Pitch: -37.1]
Camera Rot: [Yaw: 247.3, Pitch: -37.1]
Camera Rot: [Yaw: 247.5, Pitch: -37.1]
Camera Rot: [Yaw: 247.6, Pitch: -37.1]
Camera Rot: [Yaw: 247.8, Pitch: -37.1]
Camera Rot: [Yaw: 247.9, Pitch: -37.2]
Camera Rot: [Yaw: 248.1, Pitch: -37.2]
Camera Rot: [Yaw: 248.2, Pitch: -37.2]
Camera Rot: [Yaw: 248.4, Pitch: -37.2]
Camera Rot: [Yaw: 248.5, Pitch: -37.2]
Camera Rot: [Yaw: 248.7, Pitch: -37.2]
Camera Rot: [Yaw: 248.8, Pitch: -37.2]
Camera Rot: [Yaw: 249.1, Pitch: -37.2]
Camera Rot: [Yaw: 249.3, Pitch: -37.2]
Camera Rot: [Yaw: 249.4, Pitch: -37.2]
Camera Rot: [Yaw: 249.6, Pitch: -37.2]
Camera Rot: [Yaw: 249.7, Pitch: -37.2]
Camera Rot: [Yaw: 249.9, Pitch: -37.2]
Camera Rot: [Yaw: 250.0, Pitch: -37.2]
Camera Rot: [Yaw: 250.2, Pitch: -37.2]
Camera Rot: [Yaw: 250.3, Pitch: -37.2]
Camera Rot: [Yaw: 250.5, Pitch: -37.2]
Camera Rot: [Yaw: 250.6, Pitch: -37.2]
Camera Rot: [Yaw: 250.8, Pitch: -37.2]
Camera Rot: [Yaw: 250.9, Pitch: -37.2]
Camera Rot: [Yaw: 251.1, Pitch: -37.2]
Camera Rot: [Yaw: 251.2, Pitch: -37.2]
Camera Rot: [Yaw: 251.4, Pitch: -37.2]
Camera Rot: [Yaw: 251.5, Pitch: -37.2]
Camera Rot: [Yaw: 251.7, Pitch: -37.2]
Camera Rot: [Yaw: 251.8, Pitch: -37.2]
Camera Rot: [Yaw: 252.0, Pitch: -37.2]
Camera Rot: [Yaw: 252.1, Pitch: -37.2]
Camera Rot: [Yaw: 252.3, Pitch: -37.2]
Camera Rot: [Yaw: 252.4, Pitch: -37.2]
Camera Rot: [Yaw: 252.6, Pitch: -37.2]
Input state - W:0 S:1 A:0 D:1 RMB:1
RMB is pressed - movement enabled
CameraMovement before update: (0.114, 0, -0.114)
New Camera Position: (-22.54, 0.50, -26.83)
Camera Rot: [Yaw: 252.9, Pitch: -37.2]
Camera Rot: [Yaw: 253.0, Pitch: -37.2]
Camera Rot: [Yaw: 253.2, Pitch: -37.2]
Camera Rot: [Yaw: 253.3, Pitch: -37.2]
Camera Rot: [Yaw: 253.5, Pitch: -37.2]
Camera Rot: [Yaw: 253.6, Pitch: -37.2]
Camera Rot: [Yaw: 253.8, Pitch: -37.2]
Camera Rot: [Yaw: 253.9, Pitch: -37.2]
Camera Rot: [Yaw: 254.1, Pitch: -37.2]
Camera Rot: [Yaw: 254.2, Pitch: -37.2]
Camera Rot: [Yaw: 254.4, Pitch: -37.2]
Camera Rot: [Yaw: 254.5, Pitch: -37.2]
Camera Rot: [Yaw: 254.7, Pitch: -37.2]
Camera Rot: [Yaw: 254.8, Pitch: -37.2]
Camera Rot: [Yaw: 255.0, Pitch: -37.2]
Camera Rot: [Yaw: 255.3, Pitch: -37.2]
Camera Rot: [Yaw: 255.4, Pitch: -37.2]
Camera Rot: [Yaw: 255.6, Pitch: -37.2]
Camera Rot: [Yaw: 256.0, Pitch: -37.2]
Camera Rot: [Yaw: 256.3, Pitch: -37.2]
Camera Rot: [Yaw: 256.5, Pitch: -37.2]
Camera Rot: [Yaw: 256.9, Pitch: -37.2]
Camera Rot: [Yaw: 257.2, Pitch: -37.2]
Camera Rot: [Yaw: 257.5, Pitch: -37.2]
Camera Rot: [Yaw: 257.8, Pitch: -37.2]
Camera Rot: [Yaw: 258.1, Pitch: -37.1]
Camera Rot: [Yaw: 258.3, Pitch: -37.1]
Camera Rot: [Yaw: 258.6, Pitch: -36.9]
Camera Rot: [Yaw: 258.9, Pitch: -36.8]
Camera Rot: [Yaw: 259.0, Pitch: -36.8]
Camera Rot: [Yaw: 259.3, Pitch: -36.6]
Camera Rot: [Yaw: 259.6, Pitch: -36.5]
Camera Rot: [Yaw: 259.9, Pitch: -36.3]
Camera Rot: [Yaw: 260.2, Pitch: -36.2]
Camera Rot: [Yaw: 260.7, Pitch: -36.0]
Camera Rot: [Yaw: 261.0, Pitch: -35.9]
Camera Rot: [Yaw: 261.4, Pitch: -35.7]
Camera Rot: [Yaw: 261.6, Pitch: -35.6]
Camera Rot: [Yaw: 261.9, Pitch: -35.4]
Camera Rot: [Yaw: 262.2, Pitch: -35.3]
Camera Rot: [Yaw: 262.3, Pitch: -35.3]
Camera Rot: [Yaw: 262.5, Pitch: -35.1]
Camera Rot: [Yaw: 262.6, Pitch: -35.0]
Camera Rot: [Yaw: 262.9, Pitch: -34.8]
Camera Rot: [Yaw: 263.1, Pitch: -34.5]
Camera Rot: [Yaw: 263.4, Pitch: -34.2]
Camera Rot: [Yaw: 263.4, Pitch: -33.9]
Camera Rot: [Yaw: 263.5, Pitch: -33.9]
Camera Rot: [Yaw: 263.5, Pitch: -33.8]
Camera Rot: [Yaw: 264.0, Pitch: -33.3]
Camera Rot: [Yaw: 264.3, Pitch: -33.0]
Camera Rot: [Yaw: 264.4, Pitch: -32.9]
Camera Rot: [Yaw: 264.7, Pitch: -32.6]
Camera Rot: [Yaw: 265.2, Pitch: -32.3]
Camera Rot: [Yaw: 265.3, Pitch: -32.1]
Camera Rot: [Yaw: 265.8, Pitch: -31.8]
Camera Rot: [Yaw: 266.1, Pitch: -31.7]
Camera Rot: [Yaw: 266.4, Pitch: -31.4]
Camera Rot: [Yaw: 266.5, Pitch: -31.4]
Camera Rot: [Yaw: 266.8, Pitch: -31.2]
Camera Rot: [Yaw: 267.1, Pitch: -30.9]
Camera Rot: [Yaw: 267.3, Pitch: -30.8]
Camera Rot: [Yaw: 267.7, Pitch: -30.5]
Camera Rot: [Yaw: 268.0, Pitch: -30.2]
Camera Rot: [Yaw: 268.3, Pitch: -30.0]
Camera Rot: [Yaw: 268.5, Pitch: -29.7]
Camera Rot: [Yaw: 268.6, Pitch: -29.6]
Camera Rot: [Yaw: 268.8, Pitch: -29.6]
Camera Rot: [Yaw: 268.9, Pitch: -29.4]
Camera Rot: [Yaw: 269.1, Pitch: -29.3]
Camera Rot: [Yaw: 269.1, Pitch: -29.1]
Camera Rot: [Yaw: 269.4, Pitch: -29.0]
Camera Rot: [Yaw: 269.5, Pitch: -28.8]
Camera Rot: [Yaw: 269.7, Pitch: -28.7]
Camera Rot: [Yaw: 269.8, Pitch: -28.7]
Camera Rot: [Yaw: 269.8, Pitch: -28.5]
Camera Rot: [Yaw: 270.0, Pitch: -28.5]
Camera Rot: [Yaw: 270.1, Pitch: -28.5]
Camera Rot: [Yaw: 270.3, Pitch: -28.5]
Camera Rot: [Yaw: 270.4, Pitch: -28.5]
Camera Rot: [Yaw: 270.4, Pitch: -28.7]
Camera Rot: [Yaw: 270.4, Pitch: -28.8]
Camera Rot: [Yaw: 270.6, Pitch: -29.0]
Camera Rot: [Yaw: 270.6, Pitch: -29.1]
Camera Rot: [Yaw: 270.6, Pitch: -29.3]
Camera Rot: [Yaw: 270.6, Pitch: -29.4]
Camera Rot: [Yaw: 270.6, Pitch: -29.6]
Camera Rot: [Yaw: 270.7, Pitch: -29.6]
Camera Rot: [Yaw: 270.6, Pitch: -29.6]
Camera Rot: [Yaw: 270.4, Pitch: -29.7]
Camera Rot: [Yaw: 270.4, Pitch: -29.9]
Camera Rot: [Yaw: 270.4, Pitch: -30.0]
Input state - W:0 S:0 A:0 D:1 RMB:1
RMB is pressed - movement enabled
CameraMovement before update: (0.114, 0, 0)
New Camera Position: (-24.47, 0.50, -23.80)
Camera Rot: [Yaw: 270.3, Pitch: -30.0]
Camera Rot: [Yaw: 270.1, Pitch: -30.0]
Camera Rot: [Yaw: 270.1, Pitch: -30.2]
Camera Rot: [Yaw: 270.3, Pitch: -30.2]
Camera Rot: [Yaw: 270.6, Pitch: -30.2]
Camera Rot: [Yaw: 270.7, Pitch: -30.2]
Camera Rot: [Yaw: 271.0, Pitch: -30.0]
Camera Rot: [Yaw: 271.3, Pitch: -30.0]
Input state - W:0 S:0 A:0 D:1 RMB:1
RMB is pressed - movement enabled
CameraMovement before update: (0.114, 0, 0)
New Camera Position: (-24.44, 0.50, -20.38)
Camera Rot: [Yaw: 271.6, Pitch: -29.9]
Camera Rot: [Yaw: 271.8, Pitch: -29.9]
Camera Rot: [Yaw: 272.7, Pitch: -29.7]
Camera Rot: [Yaw: 272.8, Pitch: -29.7]
Camera Rot: [Yaw: 273.3, Pitch: -29.6]
Camera Rot: [Yaw: 273.7, Pitch: -29.4]
Camera Rot: [Yaw: 274.5, Pitch: -29.4]
Camera Rot: [Yaw: 274.9, Pitch: -29.4]
Camera Rot: [Yaw: 275.4, Pitch: -29.4]
Camera Rot: [Yaw: 276.0, Pitch: -29.3]
Camera Rot: [Yaw: 276.3, Pitch: -29.3]
Camera Rot: [Yaw: 277.0, Pitch: -29.3]
Camera Rot: [Yaw: 277.6, Pitch: -29.3]
Camera Rot: [Yaw: 278.2, Pitch: -29.3]
Camera Rot: [Yaw: 278.4, Pitch: -29.3]
Camera Rot: [Yaw: 279.0, Pitch: -29.3]
Camera Rot: [Yaw: 279.6, Pitch: -29.3]
Camera Rot: [Yaw: 279.7, Pitch: -29.3]
Camera Rot: [Yaw: 280.5, Pitch: -29.3]
Camera Rot: [Yaw: 280.9, Pitch: -29.3]
Camera Rot: [Yaw: 281.1, Pitch: -29.3]
Camera Rot: [Yaw: 281.8, Pitch: -29.3]
Camera Rot: [Yaw: 282.6, Pitch: -29.3]
Camera Rot: [Yaw: 283.2, Pitch: -29.4]
Camera Rot: [Yaw: 283.3, Pitch: -29.4]
Camera Rot: [Yaw: 283.8, Pitch: -29.4]
Camera Rot: [Yaw: 284.4, Pitch: -29.6]
Camera Rot: [Yaw: 285.0, Pitch: -29.6]
Camera Rot: [Yaw: 285.3, Pitch: -29.7]
Camera Rot: [Yaw: 285.4, Pitch: -29.7]
Camera Rot: [Yaw: 286.0, Pitch: -29.9]
Camera Rot: [Yaw: 286.5, Pitch: -30.0]
Camera Rot: [Yaw: 286.6, Pitch: -30.0]
Camera Rot: [Yaw: 287.1, Pitch: -30.2]
Camera Rot: [Yaw: 287.8, Pitch: -30.2]
Camera Rot: [Yaw: 288.3, Pitch: -30.3]
Camera Rot: [Yaw: 288.4, Pitch: -30.3]
Camera Rot: [Yaw: 288.7, Pitch: -30.5]
Camera Rot: [Yaw: 288.9, Pitch: -30.5]
Camera Rot: [Yaw: 289.3, Pitch: -30.6]
Camera Rot: [Yaw: 289.6, Pitch: -30.6]
Camera Rot: [Yaw: 290.1, Pitch: -30.6]
Camera Rot: [Yaw: 290.5, Pitch: -30.8]
Camera Rot: [Yaw: 291.0, Pitch: -30.9]
Camera Rot: [Yaw: 291.4, Pitch: -30.9]
Camera Rot: [Yaw: 291.7, Pitch: -30.9]
Camera Rot: [Yaw: 292.2, Pitch: -31.1]
Camera Rot: [Yaw: 292.3, Pitch: -31.1]
Camera Rot: [Yaw: 292.6, Pitch: -31.1]
Camera Rot: [Yaw: 293.2, Pitch: -31.1]
Camera Rot: [Yaw: 293.7, Pitch: -31.1]
Camera Rot: [Yaw: 294.0, Pitch: -31.2]
Camera Rot: [Yaw: 294.7, Pitch: -31.2]
Camera Rot: [Yaw: 295.0, Pitch: -31.4]
Camera Rot: [Yaw: 295.8, Pitch: -31.5]
Camera Rot: [Yaw: 296.4, Pitch: -31.5]
Camera Rot: [Yaw: 296.7, Pitch: -31.7]
Camera Rot: [Yaw: 297.4, Pitch: -31.7]
Camera Rot: [Yaw: 297.9, Pitch: -31.8]
Camera Rot: [Yaw: 298.3, Pitch: -31.8]
Camera Rot: [Yaw: 298.9, Pitch: -31.8]
Camera Rot: [Yaw: 299.5, Pitch: -32.0]
Camera Rot: [Yaw: 300.0, Pitch: -32.0]
Camera Rot: [Yaw: 300.1, Pitch: -32.0]
Camera Rot: [Yaw: 300.6, Pitch: -32.0]
Camera Rot: [Yaw: 300.7, Pitch: -32.0]
Camera Rot: [Yaw: 301.2, Pitch: -32.0]
Camera Rot: [Yaw: 301.3, Pitch: -32.0]
Camera Rot: [Yaw: 301.9, Pitch: -32.0]
Camera Rot: [Yaw: 302.2, Pitch: -32.0]
Camera Rot: [Yaw: 302.7, Pitch: -32.0]
Camera Rot: [Yaw: 303.0, Pitch: -32.0]
Camera Rot: [Yaw: 303.3, Pitch: -32.0]
Camera Rot: [Yaw: 303.6, Pitch: -32.0]
Camera Rot: [Yaw: 303.9, Pitch: -32.0]
Camera Rot: [Yaw: 304.3, Pitch: -32.0]
Camera Rot: [Yaw: 304.5, Pitch: -32.0]
Camera Rot: [Yaw: 304.8, Pitch: -32.0]
Camera Rot: [Yaw: 304.9, Pitch: -32.1]
Camera Rot: [Yaw: 305.1, Pitch: -32.1]
Camera Rot: [Yaw: 305.2, Pitch: -32.1]
Camera Rot: [Yaw: 305.4, Pitch: -32.1]
Input state - W:0 S:0 A:0 D:1 RMB:1
RMB is pressed - movement enabled
CameraMovement before update: (0.114, 0, 0)
New Camera Position: (-23.00, 0.50, -17.34)
Camera Rot: [Yaw: 305.5, Pitch: -32.1]
Camera Rot: [Yaw: 305.7, Pitch: -32.1]
Camera Rot: [Yaw: 305.8, Pitch: -32.1]
Camera Rot: [Yaw: 306.0, Pitch: -32.1]
Camera Rot: [Yaw: 306.1, Pitch: -32.1]
Camera Rot: [Yaw: 306.1, Pitch: -32.3]
Camera Rot: [Yaw: 306.3, Pitch: -32.3]
Camera Rot: [Yaw: 306.4, Pitch: -32.3]
Camera Rot: [Yaw: 306.6, Pitch: -32.3]
Camera Rot: [Yaw: 306.7, Pitch: -32.3]
Camera Rot: [Yaw: 306.9, Pitch: -32.3]
Camera Rot: [Yaw: 307.0, Pitch: -32.3]
Camera Rot: [Yaw: 307.2, Pitch: -32.3]
Camera Rot: [Yaw: 307.3, Pitch: -32.3]
Camera Rot: [Yaw: 307.5, Pitch: -32.3]
Camera Rot: [Yaw: 307.6, Pitch: -32.3]
Camera Rot: [Yaw: 307.8, Pitch: -32.3]
Camera Rot: [Yaw: 307.9, Pitch: -32.3]
Camera Rot: [Yaw: 308.1, Pitch: -32.3]
Camera Rot: [Yaw: 308.2, Pitch: -32.3]
Camera Rot: [Yaw: 308.4, Pitch: -32.3]
Camera Rot: [Yaw: 308.5, Pitch: -32.3]
Camera Rot: [Yaw: 308.7, Pitch: -32.3]
Camera Rot: [Yaw: 308.8, Pitch: -32.3]
Camera Rot: [Yaw: 309.0, Pitch: -32.3]
Camera Rot: [Yaw: 309.1, Pitch: -32.3]
Camera Rot: [Yaw: 309.3, Pitch: -32.3]
Camera Rot: [Yaw: 309.6, Pitch: -32.3]
Camera Rot: [Yaw: 309.7, Pitch: -32.3]
Camera Rot: [Yaw: 309.9, Pitch: -32.3]
Camera Rot: [Yaw: 310.0, Pitch: -32.3]
Camera Rot: [Yaw: 310.3, Pitch: -32.3]
Camera Rot: [Yaw: 310.5, Pitch: -32.3]
Camera Rot: [Yaw: 310.6, Pitch: -32.3]
Camera Rot: [Yaw: 310.8, Pitch: -32.3]
Camera Rot: [Yaw: 310.9, Pitch: -32.3]
Camera Rot: [Yaw: 311.2, Pitch: -32.3]
Camera Rot: [Yaw: 311.4, Pitch: -32.3]
Camera Rot: [Yaw: 311.5, Pitch: -32.3]
Camera Rot: [Yaw: 311.7, Pitch: -32.3]
Camera Rot: [Yaw: 311.8, Pitch: -32.3]
Camera Rot: [Yaw: 312.0, Pitch: -32.3]
Camera Rot: [Yaw: 312.1, Pitch: -32.3]
Camera Rot: [Yaw: 312.3, Pitch: -32.3]
Camera Rot: [Yaw: 312.4, Pitch: -32.4]
Camera Rot: [Yaw: 312.7, Pitch: -32.4]
Camera Rot: [Yaw: 312.9, Pitch: -32.4]
Camera Rot: [Yaw: 313.0, Pitch: -32.4]
Camera Rot: [Yaw: 313.2, Pitch: -32.4]
Camera Rot: [Yaw: 313.3, Pitch: -32.4]
Camera Rot: [Yaw: 313.5, Pitch: -32.4]
Camera Rot: [Yaw: 313.6, Pitch: -32.4]
Camera Rot: [Yaw: 313.8, Pitch: -32.4]
Camera Rot: [Yaw: 314.1, Pitch: -32.4]
Camera Rot: [Yaw: 314.2, Pitch: -32.4]
Camera Rot: [Yaw: 314.4, Pitch: -32.4]
Camera Rot: [Yaw: 314.7, Pitch: -32.4]
Camera Rot: [Yaw: 314.8, Pitch: -32.4]
Camera Rot: [Yaw: 315.0, Pitch: -32.4]
Camera Rot: [Yaw: 315.1, Pitch: -32.4]
Camera Rot: [Yaw: 315.3, Pitch: -32.4]
Camera Rot: [Yaw: 315.4, Pitch: -32.4]
Camera Rot: [Yaw: 315.6, Pitch: -32.4]
Camera Rot: [Yaw: 315.7, Pitch: -32.4]
Camera Rot: [Yaw: 315.9, Pitch: -32.4]
Camera Rot: [Yaw: 316.0, Pitch: -32.4]
Camera Rot: [Yaw: 316.2, Pitch: -32.4]
Camera Rot: [Yaw: 316.5, Pitch: -32.4]
Camera Rot: [Yaw: 316.8, Pitch: -32.4]
Camera Rot: [Yaw: 316.9, Pitch: -32.4]
Camera Rot: [Yaw: 317.2, Pitch: -32.4]
Camera Rot: [Yaw: 317.5, Pitch: -32.4]
Camera Rot: [Yaw: 317.7, Pitch: -32.6]
Camera Rot: [Yaw: 318.0, Pitch: -32.6]
Camera Rot: [Yaw: 318.3, Pitch: -32.6]
Camera Rot: [Yaw: 318.4, Pitch: -32.6]
Camera Rot: [Yaw: 318.7, Pitch: -32.6]
Camera Rot: [Yaw: 319.0, Pitch: -32.6]
Camera Rot: [Yaw: 319.3, Pitch: -32.6]
Camera Rot: [Yaw: 319.5, Pitch: -32.6]
Camera Rot: [Yaw: 319.6, Pitch: -32.6]
Camera Rot: [Yaw: 319.8, Pitch: -32.6]
Camera Rot: [Yaw: 319.9, Pitch: -32.6]
Camera Rot: [Yaw: 320.2, Pitch: -32.6]
Camera Rot: [Yaw: 320.4, Pitch: -32.6]
Camera Rot: [Yaw: 320.5, Pitch: -32.6]
Camera Rot: [Yaw: 320.7, Pitch: -32.6]
Camera Rot: [Yaw: 320.8, Pitch: -32.6]
Camera Rot: [Yaw: 321.0, Pitch: -32.6]
Camera Rot: [Yaw: 321.1, Pitch: -32.6]
Camera Rot: [Yaw: 321.4, Pitch: -32.6]
Camera Rot: [Yaw: 321.7, Pitch: -32.6]
Camera Rot: [Yaw: 322.0, Pitch: -32.7]
Camera Rot: [Yaw: 322.2, Pitch: -32.7]
Camera Rot: [Yaw: 322.3, Pitch: -32.7]
Camera Rot: [Yaw: 322.6, Pitch: -32.7]
Camera Rot: [Yaw: 322.9, Pitch: -32.7]
Camera Rot: [Yaw: 323.1, Pitch: -32.7]
Camera Rot: [Yaw: 323.2, Pitch: -32.7]
Camera Rot: [Yaw: 323.5, Pitch: -32.7]
Camera Rot: [Yaw: 323.7, Pitch: -32.7]
Camera Rot: [Yaw: 323.8, Pitch: -32.7]
Camera Rot: [Yaw: 324.0, Pitch: -32.7]
Camera Rot: [Yaw: 324.1, Pitch: -32.7]
Camera Rot: [Yaw: 324.3, Pitch: -32.7]
Camera Rot: [Yaw: 324.4, Pitch: -32.7]
Camera Rot: [Yaw: 324.6, Pitch: -32.7]
Input state - W:0 S:0 A:0 D:1 RMB:1
RMB is pressed - movement enabled
CameraMovement before update: (0.114, 0, 0)
New Camera Position: (-22.25, 0.50, -13.43)
Camera Rot: [Yaw: 324.7, Pitch: -32.7]
Camera Rot: [Yaw: 324.9, Pitch: -32.7]
Camera Rot: [Yaw: 325.0, Pitch: -32.7]
Camera Rot: [Yaw: 325.2, Pitch: -32.7]
Camera Rot: [Yaw: 325.2, Pitch: -32.9]
Camera Rot: [Yaw: 325.3, Pitch: -32.9]
Camera Rot: [Yaw: 325.5, Pitch: -32.9]
Camera Rot: [Yaw: 325.6, Pitch: -32.9]
Camera Rot: [Yaw: 325.8, Pitch: -33.0]
Input state - W:0 S:1 A:0 D:1 RMB:1
RMB is pressed - movement enabled
CameraMovement before update: (0.114, 0, -0.114)
New Camera Position: (-20.71, 0.50, -9.61)
Camera Rot: [Yaw: 325.9, Pitch: -33.0]
Camera Rot: [Yaw: 326.1, Pitch: -33.0]
Camera Rot: [Yaw: 326.2, Pitch: -33.0]
Camera Rot: [Yaw: 326.4, Pitch: -33.0]
Camera Rot: [Yaw: 326.5, Pitch: -33.0]
Camera Rot: [Yaw: 326.7, Pitch: -33.0]
Camera Rot: [Yaw: 326.8, Pitch: -33.0]
Camera Rot: [Yaw: 327.0, Pitch: -33.0]
Camera Rot: [Yaw: 327.1, Pitch: -33.0]
Camera Rot: [Yaw: 327.3, Pitch: -33.0]
Camera Rot: [Yaw: 327.4, Pitch: -33.0]
Camera Rot: [Yaw: 327.6, Pitch: -33.0]
Camera Rot: [Yaw: 327.7, Pitch: -33.0]
Camera Rot: [Yaw: 327.9, Pitch: -33.0]
Camera Rot: [Yaw: 328.0, Pitch: -33.0]
Camera Rot: [Yaw: 328.2, Pitch: -33.0]
Camera Rot: [Yaw: 328.3, Pitch: -33.0]
Camera Rot: [Yaw: 328.5, Pitch: -33.0]
Camera Rot: [Yaw: 328.6, Pitch: -33.0]
Camera Rot: [Yaw: 328.6, Pitch: -32.9]
Camera Rot: [Yaw: 328.8, Pitch: -32.9]
Camera Rot: [Yaw: 328.9, Pitch: -32.9]
Camera Rot: [Yaw: 329.1, Pitch: -32.9]
Camera Rot: [Yaw: 329.2, Pitch: -32.9]
Camera Rot: [Yaw: 329.4, Pitch: -32.9]
Camera Rot: [Yaw: 329.5, Pitch: -32.9]
Camera Rot: [Yaw: 329.5, Pitch: -32.7]
Camera Rot: [Yaw: 329.8, Pitch: -32.7]
Camera Rot: [Yaw: 330.0, Pitch: -32.7]
Camera Rot: [Yaw: 330.1, Pitch: -32.6]
Camera Rot: [Yaw: 330.4, Pitch: -32.6]
Camera Rot: [Yaw: 330.6, Pitch: -32.6]
Camera Rot: [Yaw: 330.6, Pitch: -32.4]
Camera Rot: [Yaw: 330.9, Pitch: -32.4]
Camera Rot: [Yaw: 331.0, Pitch: -32.4]
Camera Rot: [Yaw: 331.3, Pitch: -32.3]
Camera Rot: [Yaw: 331.6, Pitch: -32.3]
Camera Rot: [Yaw: 331.8, Pitch: -32.3]
Input state - W:0 S:0 A:0 D:1 RMB:1
RMB is pressed - movement enabled
CameraMovement before update: (0.114, 0, 0)
New Camera Position: (-17.86, 0.50, -7.72)
Camera Rot: [Yaw: 331.9, Pitch: -32.3]
Camera Rot: [Yaw: 332.1, Pitch: -32.1]
Camera Rot: [Yaw: 332.2, Pitch: -32.1]
Camera Rot: [Yaw: 332.4, Pitch: -32.1]
Camera Rot: [Yaw: 332.5, Pitch: -32.1]
Camera Rot: [Yaw: 332.7, Pitch: -32.1]
Camera Rot: [Yaw: 332.8, Pitch: -32.1]
Camera Rot: [Yaw: 332.8, Pitch: -32.0]
Camera Rot: [Yaw: 333.0, Pitch: -32.0]
Camera Rot: [Yaw: 333.1, Pitch: -32.0]
Camera Rot: [Yaw: 333.3, Pitch: -32.0]
Camera Rot: [Yaw: 333.3, Pitch: -31.8]
Camera Rot: [Yaw: 333.4, Pitch: -31.8]
Camera Rot: [Yaw: 333.6, Pitch: -31.8]
Camera Rot: [Yaw: 333.7, Pitch: -31.7]
Camera Rot: [Yaw: 333.9, Pitch: -31.7]
Camera Rot: [Yaw: 334.0, Pitch: -31.7]
Camera Rot: [Yaw: 334.2, Pitch: -31.7]
Camera Rot: [Yaw: 334.2, Pitch: -31.5]
Camera Rot: [Yaw: 334.3, Pitch: -31.5]
Camera Rot: [Yaw: 334.5, Pitch: -31.5]
Camera Rot: [Yaw: 334.6, Pitch: -31.5]
Camera Rot: [Yaw: 334.8, Pitch: -31.5]
Camera Rot: [Yaw: 334.9, Pitch: -31.4]
Camera Rot: [Yaw: 335.1, Pitch: -31.4]
Camera Rot: [Yaw: 335.2, Pitch: -31.4]
Input state - W:1 S:0 A:0 D:1 RMB:1
RMB is pressed - movement enabled
CameraMovement before update: (0.114, 0, 0.114)
New Camera Position: (-14.05, 0.50, -7.82)
Camera Rot: [Yaw: 335.4, Pitch: -31.4]
Camera Rot: [Yaw: 335.5, Pitch: -31.4]
Camera Rot: [Yaw: 335.7, Pitch: -31.4]
Camera Rot: [Yaw: 335.8, Pitch: -31.4]
Camera Rot: [Yaw: 336.0, Pitch: -31.4]
Camera Rot: [Yaw: 336.0, Pitch: -31.2]
Camera Rot: [Yaw: 336.1, Pitch: -31.2]
Camera Rot: [Yaw: 336.3, Pitch: -31.2]
Camera Rot: [Yaw: 336.4, Pitch: -31.2]
Camera Rot: [Yaw: 336.6, Pitch: -31.2]
Camera Rot: [Yaw: 336.7, Pitch: -31.2]
Input state - W:1 S:0 A:0 D:1 RMB:1
RMB is pressed - movement enabled
CameraMovement before update: (0.114, 0, 0.114)
New Camera Position: (-9.55, 0.50, -9.58)
Camera Rot: [Yaw: 336.9, Pitch: -31.2]
Camera Rot: [Yaw: 337.0, Pitch: -31.2]
Camera Rot: [Yaw: 337.2, Pitch: -31.2]
Camera Rot: [Yaw: 337.3, Pitch: -31.2]
Camera Rot: [Yaw: 337.5, Pitch: -31.2]
Camera Rot: [Yaw: 337.6, Pitch: -31.2]
Camera Rot: [Yaw: 337.8, Pitch: -31.2]
Camera Rot: [Yaw: 337.8, Pitch: -31.4]
Camera Rot: [Yaw: 337.9, Pitch: -31.4]
Camera Rot: [Yaw: 338.1, Pitch: -31.4]
Camera Rot: [Yaw: 338.2, Pitch: -31.4]
Camera Rot: [Yaw: 338.4, Pitch: -31.4]
Camera Rot: [Yaw: 338.5, Pitch: -31.4]
Camera Rot: [Yaw: 338.5, Pitch: -31.5]
Camera Rot: [Yaw: 338.7, Pitch: -31.5]
Camera Rot: [Yaw: 338.8, Pitch: -31.5]
Camera Rot: [Yaw: 339.0, Pitch: -31.5]
Camera Rot: [Yaw: 339.1, Pitch: -31.7]
Camera Rot: [Yaw: 339.3, Pitch: -31.7]
Camera Rot: [Yaw: 339.4, Pitch: -31.7]
Camera Rot: [Yaw: 339.6, Pitch: -31.7]
Camera Rot: [Yaw: 339.7, Pitch: -31.7]
Camera Rot: [Yaw: 339.9, Pitch: -31.7]
Camera Rot: [Yaw: 340.0, Pitch: -31.7]
Camera Rot: [Yaw: 340.2, Pitch: -31.8]
Camera Rot: [Yaw: 340.3, Pitch: -31.8]
Camera Rot: [Yaw: 340.5, Pitch: -31.8]
Camera Rot: [Yaw: 340.6, Pitch: -31.8]
Camera Rot: [Yaw: 340.8, Pitch: -31.8]
Camera Rot: [Yaw: 340.9, Pitch: -31.8]
Camera Rot: [Yaw: 341.1, Pitch: -31.8]
Camera Rot: [Yaw: 341.2, Pitch: -32.0]
Camera Rot: [Yaw: 341.4, Pitch: -32.0]
Camera Rot: [Yaw: 341.5, Pitch: -32.0]
Camera Rot: [Yaw: 341.7, Pitch: -32.0]
Camera Rot: [Yaw: 341.8, Pitch: -32.0]
Camera Rot: [Yaw: 342.0, Pitch: -32.0]
Input state - W:0 S:0 A:0 D:1 RMB:1
RMB is pressed - movement enabled
CameraMovement before update: (0.114, 0, 0)
New Camera Position: (-6.23, 0.50, -8.64)
Camera Rot: [Yaw: 342.1, Pitch: -32.0]
Camera Rot: [Yaw: 342.3, Pitch: -32.0]
Camera Rot: [Yaw: 342.4, Pitch: -32.0]
Camera Rot: [Yaw: 342.6, Pitch: -32.1]
Camera Rot: [Yaw: 342.7, Pitch: -32.1]
Camera Rot: [Yaw: 342.9, Pitch: -32.1]
Camera Rot: [Yaw: 343.0, Pitch: -32.1]
Camera Rot: [Yaw: 343.2, Pitch: -32.1]
Camera Rot: [Yaw: 343.3, Pitch: -32.1]
Camera Rot: [Yaw: 343.5, Pitch: -32.1]
Camera Rot: [Yaw: 343.6, Pitch: -32.1]
Camera Rot: [Yaw: 343.6, Pitch: -32.3]
Camera Rot: [Yaw: 343.8, Pitch: -32.3]
Camera Rot: [Yaw: 343.9, Pitch: -32.3]
Camera Rot: [Yaw: 344.1, Pitch: -32.3]
Camera Rot: [Yaw: 344.2, Pitch: -32.3]
Camera Rot: [Yaw: 344.2, Pitch: -32.4]
Camera Rot: [Yaw: 344.4, Pitch: -32.4]
Camera Rot: [Yaw: 344.5, Pitch: -32.4]
Camera Rot: [Yaw: 344.7, Pitch: -32.4]
Camera Rot: [Yaw: 344.7, Pitch: -32.6]
Camera Rot: [Yaw: 344.8, Pitch: -32.6]
Camera Rot: [Yaw: 345.0, Pitch: -32.6]
Camera Rot: [Yaw: 345.0, Pitch: -32.7]
Camera Rot: [Yaw: 345.1, Pitch: -32.7]
Camera Rot: [Yaw: 345.3, Pitch: -32.7]
Camera Rot: [Yaw: 345.4, Pitch: -32.7]
Camera Rot: [Yaw: 345.6, Pitch: -32.7]
Camera Rot: [Yaw: 345.7, Pitch: -32.7]
Camera Rot: [Yaw: 345.7, Pitch: -32.9]
Camera Rot: [Yaw: 345.9, Pitch: -32.9]
Camera Rot: [Yaw: 346.0, Pitch: -32.9]
Camera Rot: [Yaw: 346.2, Pitch: -32.9]
Camera Rot: [Yaw: 346.3, Pitch: -32.9]
Camera Rot: [Yaw: 346.3, Pitch: -33.0]
Camera Rot: [Yaw: 346.5, Pitch: -33.0]
Camera Rot: [Yaw: 346.6, Pitch: -33.0]
Input state - W:0 S:0 A:0 D:1 RMB:1
RMB is pressed - movement enabled
CameraMovement before update: (0.114, 0, 0)
New Camera Position: (-2.94, 0.50, -7.74)
Camera Rot: [Yaw: 346.8, Pitch: -33.0]
Camera Rot: [Yaw: 346.9, Pitch: -33.0]
Camera Rot: [Yaw: 347.1, Pitch: -33.0]
Camera Rot: [Yaw: 347.2, Pitch: -33.0]
Camera Rot: [Yaw: 347.2, Pitch: -33.2]
Camera Rot: [Yaw: 347.4, Pitch: -33.2]
Camera Rot: [Yaw: 347.5, Pitch: -33.2]
Camera Rot: [Yaw: 347.7, Pitch: -33.2]
Camera Rot: [Yaw: 347.8, Pitch: -33.2]
Camera Rot: [Yaw: 348.0, Pitch: -33.2]
Camera Rot: [Yaw: 348.0, Pitch: -33.3]
Camera Rot: [Yaw: 348.1, Pitch: -33.3]
Camera Rot: [Yaw: 348.3, Pitch: -33.3]
Camera Rot: [Yaw: 348.4, Pitch: -33.3]
Camera Rot: [Yaw: 348.6, Pitch: -33.3]
Camera Rot: [Yaw: 348.7, Pitch: -33.3]
Camera Rot: [Yaw: 348.9, Pitch: -33.3]
Camera Rot: [Yaw: 349.0, Pitch: -33.5]
Camera Rot: [Yaw: 349.2, Pitch: -33.5]
Camera Rot: [Yaw: 349.3, Pitch: -33.5]
Camera Rot: [Yaw: 349.5, Pitch: -33.5]
Camera Rot: [Yaw: 349.6, Pitch: -33.5]
Camera Rot: [Yaw: 349.8, Pitch: -33.5]
Camera Rot: [Yaw: 349.9, Pitch: -33.5]
Camera Rot: [Yaw: 350.2, Pitch: -33.5]
Camera Rot: [Yaw: 350.2, Pitch: -33.6]
Camera Rot: [Yaw: 350.4, Pitch: -33.6]
Camera Rot: [Yaw: 350.5, Pitch: -33.6]
Camera Rot: [Yaw: 350.7, Pitch: -33.6]
Camera Rot: [Yaw: 350.8, Pitch: -33.6]
Camera Rot: [Yaw: 351.0, Pitch: -33.6]
Camera Rot: [Yaw: 351.1, Pitch: -33.6]
Camera Rot: [Yaw: 351.3, Pitch: -33.6]
Camera Rot: [Yaw: 351.4, Pitch: -33.6]
Camera Rot: [Yaw: 351.6, Pitch: -33.6]
Camera Rot: [Yaw: 351.7, Pitch: -33.6]
Camera Rot: [Yaw: 351.9, Pitch: -33.6]
Camera Rot: [Yaw: 352.0, Pitch: -33.6]
Camera Rot: [Yaw: 352.2, Pitch: -33.6]
Camera Rot: [Yaw: 352.3, Pitch: -33.6]
Camera Rot: [Yaw: 352.5, Pitch: -33.6]
Camera Rot: [Yaw: 352.5, Pitch: -33.8]
Camera Rot: [Yaw: 352.6, Pitch: -33.8]
Camera Rot: [Yaw: 352.8, Pitch: -33.8]
Camera Rot: [Yaw: 352.9, Pitch: -33.8]
Camera Rot: [Yaw: 353.1, Pitch: -33.8]
Input state - W:1 S:0 A:0 D:1 RMB:1
RMB is pressed - movement enabled
CameraMovement before update: (0.114, 0, 0.114)
New Camera Position: (0.81, 0.50, -9.33)
Camera Rot: [Yaw: 353.1, Pitch: -33.9]
Camera Rot: [Yaw: 353.2, Pitch: -33.9]
Camera Rot: [Yaw: 353.4, Pitch: -33.9]
Camera Rot: [Yaw: 353.5, Pitch: -33.9]
Camera Rot: [Yaw: 353.7, Pitch: -33.9]
Camera Rot: [Yaw: 353.8, Pitch: -33.9]
Camera Rot: [Yaw: 354.0, Pitch: -33.9]
Camera Rot: [Yaw: 354.0, Pitch: -34.1]
Camera Rot: [Yaw: 354.1, Pitch: -34.1]
Camera Rot: [Yaw: 354.3, Pitch: -34.1]
Camera Rot: [Yaw: 354.4, Pitch: -34.1]
Camera Rot: [Yaw: 354.6, Pitch: -34.1]
Camera Rot: [Yaw: 354.7, Pitch: -34.1]
Camera Rot: [Yaw: 354.7, Pitch: -34.2]
Camera Rot: [Yaw: 354.9, Pitch: -34.2]
Camera Rot: [Yaw: 355.0, Pitch: -34.2]
Camera Rot: [Yaw: 355.2, Pitch: -34.2]
Camera Rot: [Yaw: 355.2, Pitch: -34.4]
Camera Rot: [Yaw: 355.3, Pitch: -34.4]
Camera Rot: [Yaw: 355.5, Pitch: -34.4]
Camera Rot: [Yaw: 355.6, Pitch: -34.4]
Camera Rot: [Yaw: 355.8, Pitch: -34.5]
Camera Rot: [Yaw: 355.9, Pitch: -34.5]
Camera Rot: [Yaw: 356.1, Pitch: -34.5]
Camera Rot: [Yaw: 356.2, Pitch: -34.5]
Camera Rot: [Yaw: 356.4, Pitch: -34.5]
Camera Rot: [Yaw: 356.5, Pitch: -34.5]
Camera Rot: [Yaw: 356.7, Pitch: -34.7]
Camera Rot: [Yaw: 356.8, Pitch: -34.7]
Camera Rot: [Yaw: 357.0, Pitch: -34.7]
Camera Rot: [Yaw: 357.1, Pitch: -34.8]
Camera Rot: [Yaw: 357.3, Pitch: -34.8]
Camera Rot: [Yaw: 357.4, Pitch: -34.8]
Camera Rot: [Yaw: 357.6, Pitch: -35.0]
Camera Rot: [Yaw: 357.7, Pitch: -35.0]
Camera Rot: [Yaw: 358.0, Pitch: -35.0]
Camera Rot: [Yaw: 358.2, Pitch: -35.0]
Camera Rot: [Yaw: 358.3, Pitch: -35.1]
Camera Rot: [Yaw: 358.5, Pitch: -35.1]
Camera Rot: [Yaw: 358.6, Pitch: -35.1]
Camera Rot: [Yaw: 358.6, Pitch: -35.3]
Camera Rot: [Yaw: 358.8, Pitch: -35.3]
Camera Rot: [Yaw: 358.9, Pitch: -35.3]
Camera Rot: [Yaw: 359.1, Pitch: -35.3]
Camera Rot: [Yaw: 359.2, Pitch: -35.3]
Camera Rot: [Yaw: 359.4, Pitch: -35.3]
Camera Rot: [Yaw: 359.4, Pitch: -35.4]
Camera Rot: [Yaw: 359.5, Pitch: -35.4]
Camera Rot: [Yaw: 359.7, Pitch: -35.4]
Camera Rot: [Yaw: 359.8, Pitch: -35.4]
Camera Rot: [Yaw: 360.0, Pitch: -35.4]
Camera Rot: [Yaw: 360.1, Pitch: -35.4]
Camera Rot: [Yaw: 360.3, Pitch: -35.4]
Camera Rot: [Yaw: 360.4, Pitch: -35.4]
Camera Rot: [Yaw: 360.4, Pitch: -35.6]
Camera Rot: [Yaw: 360.6, Pitch: -35.6]
Camera Rot: [Yaw: 360.7, Pitch: -35.6]
Camera Rot: [Yaw: 360.9, Pitch: -35.6]
Camera Rot: [Yaw: 361.0, Pitch: -35.6]
Camera Rot: [Yaw: 361.2, Pitch: -35.6]
Camera Rot: [Yaw: 361.2, Pitch: -35.7]
Camera Rot: [Yaw: 361.3, Pitch: -35.7]
Camera Rot: [Yaw: 361.5, Pitch: -35.7]
Camera Rot: [Yaw: 361.6, Pitch: -35.7]
Camera Rot: [Yaw: 361.8, Pitch: -35.7]
Camera Rot: [Yaw: 361.9, Pitch: -35.7]
Camera Rot: [Yaw: 361.9, Pitch: -35.9]
Camera Rot: [Yaw: 362.1, Pitch: -35.9]
Camera Rot: [Yaw: 362.2, Pitch: -35.9]
Camera Rot: [Yaw: 362.4, Pitch: -35.9]
Camera Rot: [Yaw: 362.5, Pitch: -35.9]
Camera Rot: [Yaw: 362.7, Pitch: -35.9]
Camera Rot: [Yaw: 362.8, Pitch: -35.9]
Camera Rot: [Yaw: 363.0, Pitch: -35.9]
Camera Rot: [Yaw: 363.0, Pitch: -36.0]
Camera Rot: [Yaw: 363.1, Pitch: -36.0]
Camera Rot: [Yaw: 363.3, Pitch: -36.0]
Camera Rot: [Yaw: 363.4, Pitch: -36.0]
Camera Rot: [Yaw: 363.6, Pitch: -36.0]
Camera Rot: [Yaw: 363.9, Pitch: -36.0]
Camera Rot: [Yaw: 363.9, Pitch: -36.2]
Camera Rot: [Yaw: 364.0, Pitch: -36.2]
Input state - W:0 S:0 A:0 D:1 RMB:1
RMB is pressed - movement enabled
CameraMovement before update: (0.114, 0, 0)
New Camera Position: (4.30, 0.50, -10.06)
Camera Rot: [Yaw: 364.2, Pitch: -36.2]
Camera Rot: [Yaw: 364.3, Pitch: -36.2]
Camera Rot: [Yaw: 364.5, Pitch: -36.2]
Camera Rot: [Yaw: 364.6, Pitch: -36.2]
Camera Rot: [Yaw: 364.8, Pitch: -36.2]
Camera Rot: [Yaw: 364.9, Pitch: -36.2]
Camera Rot: [Yaw: 365.1, Pitch: -36.2]
Camera Rot: [Yaw: 365.2, Pitch: -36.2]
Camera Rot: [Yaw: 365.2, Pitch: -36.3]
Camera Rot: [Yaw: 365.4, Pitch: -36.3]
Camera Rot: [Yaw: 365.5, Pitch: -36.3]
Camera Rot: [Yaw: 365.7, Pitch: -36.3]
Camera Rot: [Yaw: 365.8, Pitch: -36.3]
Camera Rot: [Yaw: 366.0, Pitch: -36.3]
Camera Rot: [Yaw: 366.1, Pitch: -36.3]
Camera Rot: [Yaw: 366.3, Pitch: -36.3]
Camera Rot: [Yaw: 366.4, Pitch: -36.3]
Camera Rot: [Yaw: 366.6, Pitch: -36.3]
Camera Rot: [Yaw: 366.7, Pitch: -36.3]
Camera Rot: [Yaw: 366.9, Pitch: -36.3]
Camera Rot: [Yaw: 367.0, Pitch: -36.3]
Camera Rot: [Yaw: 367.2, Pitch: -36.3]
Camera Rot: [Yaw: 367.3, Pitch: -36.3]
Camera Rot: [Yaw: 367.5, Pitch: -36.3]
Camera Rot: [Yaw: 367.6, Pitch: -36.3]
Camera Rot: [Yaw: 367.8, Pitch: -36.3]
Camera Rot: [Yaw: 367.9, Pitch: -36.3]
Camera Rot: [Yaw: 368.1, Pitch: -36.3]
Camera Rot: [Yaw: 368.2, Pitch: -36.3]
Camera Rot: [Yaw: 368.4, Pitch: -36.3]
Camera Rot: [Yaw: 368.5, Pitch: -36.3]
Camera Rot: [Yaw: 368.7, Pitch: -36.3]
Camera Rot: [Yaw: 368.8, Pitch: -36.3]
Camera Rot: [Yaw: 369.0, Pitch: -36.3]
Camera Rot: [Yaw: 369.1, Pitch: -36.3]
Camera Rot: [Yaw: 369.3, Pitch: -36.3]
Camera Rot: [Yaw: 369.4, Pitch: -36.3]
Camera Rot: [Yaw: 369.6, Pitch: -36.3]
Camera Rot: [Yaw: 369.7, Pitch: -36.3]
Camera Rot: [Yaw: 369.9, Pitch: -36.3]
Camera Rot: [Yaw: 370.0, Pitch: -36.3]
Camera Rot: [Yaw: 370.2, Pitch: -36.3]
Camera Rot: [Yaw: 370.3, Pitch: -36.3]
Camera Rot: [Yaw: 370.5, Pitch: -36.3]
Camera Rot: [Yaw: 370.8, Pitch: -36.3]
Camera Rot: [Yaw: 370.9, Pitch: -36.3]
Camera Rot: [Yaw: 371.1, Pitch: -36.3]
Camera Rot: [Yaw: 371.2, Pitch: -36.3]
Camera Rot: [Yaw: 371.4, Pitch: -36.3]
Camera Rot: [Yaw: 371.7, Pitch: -36.3]
Camera Rot: [Yaw: 371.8, Pitch: -36.3]
Camera Rot: [Yaw: 372.0, Pitch: -36.3]
Camera Rot: [Yaw: 372.1, Pitch: -36.3]
Camera Rot: [Yaw: 372.3, Pitch: -36.3]
Camera Rot: [Yaw: 372.4, Pitch: -36.3]
Camera Rot: [Yaw: 372.6, Pitch: -36.3]
Camera Rot: [Yaw: 372.7, Pitch: -36.3]
Camera Rot: [Yaw: 372.9, Pitch: -36.3]
Camera Rot: [Yaw: 373.0, Pitch: -36.3]
Camera Rot: [Yaw: 373.2, Pitch: -36.3]
Camera Rot: [Yaw: 373.3, Pitch: -36.3]
Camera Rot: [Yaw: 373.5, Pitch: -36.3]
Camera Rot: [Yaw: 373.6, Pitch: -36.3]
Camera Rot: [Yaw: 373.8, Pitch: -36.3]
Camera Rot: [Yaw: 373.9, Pitch: -36.3]
Camera Rot: [Yaw: 374.1, Pitch: -36.3]
Camera Rot: [Yaw: 374.2, Pitch: -36.3]
Camera Rot: [Yaw: 374.4, Pitch: -36.3]
Camera Rot: [Yaw: 374.5, Pitch: -36.3]
Camera Rot: [Yaw: 374.7, Pitch: -36.3]
Camera Rot: [Yaw: 374.8, Pitch: -36.3]
Camera Rot: [Yaw: 375.1, Pitch: -36.3]
Camera Rot: [Yaw: 375.3, Pitch: -36.3]
Camera Rot: [Yaw: 375.4, Pitch: -36.3]
Input state - W:0 S:0 A:0 D:1 RMB:1
RMB is pressed - movement enabled
CameraMovement before update: (0.114, 0, 0)
New Camera Position: (7.67, 0.50, -10.61)
Camera Rot: [Yaw: 375.6, Pitch: -36.3]
Camera Rot: [Yaw: 375.9, Pitch: -36.3]
Camera Rot: [Yaw: 376.0, Pitch: -36.3]
Camera Rot: [Yaw: 376.2, Pitch: -36.3]
Camera Rot: [Yaw: 376.3, Pitch: -36.3]
Camera Rot: [Yaw: 376.5, Pitch: -36.5]
Camera Rot: [Yaw: 376.6, Pitch: -36.5]
Camera Rot: [Yaw: 376.8, Pitch: -36.5]
Camera Rot: [Yaw: 376.9, Pitch: -36.5]
Camera Rot: [Yaw: 377.1, Pitch: -36.5]
Camera Rot: [Yaw: 377.2, Pitch: -36.5]
Camera Rot: [Yaw: 377.4, Pitch: -36.5]
Camera Rot: [Yaw: 377.5, Pitch: -36.5]
Camera Rot: [Yaw: 377.7, Pitch: -36.5]
Camera Rot: [Yaw: 377.8, Pitch: -36.5]
Camera Rot: [Yaw: 378.0, Pitch: -36.5]
Camera Rot: [Yaw: 378.1, Pitch: -36.5]
Camera Rot: [Yaw: 378.3, Pitch: -36.5]
Camera Rot: [Yaw: 378.4, Pitch: -36.5]
Camera Rot: [Yaw: 378.6, Pitch: -36.5]
Camera Rot: [Yaw: 378.7, Pitch: -36.5]
Camera Rot: [Yaw: 378.7, Pitch: -36.6]
Camera Rot: [Yaw: 378.9, Pitch: -36.6]
Camera Rot: [Yaw: 379.0, Pitch: -36.6]
Camera Rot: [Yaw: 379.2, Pitch: -36.6]
Camera Rot: [Yaw: 379.3, Pitch: -36.6]
Camera Rot: [Yaw: 379.5, Pitch: -36.6]
Camera Rot: [Yaw: 379.6, Pitch: -36.6]
Camera Rot: [Yaw: 379.8, Pitch: -36.6]
Camera Rot: [Yaw: 379.9, Pitch: -36.6]
Camera Rot: [Yaw: 380.1, Pitch: -36.6]
Camera Rot: [Yaw: 380.2, Pitch: -36.6]
Camera Rot: [Yaw: 380.4, Pitch: -36.6]
Camera Rot: [Yaw: 380.5, Pitch: -36.6]
Camera Rot: [Yaw: 380.7, Pitch: -36.6]
Camera Rot: [Yaw: 380.7, Pitch: -36.8]
Camera Rot: [Yaw: 380.8, Pitch: -36.8]
Camera Rot: [Yaw: 381.0, Pitch: -36.8]
Camera Rot: [Yaw: 381.1, Pitch: -36.8]
Camera Rot: [Yaw: 381.3, Pitch: -36.8]
Camera Rot: [Yaw: 381.4, Pitch: -36.8]
Camera Rot: [Yaw: 381.6, Pitch: -36.8]
Camera Rot: [Yaw: 381.7, Pitch: -36.8]
Camera Rot: [Yaw: 381.9, Pitch: -36.8]
Camera Rot: [Yaw: 382.0, Pitch: -36.8]
Camera Rot: [Yaw: 382.2, Pitch: -36.8]
Camera Rot: [Yaw: 382.3, Pitch: -36.8]
Camera Rot: [Yaw: 382.5, Pitch: -36.9]
Camera Rot: [Yaw: 382.6, Pitch: -36.9]
Camera Rot: [Yaw: 382.8, Pitch: -36.9]
Camera Rot: [Yaw: 382.9, Pitch: -36.9]
Camera Rot: [Yaw: 383.1, Pitch: -36.9]
Camera Rot: [Yaw: 383.4, Pitch: -37.1]
Camera Rot: [Yaw: 383.5, Pitch: -37.1]
Camera Rot: [Yaw: 383.8, Pitch: -37.1]
Camera Rot: [Yaw: 384.1, Pitch: -37.1]
Camera Rot: [Yaw: 384.4, Pitch: -37.1]
Camera Rot: [Yaw: 384.7, Pitch: -37.1]
Camera Rot: [Yaw: 385.0, Pitch: -37.1]
Camera Rot: [Yaw: 385.2, Pitch: -37.1]
Camera Rot: [Yaw: 385.3, Pitch: -37.1]
Camera Rot: [Yaw: 385.5, Pitch: -37.1]
Camera Rot: [Yaw: 385.6, Pitch: -37.1]
Camera Rot: [Yaw: 385.9, Pitch: -37.1]
Camera Rot: [Yaw: 386.1, Pitch: -37.1]
Camera Rot: [Yaw: 386.4, Pitch: -37.1]
Camera Rot: [Yaw: 386.5, Pitch: -37.1]
Camera Rot: [Yaw: 386.7, Pitch: -37.2]
Camera Rot: [Yaw: 386.8, Pitch: -37.2]
Camera Rot: [Yaw: 387.1, Pitch: -37.2]
Camera Rot: [Yaw: 387.4, Pitch: -37.2]
Camera Rot: [Yaw: 387.6, Pitch: -37.2]
Camera Rot: [Yaw: 387.9, Pitch: -37.2]
Camera Rot: [Yaw: 388.2, Pitch: -37.4]
Camera Rot: [Yaw: 388.3, Pitch: -37.4]
Camera Rot: [Yaw: 388.5, Pitch: -37.4]
Camera Rot: [Yaw: 388.6, Pitch: -37.4]
Camera Rot: [Yaw: 388.9, Pitch: -37.4]
Camera Rot: [Yaw: 389.1, Pitch: -37.4]
Camera Rot: [Yaw: 389.2, Pitch: -37.4]
Camera Rot: [Yaw: 389.5, Pitch: -37.5]
Camera Rot: [Yaw: 389.7, Pitch: -37.5]
Camera Rot: [Yaw: 389.8, Pitch: -37.5]
Camera Rot: [Yaw: 390.0, Pitch: -37.5]
Camera Rot: [Yaw: 390.1, Pitch: -37.5]
Camera Rot: [Yaw: 390.3, Pitch: -37.5]
Camera Rot: [Yaw: 390.4, Pitch: -37.5]
Camera Rot: [Yaw: 390.6, Pitch: -37.7]
Camera Rot: [Yaw: 390.7, Pitch: -37.7]
Camera Rot: [Yaw: 390.9, Pitch: -37.7]
Camera Rot: [Yaw: 391.0, Pitch: -37.7]
Camera Rot: [Yaw: 391.2, Pitch: -37.7]
Camera Rot: [Yaw: 391.3, Pitch: -37.7]
Camera Rot: [Yaw: 391.5, Pitch: -37.7]
Camera Rot: [Yaw: 391.6, Pitch: -37.7]
Camera Rot: [Yaw: 391.8, Pitch: -37.7]
Camera Rot: [Yaw: 391.9, Pitch: -37.7]
Camera Rot: [Yaw: 392.1, Pitch: -37.7]
Camera Rot: [Yaw: 392.2, Pitch: -37.8]
Camera Rot: [Yaw: 392.4, Pitch: -37.8]
Camera Rot: [Yaw: 392.5, Pitch: -37.8]
Input state - W:0 S:0 A:0 D:1 RMB:1
RMB is pressed - movement enabled
CameraMovement before update: (0.114, 0, 0)
New Camera Position: (10.78, 0.50, -11.99)
Camera Rot: [Yaw: 392.7, Pitch: -37.8]
Camera Rot: [Yaw: 392.8, Pitch: -37.8]
Camera Rot: [Yaw: 393.0, Pitch: -37.8]
Camera Rot: [Yaw: 393.1, Pitch: -37.8]
Camera Rot: [Yaw: 393.4, Pitch: -37.8]
Camera Rot: [Yaw: 393.6, Pitch: -37.8]
Camera Rot: [Yaw: 393.7, Pitch: -37.8]
Camera Rot: [Yaw: 394.0, Pitch: -37.8]
Camera Rot: [Yaw: 394.0, Pitch: -38.0]
Camera Rot: [Yaw: 394.3, Pitch: -38.0]
Camera Rot: [Yaw: 394.5, Pitch: -38.0]
Camera Rot: [Yaw: 394.8, Pitch: -38.0]
Camera Rot: [Yaw: 395.1, Pitch: -38.0]
Camera Rot: [Yaw: 395.2, Pitch: -38.0]
Camera Rot: [Yaw: 395.7, Pitch: -38.0]
Camera Rot: [Yaw: 395.8, Pitch: -38.0]
Camera Rot: [Yaw: 396.0, Pitch: -38.0]
Camera Rot: [Yaw: 396.1, Pitch: -38.0]
Camera Rot: [Yaw: 396.4, Pitch: -38.0]
Camera Rot: [Yaw: 396.7, Pitch: -38.0]
Camera Rot: [Yaw: 396.9, Pitch: -38.0]
Camera Rot: [Yaw: 397.0, Pitch: -38.0]
Camera Rot: [Yaw: 397.2, Pitch: -38.0]
Camera Rot: [Yaw: 397.3, Pitch: -38.0]
Camera Rot: [Yaw: 397.5, Pitch: -38.0]
Camera Rot: [Yaw: 397.8, Pitch: -38.0]
Camera Rot: [Yaw: 397.9, Pitch: -38.0]
Camera Rot: [Yaw: 398.1, Pitch: -38.0]
Camera Rot: [Yaw: 398.2, Pitch: -38.0]
Camera Rot: [Yaw: 398.5, Pitch: -38.0]
Camera Rot: [Yaw: 398.8, Pitch: -38.0]
Camera Rot: [Yaw: 399.0, Pitch: -38.0]
Camera Rot: [Yaw: 399.4, Pitch: -38.0]
Camera Rot: [Yaw: 399.6, Pitch: -38.0]
Camera Rot: [Yaw: 399.9, Pitch: -38.0]
Camera Rot: [Yaw: 400.3, Pitch: -38.0]
Camera Rot: [Yaw: 400.5, Pitch: -38.0]
Camera Rot: [Yaw: 400.6, Pitch: -38.0]
Camera Rot: [Yaw: 400.9, Pitch: -38.0]
Camera Rot: [Yaw: 401.2, Pitch: -38.0]
Camera Rot: [Yaw: 401.4, Pitch: -38.1]
Camera Rot: [Yaw: 401.7, Pitch: -38.1]
Camera Rot: [Yaw: 402.0, Pitch: -38.1]
Camera Rot: [Yaw: 402.1, Pitch: -38.1]
Camera Rot: [Yaw: 402.3, Pitch: -38.1]
Camera Rot: [Yaw: 402.4, Pitch: -38.1]
Camera Rot: [Yaw: 402.7, Pitch: -38.1]
Camera Rot: [Yaw: 402.9, Pitch: -38.1]
Camera Rot: [Yaw: 403.2, Pitch: -38.1]
Camera Rot: [Yaw: 403.3, Pitch: -38.1]
Camera Rot: [Yaw: 403.5, Pitch: -38.1]
Camera Rot: [Yaw: 403.6, Pitch: -38.1]
Camera Rot: [Yaw: 404.1, Pitch: -38.1]
Camera Rot: [Yaw: 404.4, Pitch: -38.3]
Camera Rot: [Yaw: 404.7, Pitch: -38.3]
Camera Rot: [Yaw: 404.8, Pitch: -38.3]
Camera Rot: [Yaw: 405.1, Pitch: -38.3]
Camera Rot: [Yaw: 405.3, Pitch: -38.3]
Camera Rot: [Yaw: 405.7, Pitch: -38.3]
Camera Rot: [Yaw: 405.9, Pitch: -38.3]
Camera Rot: [Yaw: 406.5, Pitch: -38.3]
Camera Rot: [Yaw: 406.9, Pitch: -38.4]
Camera Rot: [Yaw: 407.5, Pitch: -38.4]
Camera Rot: [Yaw: 408.1, Pitch: -38.4]
Camera Rot: [Yaw: 408.3, Pitch: -38.4]
Camera Rot: [Yaw: 408.9, Pitch: -38.4]
Camera Rot: [Yaw: 409.3, Pitch: -38.4]
Camera Rot: [Yaw: 409.8, Pitch: -38.4]
Camera Rot: [Yaw: 409.9, Pitch: -38.4]
Camera Rot: [Yaw: 410.4, Pitch: -38.4]
Camera Rot: [Yaw: 411.0, Pitch: -38.4]
Camera Rot: [Yaw: 411.6, Pitch: -38.4]
Camera Rot: [Yaw: 411.9, Pitch: -38.4]
Camera Rot: [Yaw: 412.0, Pitch: -38.4]
Camera Rot: [Yaw: 412.6, Pitch: -38.4]
Camera Rot: [Yaw: 412.9, Pitch: -38.4]
Camera Rot: [Yaw: 413.2, Pitch: -38.4]
Camera Rot: [Yaw: 413.5, Pitch: -38.4]
Camera Rot: [Yaw: 413.7, Pitch: -38.4]
Camera Rot: [Yaw: 414.1, Pitch: -38.4]
Camera Rot: [Yaw: 414.4, Pitch: -38.4]
Camera Rot: [Yaw: 414.7, Pitch: -38.4]
Camera Rot: [Yaw: 415.2, Pitch: -38.4]
Camera Rot: [Yaw: 415.3, Pitch: -38.4]
Camera Rot: [Yaw: 415.6, Pitch: -38.4]
Camera Rot: [Yaw: 415.9, Pitch: -38.4]
Camera Rot: [Yaw: 416.2, Pitch: -38.6]
Camera Rot: [Yaw: 416.5, Pitch: -38.6]
Camera Rot: [Yaw: 416.7, Pitch: -38.6]
Camera Rot: [Yaw: 417.0, Pitch: -38.6]
Camera Rot: [Yaw: 417.1, Pitch: -38.6]
Camera Rot: [Yaw: 417.3, Pitch: -38.6]
Camera Rot: [Yaw: 417.4, Pitch: -38.6]
Camera Rot: [Yaw: 417.6, Pitch: -38.6]
Camera Rot: [Yaw: 417.7, Pitch: -38.6]
Camera Rot: [Yaw: 417.9, Pitch: -38.6]
Camera Rot: [Yaw: 418.0, Pitch: -38.6]
Camera Rot: [Yaw: 418.2, Pitch: -38.6]
Camera Rot: [Yaw: 418.3, Pitch: -38.6]
Input state - W:0 S:0 A:0 D:1 RMB:1
RMB is pressed - movement enabled
CameraMovement before update: (0.114, 0, 0)
New Camera Position: (13.11, 0.50, -14.44)
Camera Rot: [Yaw: 418.5, Pitch: -38.6]
Camera Rot: [Yaw: 418.8, Pitch: -38.6]
Camera Rot: [Yaw: 418.9, Pitch: -38.6]
Camera Rot: [Yaw: 419.1, Pitch: -38.6]
Camera Rot: [Yaw: 419.2, Pitch: -38.6]
Camera Rot: [Yaw: 419.4, Pitch: -38.6]
Camera Rot: [Yaw: 419.5, Pitch: -38.6]
Camera Rot: [Yaw: 419.7, Pitch: -38.6]
Camera Rot: [Yaw: 419.8, Pitch: -38.6]
Camera Rot: [Yaw: 420.0, Pitch: -38.6]
Camera Rot: [Yaw: 420.1, Pitch: -38.6]
Camera Rot: [Yaw: 420.3, Pitch: -38.7]
Camera Rot: [Yaw: 420.4, Pitch: -38.7]
Camera Rot: [Yaw: 420.6, Pitch: -38.7]
Camera Rot: [Yaw: 420.7, Pitch: -38.7]
Camera Rot: [Yaw: 421.0, Pitch: -38.7]
Camera Rot: [Yaw: 421.3, Pitch: -38.7]
Camera Rot: [Yaw: 421.5, Pitch: -38.9]
Camera Rot: [Yaw: 421.6, Pitch: -38.9]
Camera Rot: [Yaw: 421.9, Pitch: -38.9]
Camera Rot: [Yaw: 422.1, Pitch: -38.9]
Camera Rot: [Yaw: 422.2, Pitch: -38.9]
Camera Rot: [Yaw: 422.4, Pitch: -38.9]
Camera Rot: [Yaw: 422.5, Pitch: -38.9]
Camera Rot: [Yaw: 422.7, Pitch: -38.9]
Camera Rot: [Yaw: 422.8, Pitch: -38.9]
Camera Rot: [Yaw: 423.0, Pitch: -38.9]
Camera Rot: [Yaw: 423.1, Pitch: -38.9]
Camera Rot: [Yaw: 423.3, Pitch: -38.9]
Camera Rot: [Yaw: 423.4, Pitch: -38.9]
Camera Rot: [Yaw: 423.6, Pitch: -38.9]
Camera Rot: [Yaw: 423.7, Pitch: -38.9]
Camera Rot: [Yaw: 423.9, Pitch: -38.9]
Camera Rot: [Yaw: 424.0, Pitch: -38.9]
Camera Rot: [Yaw: 424.2, Pitch: -38.9]
Camera Rot: [Yaw: 424.3, Pitch: -38.9]
Camera Rot: [Yaw: 424.5, Pitch: -38.9]
Camera Rot: [Yaw: 424.6, Pitch: -38.9]
Camera Rot: [Yaw: 424.8, Pitch: -38.9]
Camera Rot: [Yaw: 424.9, Pitch: -38.9]
Camera Rot: [Yaw: 425.1, Pitch: -39.0]
Camera Rot: [Yaw: 425.2, Pitch: -39.0]
Camera Rot: [Yaw: 425.4, Pitch: -39.0]
Camera Rot: [Yaw: 425.5, Pitch: -39.0]
Camera Rot: [Yaw: 425.7, Pitch: -39.0]
Camera Rot: [Yaw: 425.8, Pitch: -39.0]
Camera Rot: [Yaw: 426.1, Pitch: -39.0]
Camera Rot: [Yaw: 426.4, Pitch: -39.0]
Camera Rot: [Yaw: 426.7, Pitch: -39.0]
Camera Rot: [Yaw: 427.0, Pitch: -39.0]
Camera Rot: [Yaw: 427.3, Pitch: -39.2]
Camera Rot: [Yaw: 427.6, Pitch: -39.2]
Camera Rot: [Yaw: 427.9, Pitch: -39.2]
Camera Rot: [Yaw: 428.1, Pitch: -39.2]
Camera Rot: [Yaw: 428.4, Pitch: -39.2]
Camera Rot: [Yaw: 428.8, Pitch: -39.2]
Camera Rot: [Yaw: 429.3, Pitch: -39.2]
Camera Rot: [Yaw: 429.4, Pitch: -39.3]
Camera Rot: [Yaw: 429.9, Pitch: -39.3]
Camera Rot: [Yaw: 430.2, Pitch: -39.3]
Camera Rot: [Yaw: 430.5, Pitch: -39.3]
Camera Rot: [Yaw: 430.8, Pitch: -39.3]
Camera Rot: [Yaw: 430.9, Pitch: -39.3]
Camera Rot: [Yaw: 431.1, Pitch: -39.3]
Camera Rot: [Yaw: 431.2, Pitch: -39.3]
Camera Rot: [Yaw: 431.4, Pitch: -39.5]
Camera Rot: [Yaw: 431.7, Pitch: -39.5]
Camera Rot: [Yaw: 432.0, Pitch: -39.5]
Camera Rot: [Yaw: 432.1, Pitch: -39.5]
Camera Rot: [Yaw: 432.3, Pitch: -39.5]
Camera Rot: [Yaw: 432.4, Pitch: -39.5]
Camera Rot: [Yaw: 432.6, Pitch: -39.5]
Camera Rot: [Yaw: 432.7, Pitch: -39.5]
Camera Rot: [Yaw: 432.9, Pitch: -39.5]
Camera Rot: [Yaw: 433.0, Pitch: -39.5]
Camera Rot: [Yaw: 433.2, Pitch: -39.5]
Camera Rot: [Yaw: 433.3, Pitch: -39.5]
Camera Rot: [Yaw: 433.5, Pitch: -39.5]
Camera Rot: [Yaw: 433.6, Pitch: -39.5]
Camera Rot: [Yaw: 433.6, Pitch: -39.6]
Camera Rot: [Yaw: 433.8, Pitch: -39.6]
Camera Rot: [Yaw: 433.9, Pitch: -39.6]
Camera Rot: [Yaw: 434.1, Pitch: -39.6]
Camera Rot: [Yaw: 434.4, Pitch: -39.6]
Camera Rot: [Yaw: 434.5, Pitch: -39.6]
Camera Rot: [Yaw: 434.8, Pitch: -39.6]
Input state - W:0 S:0 A:0 D:1 RMB:1
RMB is pressed - movement enabled
CameraMovement before update: (0.114, 0, 0)
New Camera Position: (14.44, 0.50, -17.58)
Camera Rot: [Yaw: 435.1, Pitch: -39.6]
Camera Rot: [Yaw: 435.6, Pitch: -39.6]
Camera Rot: [Yaw: 435.9, Pitch: -39.6]
Camera Rot: [Yaw: 436.0, Pitch: -39.6]
Camera Rot: [Yaw: 436.3, Pitch: -39.6]
Camera Rot: [Yaw: 436.6, Pitch: -39.6]
Camera Rot: [Yaw: 436.8, Pitch: -39.6]
Camera Rot: [Yaw: 437.1, Pitch: -39.6]
Camera Rot: [Yaw: 437.2, Pitch: -39.6]
Camera Rot: [Yaw: 437.4, Pitch: -39.6]
Camera Rot: [Yaw: 437.7, Pitch: -39.6]
Camera Rot: [Yaw: 437.8, Pitch: -39.6]
Camera Rot: [Yaw: 438.0, Pitch: -39.6]
Camera Rot: [Yaw: 438.1, Pitch: -39.6]
Camera Rot: [Yaw: 438.3, Pitch: -39.6]
Camera Rot: [Yaw: 438.4, Pitch: -39.6]
Camera Rot: [Yaw: 438.6, Pitch: -39.6]
Camera Rot: [Yaw: 438.7, Pitch: -39.6]
Camera Rot: [Yaw: 438.9, Pitch: -39.6]
Camera Rot: [Yaw: 439.0, Pitch: -39.6]
Camera Rot: [Yaw: 439.2, Pitch: -39.8]
Camera Rot: [Yaw: 439.3, Pitch: -39.8]
Camera Rot: [Yaw: 439.6, Pitch: -39.8]
Camera Rot: [Yaw: 439.8, Pitch: -39.8]
Camera Rot: [Yaw: 439.9, Pitch: -39.8]
Camera Rot: [Yaw: 440.1, Pitch: -39.8]
Camera Rot: [Yaw: 440.4, Pitch: -39.8]
Camera Rot: [Yaw: 440.5, Pitch: -39.8]
Camera Rot: [Yaw: 440.8, Pitch: -39.8]
Camera Rot: [Yaw: 441.3, Pitch: -39.8]
Camera Rot: [Yaw: 441.6, Pitch: -39.8]
Camera Rot: [Yaw: 441.7, Pitch: -39.8]
Camera Rot: [Yaw: 442.2, Pitch: -39.8]
Camera Rot: [Yaw: 442.3, Pitch: -39.8]
Camera Rot: [Yaw: 442.8, Pitch: -39.8]
Camera Rot: [Yaw: 443.1, Pitch: -39.8]
Camera Rot: [Yaw: 443.2, Pitch: -39.8]
Camera Rot: [Yaw: 443.5, Pitch: -39.8]
Camera Rot: [Yaw: 443.7, Pitch: -39.8]
Camera Rot: [Yaw: 444.0, Pitch: -39.8]
Camera Rot: [Yaw: 444.1, Pitch: -39.8]
Camera Rot: [Yaw: 444.4, Pitch: -39.8]
Camera Rot: [Yaw: 444.7, Pitch: -39.8]
Camera Rot: [Yaw: 445.0, Pitch: -39.8]
Camera Rot: [Yaw: 445.3, Pitch: -39.8]
Camera Rot: [Yaw: 445.8, Pitch: -39.8]
Camera Rot: [Yaw: 445.9, Pitch: -39.8]
Camera Rot: [Yaw: 446.4, Pitch: -39.9]
Camera Rot: [Yaw: 447.0, Pitch: -39.9]
Camera Rot: [Yaw: 447.1, Pitch: -39.9]
Camera Rot: [Yaw: 447.7, Pitch: -40.1]
Camera Rot: [Yaw: 447.9, Pitch: -40.1]
Camera Rot: [Yaw: 448.5, Pitch: -40.1]
Camera Rot: [Yaw: 449.1, Pitch: -40.1]
Camera Rot: [Yaw: 449.7, Pitch: -40.2]
Camera Rot: [Yaw: 450.3, Pitch: -40.2]
Camera Rot: [Yaw: 450.9, Pitch: -40.2]
Camera Rot: [Yaw: 451.5, Pitch: -40.2]
Camera Rot: [Yaw: 451.6, Pitch: -40.2]
Camera Rot: [Yaw: 452.2, Pitch: -40.2]
Camera Rot: [Yaw: 452.8, Pitch: -40.2]
Camera Rot: [Yaw: 453.4, Pitch: -40.2]
Camera Rot: [Yaw: 453.7, Pitch: -40.2]
Camera Rot: [Yaw: 454.2, Pitch: -40.2]
Camera Rot: [Yaw: 454.5, Pitch: -40.2]
Camera Rot: [Yaw: 454.6, Pitch: -40.2]
Camera Rot: [Yaw: 454.9, Pitch: -40.2]
Camera Rot: [Yaw: 455.2, Pitch: -40.2]
Camera Rot: [Yaw: 455.4, Pitch: -40.2]
Camera Rot: [Yaw: 455.5, Pitch: -40.2]
Camera Rot: [Yaw: 455.7, Pitch: -40.2]
Camera Rot: [Yaw: 455.8, Pitch: -40.2]
Camera Rot: [Yaw: 455.8, Pitch: -40.4]
Camera Rot: [Yaw: 456.0, Pitch: -40.4]
Input state - W:0 S:0 A:0 D:1 RMB:1
RMB is pressed - movement enabled
CameraMovement before update: (0.114, 0, 0)
New Camera Position: (14.66, 0.50, -20.96)
Camera Rot: [Yaw: 456.3, Pitch: -40.4]
Camera Rot: [Yaw: 456.6, Pitch: -40.5]
Camera Rot: [Yaw: 457.0, Pitch: -40.5]
Camera Rot: [Yaw: 457.2, Pitch: -40.5]
Camera Rot: [Yaw: 457.5, Pitch: -40.7]
Camera Rot: [Yaw: 457.9, Pitch: -40.7]
Camera Rot: [Yaw: 458.1, Pitch: -40.7]
Camera Rot: [Yaw: 458.5, Pitch: -40.7]
Camera Rot: [Yaw: 458.8, Pitch: -40.7]
Camera Rot: [Yaw: 459.1, Pitch: -40.7]
Camera Rot: [Yaw: 459.4, Pitch: -40.7]
Camera Rot: [Yaw: 459.6, Pitch: -40.7]
Camera Rot: [Yaw: 459.7, Pitch: -40.7]
Camera Rot: [Yaw: 459.9, Pitch: -40.7]
Camera Rot: [Yaw: 460.0, Pitch: -40.7]
Camera Rot: [Yaw: 460.3, Pitch: -40.7]
Camera Rot: [Yaw: 460.6, Pitch: -40.7]
Camera Rot: [Yaw: 460.9, Pitch: -40.7]
Camera Rot: [Yaw: 461.2, Pitch: -40.7]
Camera Rot: [Yaw: 461.5, Pitch: -40.8]
Camera Rot: [Yaw: 461.7, Pitch: -40.8]
Camera Rot: [Yaw: 461.8, Pitch: -40.8]
Camera Rot: [Yaw: 462.1, Pitch: -40.8]
Camera Rot: [Yaw: 462.4, Pitch: -41.0]
Camera Rot: [Yaw: 462.6, Pitch: -41.0]
Camera Rot: [Yaw: 462.9, Pitch: -41.0]
Camera Rot: [Yaw: 463.0, Pitch: -41.0]
Camera Rot: [Yaw: 463.2, Pitch: -41.0]
Camera Rot: [Yaw: 463.3, Pitch: -41.0]
Camera Rot: [Yaw: 463.5, Pitch: -41.0]
Camera Rot: [Yaw: 463.6, Pitch: -41.0]
Camera Rot: [Yaw: 463.6, Pitch: -41.1]
Camera Rot: [Yaw: 463.8, Pitch: -41.1]
Camera Rot: [Yaw: 463.9, Pitch: -41.1]
Camera Rot: [Yaw: 464.1, Pitch: -41.1]
Camera Rot: [Yaw: 464.2, Pitch: -41.1]
Camera Rot: [Yaw: 464.4, Pitch: -41.1]
Camera Rot: [Yaw: 464.5, Pitch: -41.1]
Camera Rot: [Yaw: 464.8, Pitch: -41.3]
Camera Rot: [Yaw: 465.1, Pitch: -41.3]
Camera Rot: [Yaw: 465.3, Pitch: -41.3]
Camera Rot: [Yaw: 465.9, Pitch: -41.4]
Camera Rot: [Yaw: 466.3, Pitch: -41.4]
Camera Rot: [Yaw: 466.8, Pitch: -41.6]
Camera Rot: [Yaw: 467.5, Pitch: -41.6]
Camera Rot: [Yaw: 468.1, Pitch: -41.6]
Camera Rot: [Yaw: 469.0, Pitch: -41.6]
Camera Rot: [Yaw: 469.6, Pitch: -41.6]
Camera Rot: [Yaw: 470.2, Pitch: -41.6]
Camera Rot: [Yaw: 470.4, Pitch: -41.6]
Camera Rot: [Yaw: 471.1, Pitch: -41.6]
Camera Rot: [Yaw: 471.3, Pitch: -41.6]
Camera Rot: [Yaw: 471.7, Pitch: -41.6]
Camera Rot: [Yaw: 471.9, Pitch: -41.6]
Camera Rot: [Yaw: 472.5, Pitch: -41.6]
Camera Rot: [Yaw: 473.2, Pitch: -41.6]
Camera Rot: [Yaw: 473.8, Pitch: -41.6]
Camera Rot: [Yaw: 474.1, Pitch: -41.6]
Camera Rot: [Yaw: 474.3, Pitch: -41.6]
Camera Rot: [Yaw: 474.7, Pitch: -41.6]
Camera Rot: [Yaw: 475.0, Pitch: -41.6]
Camera Rot: [Yaw: 475.2, Pitch: -41.6]
Camera Rot: [Yaw: 475.5, Pitch: -41.6]
Camera Rot: [Yaw: 475.9, Pitch: -41.6]
Camera Rot: [Yaw: 476.2, Pitch: -41.6]
Camera Rot: [Yaw: 476.4, Pitch: -41.6]
Camera Rot: [Yaw: 476.5, Pitch: -41.6]
Camera Rot: [Yaw: 477.0, Pitch: -41.6]
Camera Rot: [Yaw: 477.6, Pitch: -41.7]
Camera Rot: [Yaw: 477.9, Pitch: -41.7]
Camera Rot: [Yaw: 478.5, Pitch: -41.9]
Camera Rot: [Yaw: 478.9, Pitch: -41.9]
Camera Rot: [Yaw: 479.4, Pitch: -41.9]
Camera Rot: [Yaw: 480.0, Pitch: -41.9]
Camera Rot: [Yaw: 480.3, Pitch: -41.9]
Camera Rot: [Yaw: 480.7, Pitch: -41.9]
Camera Rot: [Yaw: 481.2, Pitch: -41.9]
Camera Rot: [Yaw: 481.3, Pitch: -41.9]
Camera Rot: [Yaw: 481.6, Pitch: -41.9]
Camera Rot: [Yaw: 481.9, Pitch: -41.9]
Camera Rot: [Yaw: 482.2, Pitch: -41.9]
Camera Rot: [Yaw: 482.4, Pitch: -41.9]
Camera Rot: [Yaw: 482.5, Pitch: -41.9]
Camera Rot: [Yaw: 482.7, Pitch: -41.9]
Camera Rot: [Yaw: 482.8, Pitch: -41.9]
Input state - W:0 S:0 A:0 D:1 RMB:1
RMB is pressed - movement enabled
CameraMovement before update: (0.114, 0, 0)
New Camera Position: (13.36, 0.50, -24.08)
Camera Rot: [Yaw: 483.0, Pitch: -41.9]
Camera Rot: [Yaw: 483.1, Pitch: -41.9]
Camera Rot: [Yaw: 483.1, Pitch: -42.0]
Camera Rot: [Yaw: 483.3, Pitch: -42.0]
Camera Rot: [Yaw: 483.4, Pitch: -42.0]
Camera Rot: [Yaw: 483.6, Pitch: -42.0]
Camera Rot: [Yaw: 483.7, Pitch: -42.0]
Camera Rot: [Yaw: 483.9, Pitch: -42.0]
Camera Rot: [Yaw: 484.0, Pitch: -42.0]
Camera Rot: [Yaw: 484.2, Pitch: -42.0]
Camera Rot: [Yaw: 484.3, Pitch: -42.0]
Camera Rot: [Yaw: 484.5, Pitch: -42.0]
Camera Rot: [Yaw: 484.6, Pitch: -42.0]
Camera Rot: [Yaw: 484.8, Pitch: -42.0]
Camera Rot: [Yaw: 484.9, Pitch: -42.0]
Camera Rot: [Yaw: 484.9, Pitch: -42.2]
Camera Rot: [Yaw: 485.1, Pitch: -42.2]
Camera Rot: [Yaw: 485.2, Pitch: -42.2]
Camera Rot: [Yaw: 485.4, Pitch: -42.2]
Camera Rot: [Yaw: 485.5, Pitch: -42.2]
Camera Rot: [Yaw: 485.8, Pitch: -42.3]
Camera Rot: [Yaw: 486.3, Pitch: -42.3]
Camera Rot: [Yaw: 486.7, Pitch: -42.3]
Camera Rot: [Yaw: 487.2, Pitch: -42.3]
Camera Rot: [Yaw: 487.8, Pitch: -42.3]
Camera Rot: [Yaw: 487.9, Pitch: -42.3]
Camera Rot: [Yaw: 488.4, Pitch: -42.3]
Camera Rot: [Yaw: 488.8, Pitch: -42.3]
Camera Rot: [Yaw: 489.0, Pitch: -42.3]
Camera Rot: [Yaw: 489.3, Pitch: -42.3]
Camera Rot: [Yaw: 489.7, Pitch: -42.3]
Camera Rot: [Yaw: 490.3, Pitch: -42.3]
Camera Rot: [Yaw: 490.8, Pitch: -42.3]
Camera Rot: [Yaw: 490.9, Pitch: -42.3]
Camera Rot: [Yaw: 491.4, Pitch: -42.3]
Camera Rot: [Yaw: 491.5, Pitch: -42.3]
Camera Rot: [Yaw: 491.8, Pitch: -42.3]
Camera Rot: [Yaw: 492.0, Pitch: -42.3]
Camera Rot: [Yaw: 492.3, Pitch: -42.3]
Camera Rot: [Yaw: 492.4, Pitch: -42.3]
Camera Rot: [Yaw: 492.6, Pitch: -42.3]
Camera Rot: [Yaw: 492.7, Pitch: -42.3]
Camera Rot: [Yaw: 492.9, Pitch: -42.3]
Camera Rot: [Yaw: 493.0, Pitch: -42.3]
Camera Rot: [Yaw: 493.2, Pitch: -42.3]
Camera Rot: [Yaw: 493.3, Pitch: -42.5]
Camera Rot: [Yaw: 493.5, Pitch: -42.5]
Camera Rot: [Yaw: 493.6, Pitch: -42.5]
Camera Rot: [Yaw: 493.8, Pitch: -42.5]
Camera Rot: [Yaw: 493.9, Pitch: -42.5]
Camera Rot: [Yaw: 494.1, Pitch: -42.5]
Camera Rot: [Yaw: 494.2, Pitch: -42.5]
Camera Rot: [Yaw: 494.4, Pitch: -42.5]
Camera Rot: [Yaw: 494.5, Pitch: -42.5]
Camera Rot: [Yaw: 494.7, Pitch: -42.5]
Camera Rot: [Yaw: 494.8, Pitch: -42.5]
Camera Rot: [Yaw: 495.0, Pitch: -42.6]
Camera Rot: [Yaw: 495.1, Pitch: -42.6]
Camera Rot: [Yaw: 495.3, Pitch: -42.6]
Camera Rot: [Yaw: 495.4, Pitch: -42.6]
Camera Rot: [Yaw: 495.7, Pitch: -42.6]
Camera Rot: [Yaw: 495.9, Pitch: -42.6]
Camera Rot: [Yaw: 496.0, Pitch: -42.6]
Camera Rot: [Yaw: 496.3, Pitch: -42.6]
Camera Rot: [Yaw: 496.6, Pitch: -42.6]
Camera Rot: [Yaw: 496.8, Pitch: -42.6]
Camera Rot: [Yaw: 496.9, Pitch: -42.8]
Camera Rot: [Yaw: 497.1, Pitch: -42.8]
Camera Rot: [Yaw: 497.2, Pitch: -42.8]
Camera Rot: [Yaw: 497.4, Pitch: -42.8]
Camera Rot: [Yaw: 497.5, Pitch: -42.8]
Camera Rot: [Yaw: 497.7, Pitch: -42.8]
Camera Rot: [Yaw: 497.8, Pitch: -42.8]
Input state - W:0 S:0 A:0 D:1 RMB:1
RMB is pressed - movement enabled
CameraMovement before update: (0.114, 0, 0)
New Camera Position: (11.18, 0.50, -26.70)
Camera Rot: [Yaw: 498.0, Pitch: -42.8]
Camera Rot: [Yaw: 498.4, Pitch: -42.8]
Camera Rot: [Yaw: 498.7, Pitch: -42.8]
Camera Rot: [Yaw: 499.2, Pitch: -42.8]
Camera Rot: [Yaw: 499.8, Pitch: -42.9]
Camera Rot: [Yaw: 500.2, Pitch: -42.9]
Camera Rot: [Yaw: 500.8, Pitch: -42.9]
Camera Rot: [Yaw: 501.1, Pitch: -43.1]
Camera Rot: [Yaw: 501.9, Pitch: -43.1]
Camera Rot: [Yaw: 502.2, Pitch: -43.1]
Camera Rot: [Yaw: 502.8, Pitch: -43.1]
Camera Rot: [Yaw: 503.2, Pitch: -43.1]
Camera Rot: [Yaw: 503.7, Pitch: -43.1]
Camera Rot: [Yaw: 503.8, Pitch: -43.1]
Camera Rot: [Yaw: 504.1, Pitch: -43.1]
Camera Rot: [Yaw: 504.6, Pitch: -43.1]
Camera Rot: [Yaw: 504.9, Pitch: -43.1]
Camera Rot: [Yaw: 505.2, Pitch: -43.1]
Camera Rot: [Yaw: 505.3, Pitch: -43.1]
Camera Rot: [Yaw: 505.6, Pitch: -43.1]
Camera Rot: [Yaw: 505.8, Pitch: -43.1]
Camera Rot: [Yaw: 505.8, Pitch: -42.9]
Camera Rot: [Yaw: 505.9, Pitch: -42.9]
Camera Rot: [Yaw: 505.9, Pitch: -42.8]
Camera Rot: [Yaw: 506.1, Pitch: -42.8]
Camera Rot: [Yaw: 506.1, Pitch: -42.6]
Camera Rot: [Yaw: 506.2, Pitch: -42.5]
Camera Rot: [Yaw: 506.4, Pitch: -42.5]
Camera Rot: [Yaw: 506.4, Pitch: -42.3]
Camera Rot: [Yaw: 506.4, Pitch: -42.2]
resizeEvent called
exposeEvent called
exposeEvent called
VulkanRenderer Destructor
