X	Y	Z
59596277	664286066	2465
59596271	664286369	2586
59596260	664286428	2459
59596234	664286568	2438
59596242	664286672	2426
59596382	664285045	952
59596366	664285270	958
59596374	664285331	971
59596370	664285429	2184
59596333	664285568	2426
59596330	664285674	2432
59596354	664285726	2438
59596334	664285832	2450
59596328	664285961	2459
59596363	664286073	2468
59596331	664286127	2471
59596343	664286272	2463
59596334	664286333	2473
59596375	664286448	2458
59596323	664286530	2589
59596376	664286645	2432
59596448	664284117	926
59596482	664284276	929
59596430	664284328	927
59596430	664284477	931
59596462	664284571	930
59596467	664284662	924
59596432	664284772	939
59596472	664284837	938
59596437	664284929	946
59596433	664285026	950
59596424	664285140	954
59596477	664285291	962
59596479	664285337	970
59596424	664285452	2189
59596470	664285532	2420
59596439	664285672	957
59596426	664285758	2437
59596436	664285873	2448
59596468	664285967	2458
59596426	664286045	2470
59596471	664286134	2524
59596464	664286278	2488
59596442	664286325	2462
59596473	664286468	2447
59596464	664286524	2443
59596425	664286672	2427
59596569	664282920	804
59596575	664283171	1428
59596587	664283219	898
59596580	664283385	910
59596529	664283441	920
59596545	664283578	922
59596575	664283661	927
59596529	664283732	929
59596559	664283822	924
59596564	664283930	924
59596565	664284076	928
59596568	664284112	922
59596529	664284226	1064
59596578	664284328	925
59596563	664284475	925
59596527	664284530	926
59596528	664284631	922
59596576	664284761	932
59596539	664284825	935
59596545	664284972	946
59596568	664285039	950
59596565	664285130	952
59596522	664285232	954
59596556	664285326	958
59596569	664285429	1065
59596560	664285575	2424
59596552	664285675	2427
59596578	664285758	2435
59596559	664285825	2441
59596571	664285941	2499
59596576	664286030	2488
59596567	664286123	2525
59596566	664286272	2512
59596526	664286371	2475
59596530	664286432	2449
59596564	664286525	2442
59596575	664286632	2429
59596674	664282529	2159
59596667	664282676	2154
59596625	664282776	2157
59596671	664282827	2156
59596633	664282975	1043
59596641	664283026	870
59596652	664283138	898
59596669	664283272	1990
59596662	664283364	907
59596634	664283418	913
59596600	664283542	920
59596654	664283623	925
59596630	664283746	927
59596616	664283867	921
59596672	664283975	926
59596627	664284028	923
59596662	664284123	914
59596638	664284299	922
59596666	664284370	922
59596625	664284444	923
59596626	664284540	923
59596663	664284626	918
59596662	664284736	925
59596630	664284867	933
59596625	664284930	941
59596644	664285027	946
59596627	664285133	954
59596628	664285232	958
59596627	664285350	962
59596648	664285423	1623
59596673	664285570	2421
59596645	664285624	2428
59596656	664285776	2438
59596629	664285827	2439
59596674	664285930	2458
59596680	664286058	2501
59596663	664286175	2531
59596629	664286228	2513
59596633	664286363	2479
59596665	664286428	2452
59596628	664286533	2438
59596625	664286672	2427
59596676	664286728	2429
59596763	664282568	2144
59596774	664282664	2136
59596765	664282773	2147
59596775	664282875	2156
59596716	664282988	864
59596702	664283075	875
59596714	664283133	885
59596786	664283213	897
59596772	664283329	902
59596713	664283434	911
59596742	664283500	913
59596766	664283670	930
59596730	664283726	931
59596772	664283831	2120
59596721	664283911	920
59596766	664284078	922
59596768	664284127	920
59596719	664284271	916
59596740	664284369	920
59596770	664284434	919
59596770	664284532	917
59596772	664284628	913
59596737	664284728	926
59596731	664284835	927
59596772	664284945	938
59596771	664285035	944
59596730	664285174	952
59596777	664285240	947
59596764	664285329	956
59596774	664285449	2187
59596771	664285527	2416
59596770	664285639	2431
59596757	664285774	2435
59596736	664285873	2450
59596760	664285973	2479
59596773	664286033	2492
59596733	664286133	2525
59596762	664286227	2405
59596769	664286366	2478
59596764	664286476	2444
59596735	664286531	2440
59596746	664286623	2432
59596873	664282538	2319
59596872	664282634	2137
59596868	664282769	2146
59596830	664282829	2153
59596839	664282986	873
59596884	664283085	881
59596816	664283175	902
59596840	664283236	903
59596831	664283331	2443
59596833	664283469	909
59596872	664283538	2765
59596855	664283623	914
59596875	664283725	2441
59596831	664283870	2172
59596865	664283970	917
59596855	664284014	915
59596803	664284113	917
59596858	664284286	919
59596838	664284325	916
59596826	664284427	914
59596870	664284572	916
59596829	664284665	914
59596842	664284772	925
59596854	664284875	929
59596826	664284930	932
59596831	664285028	939
59596840	664285169	944
59596827	664285264	945
59596816	664285393	959
59596883	664285436	981
59596849	664285577	2424
59596867	664285629	2429
59596876	664285724	2432
59596871	664285866	2447
59596827	664285972	2476
59596877	664286058	2501
59596833	664286170	2534
59596852	664286277	2511
59596876	664286361	2485
59596825	664286467	2447
59596866	664286525	2437
59596861	664286630	2431
59596924	664282558	2201
59596924	664282658	2135
59596975	664282768	2148
59596934	664282872	2157
59596931	664282991	865
59596934	664283074	2186
59596957	664283129	882
59596926	664283221	894
59596982	664283350	894
59596922	664283424	902
59596937	664283503	906
59596943	664283674	2817
59596964	664283726	2714
59596988	664283871	913
59596960	664283958	914
59596967	664284054	913
59596991	664284115	904
59596944	664284276	915
59596938	664284373	911
59596927	664284464	914
59596964	664284534	912
59596937	664284631	907
59596938	664284770	919
59596923	664284862	925
59596925	664284974	928
59596934	664285078	934
59596969	664285130	936
59596927	664285232	947
59596931	664285301	966
59596925	664285428	2181
59596973	664285562	2423
59596946	664285623	2422
59596971	664285735	2434
59596966	664285874	2444
59596947	664285927	2451
59596931	664286033	2465
59596960	664286172	2462
59596974	664286267	2466
59596935	664286325	2462
59596970	664286470	2448
59596968	664286574	2437
59596935	664286673	2432
59597078	664282552	2127
59597063	664282623	2137
59597027	664282732	2147
59597038	664282825	2151
59597067	664282972	2162
59597028	664283070	2280
59597050	664283172	881
59597028	664283232	894
59597032	664283370	903
59597026	664283468	2251
59597069	664283573	2619
59597015	664283680	912
59597031	664283729	2802
59597076	664283850	911
59597076	664283957	905
59597019	664284063	910
59597069	664284115	899
59597030	664284231	1749
59597047	664284324	910
59597026	664284433	913
59597070	664284535	907
59597046	664284674	904
59597065	664284729	910
59597075	664284862	920
59597024	664284961	924
59597078	664285060	930
59597022	664285122	940
59597026	664285235	941
59597063	664285310	966
59597041	664285474	2186
59597039	664285572	2422
59597049	664285674	2426
59597030	664285768	2432
59597074	664285875	2445
59597071	664285973	2455
59597069	664286071	2456
59597033	664286170	2453
59597074	664286231	2453
59597024	664286367	2456
59597070	664286474	2448
59597030	664286572	2438
59597063	664286674	2426
59597132	664282529	2127
59597173	664282670	2138
59597132	664282770	2148
59597167	664282826	2150
59597126	664282966	2165
59597138	664283063	2371
59597175	664283172	887
59597173	664283248	897
59597111	664283349	900
59597170	664283429	2474
59597129	664283521	922
59597173	664283654	917
59597183	664283756	910
59597128	664283860	906
59597148	664283944	903
59597127	664284020	908
59597116	664284107	907
59597135	664284227	2177
59597149	664284373	905
59597165	664284431	903
59597166	664284528	904
59597166	664284628	902
59597171	664284763	912
59597128	664284866	919
59597134	664284954	919
59597123	664285044	929
59597127	664285166	939
59597119	664285229	940
59597141	664285327	967
59597130	664285470	2184
59597176	664285537	2419
59597166	664285631	2428
59597170	664285774	2438
59597173	664285832	2443
59597174	664285929	2443
59597131	664286074	2447
59597171	664286131	2575
59597174	664286264	2448
59597176	664286378	2444
59597125	664286444	2450
59597173	664286564	2442
59597131	664286665	2434
59597141	664286728	2422
59597233	664282525	2123
59597268	664282669	2139
59597226	664282730	2144
59597272	664282834	2151
59597273	664282970	2163
59597234	664283069	2174
59597214	664283148	890
59597230	664283272	895
59597264	664283340	898
59597280	664283479	915
59597231	664283572	2458
59597237	664283655	922
59597209	664283707	916
59597266	664283816	909
59597231	664283991	902
59597272	664284055	900
59597220	664284152	894
59597242	664284267	901
59597257	664284329	899
59597235	664284464	902
59597253	664284522	901
59597265	664284675	897
59597229	664284726	904
59597268	664284870	914
59597248	664284925	918
59597232	664285060	926
59597245	664285126	933
59597264	664285258	947
59597237	664285311	963
59597270	664285427	1922
59597227	664285558	2418
59597230	664285677	2430
59597258	664285774	2435
59597237	664285872	2438
59597272	664285943	2437
59597269	664286034	2439
59597273	664286174	2583
59597229	664286272	2440
59597265	664286335	2443
59597228	664286450	2444
59597273	664286528	2440
59597258	664286626	2434
59597237	664286775	2422
59597366	664282526	2121
59597355	664282678	2136
59597328	664282729	2140
59597379	664282824	2148
59597373	664282927	2228
59597326	664283067	869
59597375	664283176	884
59597368	664283232	886
59597339	664283332	888
59597365	664283464	905
59597339	664283514	908
59597340	664283667	914
59597367	664283718	906
59597367	664283863	904
59597326	664283953	896
59597321	664284044	896
59597366	664284159	893
59597312	664284263	897
59597339	664284376	898
59597374	664284438	899
59597335	664284573	896
59597330	664284671	896
59597371	664284725	899
59597321	664284879	912
59597350	664284929	914
59597376	664285072	922
59597370	664285172	932
59597334	664285229	938
59597326	664285330	1352
59597332	664285428	2152
59597354	664285575	2417
59597334	664285669	2427
59597325	664285729	2430
59597332	664285827	2432
59597366	664285929	2429
59597343	664286026	2434
59597362	664286127	2433
59597372	664286263	2590
59597326	664286347	2434
59597363	664286430	2438
59597365	664286530	2432
59597334	664286630	2430
59597375	664286769	2427
59597456	664282525	2135
59597470	664282630	2137
59597453	664282725	2142
59597473	664282833	2153
59597468	664282971	2164
59597458	664283049	872
59597464	664283119	888
59597430	664283270	2372
59597419	664283359	893
59597444	664283435	897
59597471	664283529	2611
59597465	664283674	2142
59597417	664283742	904
59597471	664283829	897
59597474	664283914	896
59597448	664284079	893
59597447	664284172	892
59597420	664284222	894
59597435	664284373	897
59597470	664284447	894
59597470	664284576	893
59597462	664284673	893
59597474	664284737	896
59597430	664284830	909
59597474	664284973	915
59597452	664285027	914
59597434	664285167	932
59597475	664285238	967
59597465	664285328	2157
59597436	664285427	2151
59597460	664285529	2410
59597470	664285668	2422
59597469	664285736	2421
59597473	664285830	2425
59597474	664285931	2415
59597462	664286074	2421
59597429	664286165	2427
59597426	664286240	2426
59597472	664286323	2427
59597470	664286475	2431
59597453	664286574	2428
59597471	664286635	2428
59597459	664286778	2426
59597572	664282527	2145
59597527	664282648	2145
59597528	664282733	2142
59597532	664282873	2150
59597553	664282928	2156
59597577	664283055	879
59597533	664283164	892
59597519	664283247	886
59597579	664283330	889
59597584	664283421	890
59597586	664283590	895
59597561	664283639	905
59597584	664283741	900
59597524	664283855	893
59597524	664283967	888
59597567	664284074	891
59597546	664284172	888
59597520	664284261	890
59597525	664284342	890
59597535	664284428	894
59597549	664284522	887
59597572	664284624	886
59597576	664284738	888
59597524	664284862	907
59597525	664284976	914
59597569	664285026	922
59597575	664285139	951
59597578	664285247	972
59597564	664285326	2371
59597550	664285475	2152
59597529	664285528	2410
59597560	664285674	2409
59597526	664285760	2414
59597570	664285834	2160
59597568	664285974	2406
59597528	664286072	2423
59597527	664286173	2425
59597574	664286241	2414
59597527	664286330	2423
59597570	664286439	2417
59597547	664286573	2419
59597556	664286625	2417
59597571	664286729	2414
59597630	664282571	2151
59597632	664282624	2151
59597635	664282774	2150
59597626	664282870	2152
59597677	664282935	2160
59597642	664283032	870
59597612	664283120	890
59597614	664283270	885
59597627	664283393	885
59597642	664283426	2015
59597626	664283573	1983
59597613	664283673	902
59597667	664283758	897
59597675	664283862	893
59597629	664283936	889
59597658	664284078	891
59597663	664284127	892
59597662	664284282	888
59597631	664284380	891
59597672	664284473	886
59597626	664284528	889
59597628	664284639	886
59597671	664284738	883
59597665	664284826	899
59597635	664284930	906
59597628	664285025	918
59597627	664285164	944
59597675	664285226	977
59597675	664285373	2161
59597674	664285427	2159
59597636	664285574	2161
59597671	664285673	2162
59597670	664285773	2239
59597673	664285827	2161
59597626	664285970	2156
59597630	664286072	2404
59597632	664286130	2239
59597631	664286270	2158
59597629	664286374	2404
59597637	664286472	2220
59597649	664286572	1907
59597672	664286662	1798
59597672	664286733	1238
59597734	664282532	2156
59597777	664282624	1592
59597774	664282768	2163
59597772	664282828	2163
59597730	664282929	2161
59597737	664283085	872
59597784	664283111	869
59597794	664283285	892
59597772	664283341	2273
59597788	664283465	893
59597770	664283529	899
59597783	664283664	899
59597730	664283766	897
59597776	664283868	886
59597775	664283972	885
59597728	664284033	884
59597755	664284177	887
59597766	664284262	884
59597775	664284355	886
59597737	664284432	886
59597770	664284533	886
59597727	664284653	882
59597779	664284729	879
59597725	664284833	895
59597773	664284924	898
59597728	664285073	921
59597776	664285159	952
59597775	664285214	960
59597772	664285332	2231
59597772	664285474	2160
59597725	664285568	2160
59597755	664285626	2163
59597727	664285770	2180
59597769	664285827	2225
59597731	664285972	2158
59597775	664286024	2366
59597770	664286167	2375
59597757	664286274	2155
59597772	664286332	2158
59597757	664286464	973
59597770	664286537	973
59597735	664286630	970
59597760	664286726	967
59597856	664282512	675
59597859	664282664	679
59597876	664282753	676
59597834	664282824	683
59597858	664282931	678
59597888	664283000	683
59597890	664283170	874
59597861	664283226	881
59597850	664283376	887
59597825	664283424	892
59597815	664283544	897
59597830	664283680	899
59597828	664283770	891
59597857	664283872	889
59597830	664283935	885
59597871	664284069	883
59597875	664284169	880
59597847	664284223	880
59597857	664284323	883
59597826	664284458	882
59597826	664284562	882
59597824	664284652	880
59597877	664284736	877
59597824	664284870	896
59597876	664284932	893
59597867	664285072	917
59597830	664285121	925
59597821	664285239	956
59597843	664285327	2202
59597867	664285426	2160
59597875	664285547	2163
59597834	664285669	2157
59597836	664285721	2157
59597878	664285875	2160
59597872	664285955	2157
59597868	664286067	2158
59597865	664286175	2203
59597838	664286226	2202
59597826	664286369	2156
59597873	664286459	974
59597875	664286557	972
59597852	664286628	971
59597860	664286773	968
59597974	664282537	669
59597933	664282673	673
59597926	664282777	677
59597937	664282872	677
59597931	664282936	680
59597965	664283031	680
59597973	664283150	871
59597970	664283280	880
59597986	664283339	880
59597966	664283451	890
59597969	664283568	890
59597941	664283623	891
59597932	664283728	888
59597977	664283843	883
59597954	664283926	882
59597961	664284071	882
59597926	664284126	884
59597911	664284252	879
59597973	664284361	882
59597978	664284438	876
59597942	664284527	876
59597915	664284637	876
59597967	664284730	871
59597932	664284823	883
59597978	664284945	893
59597922	664285065	916
59597928	664285136	930
59597926	664285224	978
59597936	664285326	2217
59597969	664285467	2159
59597931	664285571	2162
59597963	664285672	2158
59597975	664285729	2158
59597968	664285870	2158
59597969	664285973	2157
59597928	664286029	2156
59597938	664286174	2207
59597973	664286239	2379
59597970	664286362	2158
59597964	664286481	974
59597962	664286563	972
59597978	664286637	970
59597959	664286729	970
59598026	664282575	676
59598032	664282666	678
59598037	664282727	676
59598030	664282865	683
59598041	664282920	683
59598072	664283036	698
59598025	664283174	876
59598015	664283285	874
59598030	664283366	877
59598025	664283462	884
59598066	664283571	885
59598076	664283624	883
59598059	664283729	884
59598027	664283866	883
59598046	664283977	877
59598074	664284046	875
59598031	664284175	876
59598083	664284222	875
59598060	664284385	873
59598076	664284425	876
59598045	664284575	872
59598054	664284625	875
59598048	664284727	870
59598021	664284842	887
59598017	664284939	892
59598082	664285021	912
59598059	664285128	940
59598026	664285264	1810
59598045	664285324	2215
59598027	664285432	2160
59598059	664285526	2160
59598062	664285674	2283
59598028	664285730	2159
59598024	664285867	2158
59598070	664285927	2181
59598031	664286068	2159
59598071	664286164	2158
59598061	664286226	2157
59598065	664286325	2159
59598016	664286463	975
59598029	664286534	970
59598028	664286661	969
59598052	664286782	972
59598135	664282527	686
59598160	664282624	693
59598177	664282746	698
59598125	664282839	693
59598151	664282926	699
59598180	664283036	717
59598126	664283153	969
59598170	664283235	940
59598174	664283365	873
59598176	664283446	873
59598127	664283571	880
59598126	664283652	882
59598123	664283723	885
59598125	664283874	878
59598156	664283972	876
59598134	664284024	878
59598167	664284126	871
59598160	664284228	871
59598129	664284376	874
59598129	664284476	871
59598131	664284568	871
59598130	664284664	868
59598127	664284744	868
59598147	664284868	878
59598175	664284958	893
59598163	664285075	921
59598134	664285129	925
59598186	664285223	966
59598190	664285333	971
59598172	664285436	2208
59598167	664285573	2200
59598173	664285666	2296
59598172	664285733	2227
59598171	664285830	1459
59598175	664285970	1880
59598170	664286029	1645
59598132	664286128	1331
59598136	664286225	2218
59598187	664286393	981
59598177	664286459	971
59598174	664286538	965
59598147	664286627	967
59598121	664286753	970
59598149	664286829	970
59598263	664282574	700
59598237	664282624	703
59598234	664282769	703
59598250	664282829	708
59598213	664282961	711
59598258	664283040	725
59598270	664283165	1852
59598274	664283243	1832
59598258	664283328	871
59598247	664283425	871
59598267	664283575	875
59598228	664283626	880
59598233	664283769	878
59598272	664283873	874
59598230	664283974	870
59598274	664284024	869
59598232	664284135	871
59598229	664284217	868
59598233	664284332	872
59598263	664284431	870
59598269	664284531	869
59598229	664284626	869
59598225	664284771	863
59598266	664284874	871
59598238	664284928	879
59598286	664285042	902
59598224	664285169	949
59598281	664285268	946
59598270	664285329	955
59598284	664285441	956
59598286	664285528	957
59598278	664285615	958
59598275	664285756	966
59598267	664285840	962
59598277	664285966	962
59598258	664286073	962
59598223	664286119	970
59598270	664286231	966
59598269	664286348	961
59598220	664286438	970
59598224	664286563	970
59598271	664286629	970
59598277	664286736	969
59598270	664286842	969
59598328	664282556	707
59598331	664282676	713
59598335	664282729	718
59598327	664282830	715
59598369	664282930	738
59598301	664283035	729
59598331	664283127	1350
59598333	664283269	2054
59598377	664283366	871
59598379	664283431	871
59598362	664283534	871
59598356	664283632	874
59598322	664283760	876
59598374	664283834	874
59598330	664283973	866
59598332	664284065	867
59598336	664284173	866
59598371	664284225	863
59598317	664284362	872
59598377	664284434	867
59598333	664284572	861
59598332	664284620	863
59598332	664284741	860
59598371	664284866	869
59598328	664284940	871
59598375	664285053	884
59598372	664285172	907
59598373	664285270	923
59598368	664285330	937
59598339	664285427	947
59598324	664285525	951
59598329	664285652	956
59598374	664285764	956
59598364	664285830	960
59598375	664285972	962
59598369	664286069	963
59598377	664286137	963
59598371	664286274	961
59598331	664286374	968
59598372	664286434	967
59598333	664286535	964
59598368	664286628	967
59598367	664286776	971
59598357	664286819	974
59598467	664282533	719
59598424	664282639	720
59598429	664282772	731
59598418	664282881	740
59598428	664282962	750
59598458	664283030	751
59598464	664283172	2106
59598474	664283233	2135
59598430	664283369	864
59598430	664283452	868
59598448	664283527	870
59598413	664283660	873
59598421	664283776	874
59598424	664283862	873
59598464	664283931	866
59598426	664284026	863
59598474	664284143	865
59598475	664284253	861
59598485	664284349	865
59598463	664284427	860
59598477	664284575	860
59598468	664284672	856
59598426	664284742	855
59598450	664284826	854
59598451	664284977	874
59598425	664285076	884
59598429	664285120	893
59598466	664285224	910
59598471	664285333	923
59598440	664285475	940
59598482	664285526	939
59598457	664285632	941
59598436	664285729	949
59598449	664285871	956
59598473	664285952	956
59598429	664286036	960
59598425	664286170	962
59598432	664286273	958
59598479	664286328	958
59598449	664286470	964
59598422	664286523	964
59598433	664286630	970
59598428	664286769	972
59598471	664286841	971
59598535	664282530	725
59598525	664282667	734
59598526	664282742	742
59598546	664282817	748
59598546	664282982	760
59598566	664283073	777
59598527	664283136	2011
59598529	664283272	2143
59598530	664283372	2255
59598579	664283441	2263
59598573	664283563	2235
59598533	664283671	2091
59598576	664283715	862
59598570	664283828	868
59598520	664283930	866
59598573	664284031	856
59598524	664284171	862
59598520	664284220	860
59598572	664284336	858
59598577	664284461	856
59598526	664284560	857
59598529	664284674	854
59598528	664284728	855
59598531	664284823	856
59598576	664284936	866
59598534	664285074	881
59598530	664285126	890
59598573	664285257	907
59598539	664285340	921
59598565	664285429	931
59598570	664285529	939
59598519	664285629	942
59598540	664285773	949
59598574	664285857	953
59598565	664285972	954
59598542	664286027	954
59598581	664286146	961
59598517	664286243	958
59598532	664286350	961
59598519	664286426	963
59598526	664286526	967
59598557	664286626	970
59598566	664286738	969
59598529	664286843	976
59598619	664282578	734
59598668	664282664	750
59598626	664282736	745
59598661	664282819	753
59598603	664282981	769
59598677	664283024	781
59598671	664283122	788
59598680	664283216	797
59598657	664283302	817
59598638	664283459	859
59598661	664283531	859
59598677	664283673	861
59598648	664283728	861
59598629	664283869	862
59598662	664283926	857
59598653	664284025	857
59598660	664284177	859
59598624	664284236	856
59598674	664284372	861
59598641	664284425	856
59598623	664284572	856
59598622	664284659	853
59598662	664284769	847
59598634	664284824	853
59598676	664284952	863
59598632	664285074	880
59598628	664285174	891
59598630	664285275	912
59598633	664285329	921
59598673	664285447	933
59598670	664285566	940
59598629	664285640	942
59598624	664285755	947
59598636	664285826	949
59598651	664285926	950
59598670	664286027	959
59598639	664286170	961
59598665	664286257	957
59598668	664286352	960
59598615	664286472	966
59598636	664286572	969
59598672	664286673	978
59598646	664286729	995
59598648	664286888	1299
59598709	664282557	740
59598720	664282620	758
59598736	664282772	2688
59598714	664282821	760
59598759	664282997	784
59598729	664283047	789
59598773	664283169	799
59598739	664283271	807
59598782	664283342	821
59598731	664283435	846
59598725	664283547	844
59598771	664283622	846
59598768	664283732	854
59598735	664283826	848
59598764	664283928	851
59598775	664284052	848
59598719	664284188	854
59598718	664284277	852
59598766	664284374	851
59598727	664284425	855
59598766	664284570	851
59598768	664284626	849
59598735	664284724	844
59598721	664284834	847
59598774	664284927	857
59598762	664285030	868
59598737	664285128	884
59598741	664285226	901
59598726	664285343	915
59598725	664285460	931
59598755	664285571	942
59598725	664285660	945
59598735	664285727	946
59598760	664285848	955
59598739	664285927	955
59598774	664286070	962
59598771	664286120	961
59598747	664286215	966
59598771	664286395	970
59598749	664286440	969
59598778	664286540	987
59598739	664286615	1001
59598738	664286774	2133
59598728	664286867	2114
59598855	664282574	2674
59598826	664282641	2336
59598834	664282728	2815
59598832	664282854	774
59598865	664282924	781
59598820	664283037	794
59598868	664283132	804
59598826	664283235	813
59598832	664283330	819
59598827	664283446	838
59598850	664283574	852
59598871	664283628	852
59598828	664283773	855
59598819	664283874	851
59598855	664283926	851
59598837	664284023	845
59598831	664284108	847
59598868	664284227	846
59598874	664284361	847
59598867	664284429	847
59598825	664284557	849
59598830	664284667	845
59598879	664284779	837
59598869	664284829	841
59598872	664284939	854
59598863	664285076	878
59598837	664285126	880
59598832	664285261	909
59598854	664285375	925
59598865	664285475	938
59598866	664285537	949
59598860	664285615	954
59598829	664285773	958
59598866	664285837	956
59598844	664285970	959
59598832	664286028	961
59598824	664286142	959
59598868	664286272	2615
59598840	664286327	2627
59598872	664286430	2811
59598827	664286536	2640
59598867	664286629	2864
59598868	664286771	2606
59598869	664286868	2602
59598926	664282535	2476
59598939	664282625	2608
59598970	664282772	2342
59598920	664282819	786
59598975	664282950	794
59598975	664283067	800
59598944	664283173	807
59598967	664283271	816
59598926	664283369	828
59598970	664283448	833
59598980	664283541	839
59598924	664283653	846
59598959	664283729	847
59598944	664283870	850
59598978	664283938	845
59598918	664284044	841
59598968	664284128	842
59598928	664284258	844
59598925	664284362	845
59598960	664284427	845
59598926	664284568	845
59598949	664284675	841
59598924	664284767	841
59598971	664284828	842
59598977	664284940	854
59598980	664285013	865
59598965	664285131	1500
59598972	664285262	1505
59598935	664285329	1253
59598971	664285432	1702
59598929	664285572	1962
59598930	664285632	1722
59598928	664285733	2042
59598928	664285830	2256
59598916	664285913	979
59598926	664286043	2576
59598968	664286129	2670
59598974	664286257	2896
59598931	664286328	2732
59598927	664286471	2808
59598973	664286571	3012
59598926	664286672	2889
59598923	664286749	2885
59598973	664286836	3078
59599027	664282532	2554
59599050	664282625	2527
59599025	664282734	1734
59599074	664282869	2608
59599032	664282957	798
59599072	664283043	804
59599072	664283146	811
59599068	664283267	819
59599030	664283373	826
59599031	664283437	837
59599026	664283566	845
59599047	664283680	849
59599070	664283726	849
59599023	664283858	849
59599040	664283923	845
59599021	664284016	840
59599026	664284153	842
59599026	664284274	842
59599063	664284329	842
59599077	664284433	841
59599060	664284574	840
59599033	664284627	842
59599075	664284757	833
59599069	664284827	841
59599012	664284913	858
59599038	664285037	863
59599036	664285172	1529
59599027	664285261	1089
59599066	664285330	1492
59599072	664285466	1619
59599070	664285565	1646
59599039	664285625	2044
59599032	664285771	2573
59599026	664285840	2573
59599026	664285938	2618
59599066	664286029	2707
59599068	664286170	2869
59599030	664286267	3028
59599065	664286328	2902
59599029	664286474	2874
59599028	664286530	2792
59599065	664286630	2969
59599029	664286770	3126
59599032	664286870	2970
59599068	664286938	1326
59599196	664282523	765
59599193	664282680	776
59599129	664282735	1350
59599126	664282865	2043
59599167	664282972	932
59599175	664283061	801
59599175	664283178	811
59599147	664283231	812
59599129	664283338	831
59599160	664283482	856
59599127	664283526	847
59599123	664283640	850
59599128	664283759	843
59599163	664283826	848
59599136	664283976	841
59599147	664284066	834
59599168	664284127	836
59599167	664284253	835
59599167	664284367	837
59599138	664284427	841
59599135	664284545	836
59599127	664284660	834
59599122	664284757	834
59599126	664284850	843
59599156	664284906	849
59599190	664285096	1035
59599171	664285156	1053
59599111	664285208	1061
59599169	664285371	1571
59599170	664285428	1590
59599132	664285572	1996
59599173	664285663	2413
59599171	664285769	1981
59599149	664285874	2711
59599148	664285975	2728
59599126	664286029	2722
59599172	664286172	2708
59599135	664286228	3057
59599172	664286371	2981
59599137	664286426	2981
59599129	664286569	2997
59599172	664286634	3009
59599169	664286731	3135
59599132	664286871	2999
59599273	664282527	763
59599278	664282675	772
59599252	664282726	774
59599278	664282824	786
59599261	664282995	794
59599231	664283070	802
59599259	664283149	807
59599274	664283229	803
59599227	664283330	817
59599275	664283443	828
59599275	664283530	851
59599269	664283629	2356
59599223	664283785	842
59599272	664283872	850
59599268	664283973	839
59599229	664284034	834
59599277	664284153	831
59599229	664284261	833
59599240	664284363	837
59599244	664284477	838
59599226	664284556	834
59599271	664284634	831
59599218	664284758	829
59599262	664284849	836
59599246	664284900	846
59599228	664285031	1429
59599227	664285180	1057
59599280	664285208	1059
59599230	664285371	1527
59599267	664285474	1595
59599229	664285570	1581
59599231	664285668	2443
59599250	664285725	2394
59599272	664285833	2471
59599274	664285932	2768
59599271	664286067	2825
59599266	664286172	2968
59599230	664286231	2942
59599262	664286371	3003
59599260	664286474	3037
59599227	664286537	3177
59599274	664286671	2963
59599265	664286727	3053
59599225	664286830	2963
59599334	664282568	764
59599357	664282672	769
59599329	664282725	774
59599334	664282823	780
59599373	664282928	777
59599359	664283025	788
59599325	664283146	789
59599339	664283255	794
59599358	664283378	814
59599336	664283471	828
59599370	664283562	846
59599355	664283620	845
59599370	664283729	2126
59599329	664283862	845
59599330	664283965	837
59599378	664284074	826
59599372	664284170	835
59599341	664284234	835
59599336	664284364	830
59599353	664284475	827
59599376	664284573	828
59599368	664284672	825
59599362	664284717	828
59599361	664284836	827
59599380	664284924	837
59599390	664285021	841
59599379	664285177	1037
59599338	664285226	1052
59599335	664285317	1065
59599330	664285467	1598
59599370	664285531	1598
59599327	664285627	1691
59599329	664285728	2060
59599337	664285827	2210
59599327	664285935	2757
59599370	664286065	2676
59599367	664286128	2920
59599335	664286272	3133
59599344	664286325	3001
59599373	664286467	3100
59599331	664286572	3014
59599326	664286625	2838
59599331	664286774	3042
59599357	664286872	3003
59599374	664286963	2932
59599426	664282575	753
59599424	664282686	760
59599453	664282773	757
59599463	664282874	759
59599434	664282932	769
59599426	664283047	777
59599464	664283126	768
59599480	664283243	772
59599461	664283372	799
59599472	664283455	820
59599427	664283531	842
59599462	664283685	840
59599443	664283710	842
59599437	664283846	836
59599414	664283976	833
59599467	664284040	826
59599493	664284110	827
59599487	664284214	834
59599434	664284318	828
59599472	664284469	828
59599447	664284519	828
59599474	664284666	825
59599452	664284719	823
59599456	664284874	829
59599458	664284984	834
59599471	664285064	844
59599457	664285124	1395
59599462	664285243	1033
59599464	664285375	1063
59599488	664285478	1064
59599470	664285569	1592
59599427	664285663	1912
59599442	664285731	1146
59599474	664285808	1152
59599432	664285967	2572
59599471	664286073	2878
59599429	664286171	2926
59599428	664286234	3090
59599430	664286369	3045
59599440	664286472	3068
59599464	664286527	3173
59599466	664286627	3010
59599425	664286743	2919
59599432	664286873	3070
59599470	664286932	2838
59599558	664282574	743
59599572	664282636	756
59599544	664282720	760
59599571	664282869	761
59599528	664282972	764
59599561	664283036	764
59599521	664283146	761
59599564	664283228	756
59599524	664283367	792
59599561	664283427	804
59599560	664283577	838
59599556	664283665	843
59599568	664283711	840
59599501	664283825	841
59599511	664283929	828
59599524	664284022	829
59599572	664284182	827
59599525	664284269	2114
59599530	664284329	1404
59599522	664284481	829
59599573	664284551	822
59599537	664284639	824
59599536	664284728	821
59599575	664284847	823
59599549	664284925	827
59599540	664285077	834
59599526	664285155	1009
59599526	664285280	1026
59599533	664285329	1040
59599571	664285478	1064
59599545	664285530	1081
59599550	664285659	1110
59599575	664285754	1115
59599584	664285886	1137
59599530	664285928	2675
59599534	664286069	2679
59599569	664286168	2939
59599528	664286275	3034
59599539	664286374	3117
59599529	664286428	3091
59599525	664286558	3159
59599571	664286633	2929
59599574	664286764	3082
59599566	664286873	3058
59599574	664286926	2855
59599677	664282536	739
59599630	664282660	757
59599626	664282763	2095
59599609	664282840	766
59599627	664282963	2135
59599607	664283062	764
59599626	664283139	2344
59599637	664283276	758
59599631	664283332	775
59599667	664283481	809
59599661	664283570	828
59599651	664283627	841
59599646	664283732	846
59599653	664283829	827
59599633	664283928	2718
59599638	664284070	822
59599685	664284159	825
59599688	664284221	822
59599632	664284371	1567
59599667	664284473	820
59599633	664284528	823
59599662	664284632	816
59599618	664284774	813
59599674	664284863	820
59599643	664284977	830
59599621	664285058	831
59599617	664285197	1007
59599673	664285236	1003
59599671	664285357	1018
59599669	664285472	1041
59599639	664285534	1053
59599687	664285614	1062
59599677	664285719	1083
59599679	664285879	1114
59599654	664285928	1127
59599676	664286006	1133
59599671	664286130	2739
59599671	664286272	3056
59599625	664286374	3113
59599672	664286465	3084
59599626	664286549	3165
59599633	664286673	2961
59599666	664286728	3067
59599671	664286870	1263
59599633	664286928	2879
59599728	664282564	743
59599712	664282639	758
59599727	664282755	2110
59599728	664282867	2117
59599770	664282925	2140
59599735	664283074	2111
59599774	664283170	2086
59599777	664283241	753
59599746	664283322	762
59599752	664283480	803
59599729	664283536	817
59599753	664283668	834
59599764	664283718	825
59599785	664283853	833
59599745	664283942	829
59599766	664284080	824
59599710	664284175	822
59599732	664284241	817
59599727	664284334	2597
59599786	664284450	813
59599769	664284529	817
59599764	664284679	815
59599773	664284769	810
59599729	664284834	811
59599782	664284982	821
59599772	664285028	820
59599726	664285178	992
59599723	664285263	999
59599725	664285369	1004
59599736	664285424	1023
59599741	664285571	1042
59599753	664285674	1052
59599732	664285776	1083
59599767	664285859	1087
59599786	664285942	1090
59599708	664286093	1117
59599764	664286174	2970
59599767	664286270	2664
59599740	664286376	3052
59599768	664286423	2891
59599732	664286572	2831
59599774	664286666	2934
59599732	664286773	2778
59599745	664286825	2777
59599793	664286989	1252
59599874	664282563	2147
59599869	664282633	2256
59599859	664282774	2138
59599824	664282851	2137
59599863	664282928	2147
59599826	664283072	2113
59599835	664283173	2202
59599873	664283277	757
59599872	664283371	764
59599837	664283446	787
59599869	664283536	815
59599880	664283683	828
59599873	664283766	2300
59599840	664283825	845
59599865	664283982	822
59599872	664284028	2888
59599854	664284108	811
59599838	664284237	814
59599827	664284326	987
59599841	664284476	812
59599832	664284541	814
59599875	664284636	812
59599862	664284725	807
59599852	664284871	811
59599825	664284935	817
59599873	664285040	817
59599874	664285105	819
59599877	664285249	970
59599826	664285369	998
59599837	664285472	1011
59599872	664285568	1020
59599866	664285629	1027
59599877	664285719	1033
59599881	664285889	1030
59599820	664285962	1073
59599883	664286077	1050
59599857	664286128	1067
59599866	664286247	1079
59599890	664286322	1084
59599871	664286473	2567
59599870	664286531	2732
59599872	664286671	3025
59599887	664286724	1168
59599865	664286825	2800
59599825	664286942	1236
59599974	664282533	2163
59599967	664282677	2169
59599925	664282734	2155
59599929	664282876	2158
59599972	664282969	2145
59599927	664283040	2122
59599931	664283127	966
59599978	664283256	743
59599934	664283374	769
59599945	664283477	796
59599959	664283531	803
59599964	664283661	821
59599942	664283723	827
59599970	664283833	2928
59599906	664283947	812
59599964	664284076	813
59599931	664284132	1655
59599965	664284240	821
59599990	664284346	807
59599981	664284464	809
59599926	664284573	811
59599924	664284659	809
59599964	664284773	799
59599931	664284832	802
59599968	664284966	813
59599927	664285065	820
59599936	664285122	818
59599976	664285250	956
59599976	664285357	976
59599957	664285459	983
59599953	664285577	1008
59599946	664285666	1006
59599925	664285746	1018
59599938	664285828	995
59599935	664285976	1027
59599968	664286033	1031
59599969	664286169	1055
59599941	664286221	1061
59599960	664286351	1078
59599967	664286487	1100
59599967	664286572	2582
59599971	664286628	2681
59599982	664286769	1152
59599927	664286870	1188
59599958	664286923	1197
59596280	664286162	2474
59596283	664286225	2467
59596249	664286487	2585
59596277	664286523	2587
59596262	664286623	2431
59596389	664284813	943
59596368	664285107	956
59596368	664285229	964
59596345	664285512	2419
59596381	664285638	2431
59596341	664285780	2440
59596370	664285863	2448
59596379	664285974	2457
59596373	664286026	2462
59596376	664286167	2467
59596334	664286221	2463
59596373	664286352	2456
59596322	664286460	2594
59596368	664286521	2582
59596333	664286666	2431
59596478	664284066	2004
59596477	664284183	1965
59596467	664284386	932
59596475	664284458	931
59596417	664284515	934
59596467	664284615	931
59596464	664284738	942
59596414	664284869	945
59596445	664284968	950
59596428	664285073	952
59596478	664285173	955
59596462	664285232	979
59596428	664285381	2176
59596477	664285471	2408
59596425	664285533	2423
59596428	664285620	2429
59596475	664285750	2438
59596479	664285824	2443
59596416	664285922	2454
59596476	664286073	2507
59596417	664286126	2471
59596416	664286231	2465
59596422	664286378	2453
59596426	664286450	2447
59596444	664286572	2439
59596459	664286627	2434
59596572	664282868	1301
59596573	664282968	1102
59596577	664283073	993
59596569	664283122	1086
59596526	664283244	1609
59596540	664283327	2095
59596572	664283468	1666
59596522	664283520	2106
59596523	664283624	929
59596557	664283775	2291
59596565	664283873	2293
59596522	664283958	1883
59596545	664284022	1953
59596527	664284175	1968
59596561	664284273	1864
59596534	664284372	930
59596572	664284421	927
59596580	664284583	927
59596572	664284668	924
59596547	664284718	935
59596528	664284882	939
59596528	664284916	942
59596537	664285070	952
59596543	664285181	954
59596576	664285275	976
59596536	664285373	973
59596557	664285481	2414
59596582	664285520	2421
59596540	664285624	2426
59596531	664285754	2440
59596554	664285875	2448
59596547	664285985	2477
59596532	664286082	2521
59596531	664286181	2530
59596546	664286222	2526
59596546	664286321	2491
59596583	664286478	2444
59596526	664286549	2438
59596536	664286678	2427
59596630	664282554	2164
59596636	664282621	2159
59596680	664282724	2152
59596625	664282828	2161
59596635	664282925	2162
59596676	664283074	1058
59596633	664283173	1136
59596619	664283237	2037
59596625	664283324	2099
59596638	664283476	2170
59596674	664283541	2558
59596641	664283676	1752
59596674	664283737	2241
59596670	664283819	1935
59596623	664283940	2172
59596669	664284074	2220
59596634	664284178	1889
59596628	664284230	1889
59596624	664284368	928
59596639	664284421	925
59596655	664284525	921
59596610	664284652	922
59596617	664284751	937
59596692	664284822	933
59596638	664284962	945
59596661	664285072	948
59596690	664285191	952
59596671	664285278	969
59596676	664285350	967
59596640	664285477	2406
59596626	664285545	2421
59596616	664285678	2434
59596619	664285724	2435
59596662	664285874	2447
59596630	664285960	2477
59596619	664286040	2493
59596636	664286125	2521
59596676	664286251	2509
59596676	664286319	2492
59596621	664286470	2445
59596665	664286574	2439
59596645	664286623	2433
59596721	664282564	2149
59596726	664282659	2151
59596766	664282722	2145
59596744	664282825	2155
59596732	664282931	2163
59596759	664283033	1324
59596778	664283153	1293
59596722	664283266	2013
59596726	664283363	2370
59596773	664283420	2236
59596755	664283573	2577
59596725	664283631	2417
59596776	664283777	1614
59596724	664283827	1281
59596765	664283977	1576
59596738	664284028	1579
59596736	664284176	1753
59596783	664284253	992
59596710	664284312	922
59596727	664284477	922
59596740	664284588	919
59596724	664284638	921
59596757	664284785	930
59596764	664284875	933
59596737	664284925	936
59596721	664285083	949
59596777	664285107	949
59596732	664285229	952
59596730	664285372	962
59596719	664285426	2182
59596744	664285579	2426
59596718	664285658	2430
59596719	664285740	2436
59596731	664285824	2440
59596732	664285921	2453
59596724	664286031	2491
59596752	664286178	2530
59596725	664286274	2503
59596731	664286340	2488
59596754	664286423	2456
59596761	664286567	2436
59596752	664286671	2425
59596786	664286732	2427
59596830	664282558	2130
59596824	664282661	2141
59596814	664282744	2146
59596882	664282851	2156
59596878	664282923	2161
59596827	664283029	1353
59596879	664283121	1207
59596852	664283277	2080
59596877	664283357	2561
59596868	664283424	2234
59596834	664283569	2782
59596876	664283681	2788
59596820	664283765	2695
59596867	664283827	2694
59596832	664283924	2609
59596828	664284066	920
59596873	664284178	2185
59596825	664284227	2165
59596880	664284366	917
59596863	664284484	917
59596820	664284528	918
59596872	664284663	915
59596847	664284718	923
59596838	664284840	930
59596870	664284955	934
59596871	664285076	934
59596863	664285124	941
59596875	664285230	1219
59596831	664285332	966
59596828	664285472	2190
59596880	664285519	2416
59596862	664285674	2432
59596823	664285782	2436
59596818	664285843	2443
59596831	664285925	2456
59596825	664286080	2513
59596875	664286131	2520
59596879	664286239	2515
59596820	664286320	2494
59596879	664286421	2455
59596840	664286582	2434
59596862	664286679	2429
59596978	664282541	2134
59596975	664282682	2140
59596921	664282739	2145
59596975	664282831	2154
59596964	664282929	2162
59596956	664283022	2171
59596926	664283179	2515
59596974	664283267	2527
59596925	664283345	2664
59596949	664283475	2658
59596947	664283578	2739
59596978	664283643	2805
59596926	664283780	2782
59596919	664283820	2704
59596924	664283941	2697
59596921	664284030	2602
59596923	664284179	2138
59596927	664284223	2144
59596927	664284360	915
59596927	664284457	915
59596919	664284583	914
59596969	664284627	908
59596979	664284756	923
59596968	664284871	924
59596973	664284937	928
59596920	664285016	933
59596940	664285175	944
59596973	664285234	1221
59596972	664285386	1232
59596983	664285460	2390
59596944	664285520	2415
59596968	664285678	2428
59596927	664285745	2438
59596919	664285855	2444
59596981	664285981	2453
59596956	664286076	2462
59596919	664286125	2471
59596934	664286223	2471
59596972	664286380	2454
59596927	664286433	2450
59596924	664286520	2445
59596964	664286617	2436
59596971	664286725	2428
59597010	664282529	2126
59597019	664282663	2138
59597059	664282775	2147
59597079	664282868	2153
59597054	664282922	2157
59597066	664283029	2281
59597058	664283126	2444
59597045	664283280	2665
59597080	664283324	2649
59597070	664283426	2744
59597020	664283545	2754
59597069	664283631	2659
59597070	664283766	2752
59597024	664283872	2418
59597024	664283931	2284
59597083	664284021	2295
59597024	664284175	2141
59597066	664284277	1058
59597061	664284385	914
59597063	664284479	912
59597014	664284567	910
59597065	664284628	906
59597018	664284766	920
59597013	664284844	925
59597049	664284913	926
59597027	664285021	931
59597075	664285144	937
59597076	664285250	1226
59597026	664285370	2023
59597061	664285425	2180
59597076	664285531	2420
59597023	664285632	2425
59597067	664285725	2432
59597028	664285850	2441
59597029	664285966	2452
59597026	664286031	2457
59597053	664286123	2455
59597025	664286277	2454
59597064	664286319	2452
59597021	664286424	2451
59597067	664286523	2445
59597046	664286626	2435
59597078	664286721	2427
59597143	664282570	2128
59597122	664282623	2133
59597170	664282737	2144
59597126	664282844	2152
59597182	664282920	2161
59597185	664283020	2477
59597123	664283123	2313
59597117	664283225	898
59597173	664283367	2705
59597125	664283447	2740
59597162	664283577	2646
59597129	664283625	2682
59597119	664283781	2687
59597156	664283826	2718
59597182	664283977	2282
59597171	664284067	1797
59597170	664284164	2191
59597133	664284273	1752
59597132	664284318	910
59597153	664284471	905
59597153	664284581	906
59597129	664284687	905
59597130	664284757	914
59597176	664284828	918
59597182	664284966	924
59597142	664285068	933
59597162	664285123	933
59597169	664285273	961
59597125	664285377	1233
59597176	664285431	1236
59597126	664285516	2410
59597140	664285676	2426
59597155	664285724	2431
59597123	664285873	2444
59597124	664285966	2448
59597157	664286025	2446
59597126	664286169	2454
59597124	664286258	2447
59597117	664286341	2452
59597176	664286428	2447
59597132	664286532	2438
59597168	664286618	2436
59597267	664282578	2123
59597240	664282630	2133
59597275	664282753	2141
59597260	664282874	2154
59597227	664282945	2163
59597254	664283020	2166
59597275	664283143	2611
59597263	664283226	2641
59597221	664283374	2525
59597227	664283428	2513
59597274	664283536	1746
59597274	664283631	2662
59597274	664283736	2632
59597215	664283883	2349
59597269	664283932	2255
59597228	664284035	2311
59597271	664284126	1971
59597270	664284219	1937
59597236	664284381	904
59597260	664284421	1764
59597276	664284549	902
59597223	664284618	903
59597278	664284771	912
59597221	664284881	919
59597255	664284987	921
59597271	664285076	927
59597218	664285178	937
59597241	664285276	1228
59597271	664285361	1930
59597240	664285478	2191
59597279	664285580	2423
59597247	664285618	2426
59597228	664285758	2432
59597275	664285825	2436
59597229	664285923	2441
59597217	664286076	2444
59597222	664286125	2486
59597268	664286219	2588
59597253	664286384	2443
59597282	664286472	2440
59597254	664286574	2439
59597229	664286683	2428
59597262	664286721	2429
59597331	664282582	2131
59597382	664282627	2131
59597371	664282766	2148
59597318	664282866	2155
59597340	664282974	2192
59597367	664283022	2193
59597329	664283131	2502
59597347	664283275	2624
59597377	664283380	2533
59597345	664283426	2350
59597372	664283563	2477
59597360	664283623	2693
59597324	664283763	2720
59597322	664283837	2563
59597374	664283972	2489
59597377	664284069	1895
59597321	664284173	902
59597372	664284256	1692
59597374	664284335	1716
59597332	664284431	903
59597372	664284529	900
59597374	664284627	899
59597331	664284783	911
59597350	664284827	910
59597326	664284970	921
59597309	664285063	927
59597335	664285109	929
59597330	664285273	1580
59597378	664285357	2305
59597378	664285469	2154
59597321	664285521	2164
59597376	664285616	2422
59597375	664285756	2430
59597376	664285873	2429
59597369	664285975	2431
59597337	664286070	2431
59597339	664286177	2586
59597326	664286225	2586
59597383	664286344	2436
59597336	664286480	2433
59597323	664286563	2439
59597354	664286679	2431
59597319	664286743	2426
59597477	664282574	2133
59597422	664282679	2138
59597426	664282776	2145
59597428	664282825	2147
59597431	664282934	2162
59597429	664283030	2369
59597421	664283174	2572
59597476	664283248	2261
59597477	664283333	2441
59597470	664283470	2447
59597423	664283571	2665
59597472	664283625	2131
59597473	664283766	1739
59597430	664283865	2426
59597430	664283976	2492
59597419	664284023	1762
59597473	664284123	899
59597475	664284228	1835
59597472	664284320	1868
59597441	664284477	897
59597471	664284524	897
59597428	664284652	895
59597475	664284775	901
59597454	664284876	911
59597424	664284950	915
59597417	664285068	924
59597476	664285127	939
59597426	664285264	1925
59597425	664285387	2372
59597429	664285474	2147
59597435	664285577	2421
59597426	664285643	2422
59597425	664285783	2425
59597425	664285868	2431
59597424	664285960	2425
59597417	664286021	2428
59597476	664286152	2425
59597469	664286263	2428
59597422	664286368	2431
59597416	664286432	2429
59597452	664286522	2427
59597434	664286678	2425
59597481	664286726	2426
59597531	664282577	2141
59597574	664282680	2146
59597562	664282774	2143
59597577	664282842	2151
59597527	664282978	2161
59597527	664283027	889
59597553	664283128	2317
59597576	664283226	899
59597521	664283379	2606
59597525	664283463	2468
59597532	664283532	2609
59597526	664283673	2493
59597533	664283769	2424
59597575	664283873	1923
59597578	664283954	1938
59597504	664284004	2453
59597574	664284122	900
59597575	664284255	1831
59597563	664284370	1887
59597540	664284466	890
59597581	664284518	891
59597520	664284621	891
59597508	664284789	905
59597583	664284826	904
59597557	664284927	908
59597554	664285069	929
59597523	664285163	952
59597527	664285264	1612
59597536	664285380	2376
59597586	664285413	2378
59597577	664285545	2396
59597572	664285621	2158
59597577	664285721	2160
59597523	664285852	2420
59597526	664285919	2418
59597580	664286020	2412
59597526	664286124	2422
59597520	664286284	2421
59597580	664286376	2240
59597522	664286463	2426
59597566	664286523	2418
59597575	664286674	2414
59597530	664286780	2423
59597675	664282519	2154
59597666	664282677	2156
59597663	664282721	2151
59597646	664282825	2152
59597618	664282917	2156
59597640	664283070	908
59597657	664283176	2156
59597671	664283224	2146
59597630	664283332	2193
59597679	664283462	2209
59597678	664283535	1046
59597668	664283628	2024
59597631	664283730	1869
59597625	664283870	1347
59597678	664283963	888
59597625	664284007	891
59597639	664284187	1030
59597676	664284213	1015
59597635	664284333	891
59597686	664284410	890
59597683	664284535	889
59597681	664284628	887
59597647	664284785	900
59597664	664284875	904
59597677	664284946	907
59597658	664285068	927
59597668	664285144	956
59597630	664285263	1568
59597630	664285325	2170
59597633	664285474	2160
59597650	664285522	2161
59597617	664285638	2156
59597634	664285725	2158
59597630	664285867	2157
59597674	664285974	2154
59597677	664286025	2161
59597675	664286153	2150
59597678	664286217	2160
59597677	664286341	2236
59597672	664286421	2208
59597619	664286533	2405
59597622	664286624	1921
59597628	664286766	2196
59597784	664282583	2165
59597730	664282685	2161
59597723	664282720	2158
59597741	664282878	2162
59597764	664282976	2163
59597773	664283040	1869
59597724	664283172	936
59597730	664283225	917
59597722	664283325	2241
59597731	664283449	1040
59597731	664283569	2052
59597729	664283631	1460
59597767	664283726	1480
59597732	664283822	1904
59597731	664283924	1313
59597770	664284020	886
59597726	664284127	890
59597727	664284264	951
59597709	664284356	888
59597790	664284478	885
59597745	664284563	883
59597773	664284665	886
59597758	664284761	887
59597766	664284859	899
59597729	664284968	908
59597765	664285092	925
59597721	664285180	1182
59597724	664285275	2062
59597725	664285348	2170
59597723	664285422	2161
59597781	664285518	2160
59597746	664285674	2159
59597781	664285717	2236
59597723	664285875	2229
59597773	664285954	2157
59597718	664286084	2157
59597733	664286125	2365
59597763	664286223	2375
59597748	664286377	2240
59597735	664286425	2239
59597744	664286574	1230
59597780	664286651	1225
59597774	664286781	2692
59597824	664282573	2090
59597828	664282629	1510
59597820	664282727	937
59597878	664282844	919
59597860	664282978	951
59597862	664283074	1067
59597841	664283122	1097
59597831	664283267	889
59597814	664283342	2296
59597821	664283489	1916
59597870	664283566	896
59597832	664283630	2322
59597877	664283720	1509
59597834	664283827	897
59597875	664283952	885
59597822	664284042	885
59597820	664284159	885
59597822	664284282	983
59597890	664284364	987
59597880	664284481	883
59597890	664284517	880
59597860	664284686	880
59597819	664284776	887
59597876	664284816	892
59597827	664284946	900
59597837	664285013	916
59597818	664285179	968
59597874	664285265	2161
59597821	664285382	2160
59597818	664285474	2159
59597819	664285524	2163
59597859	664285622	2160
59597882	664285781	2159
59597821	664285855	2160
59597821	664285927	2158
59597846	664286023	2372
59597822	664286127	2195
59597884	664286276	2204
59597867	664286320	2159
59597827	664286436	1271
59597873	664286588	973
59597832	664286686	974
59597850	664286713	972
59597940	664282533	669
59597914	664282618	917
59597980	664282705	675
59597968	664282847	680
59597955	664282976	935
59597927	664283060	957
59597925	664283127	894
59597932	664283219	883
59597935	664283315	975
59597915	664283486	1034
59597922	664283579	1032
59597945	664283677	1487
59597925	664283778	1450
59597927	664283835	887
59597937	664283925	1363
59597965	664284017	882
59597980	664284151	881
59597975	664284231	958
59597924	664284344	1043
59597958	664284490	884
59597986	664284574	880
59597963	664284663	876
59597946	664284784	886
59597917	664284885	892
59597932	664284969	1180
59597967	664285033	1229
59597972	664285160	1241
59597957	664285275	2018
59597975	664285341	2176
59597921	664285444	2159
59597974	664285571	2159
59597976	664285625	2159
59597934	664285767	2160
59597933	664285830	2158
59597918	664285927	2159
59597976	664286065	2157
59597960	664286130	2178
59597920	664286268	2157
59597919	664286341	2157
59597941	664286425	1665
59597924	664286541	973
59597979	664286681	971
59597979	664286775	974
59598044	664282529	675
59598079	664282635	683
59598077	664282784	686
59598076	664282843	686
59598068	664282947	692
59598024	664283039	876
59598079	664283131	953
59598064	664283221	930
59598051	664283319	970
59598046	664283472	999
59598072	664283538	884
59598051	664283689	887
59598034	664283776	887
59598067	664283808	885
59598012	664283912	882
59598032	664284030	880
59598020	664284129	883
59598025	664284281	971
59598058	664284325	1052
59598018	664284485	879
59598040	664284524	877
59598075	664284675	874
59598021	664284780	879
59598075	664284878	1202
59598081	664284936	1327
59598014	664285060	1269
59598016	664285178	1268
59598069	664285235	2137
59598077	664285378	2159
59598079	664285477	2160
59598037	664285579	2159
59598075	664285626	2278
59598075	664285760	2162
59598079	664285839	2157
59598027	664285973	2158
59598077	664286051	2326
59598022	664286140	2156
59598038	664286279	2157
59598022	664286384	2158
59598072	664286454	2016
59598087	664286584	971
59598071	664286664	971
59598011	664286723	971
59598188	664282572	695
59598125	664282630	688
59598130	664282720	691
59598169	664282854	706
59598121	664282971	698
59598118	664283052	972
59598176	664283176	974
59598122	664283281	987
59598114	664283386	876
59598155	664283426	1733
59598164	664283525	1614
59598156	664283661	886
59598165	664283777	881
59598182	664283845	877
59598104	664283977	877
59598187	664284086	875
59598143	664284182	882
59598146	664284275	1026
59598146	664284325	1042
59598169	664284476	873
59598187	664284541	872
59598179	664284627	871
59598155	664284776	870
59598159	664284825	878
59598128	664284936	1200
59598148	664285022	1357
59598163	664285178	975
59598131	664285272	2147
59598120	664285379	2179
59598121	664285481	2160
59598176	664285525	1236
59598122	664285642	2166
59598120	664285781	2230
59598127	664285882	2183
59598119	664285954	2208
59598124	664286070	2190
59598148	664286174	2196
59598180	664286261	1231
59598134	664286328	1621
59598122	664286425	2214
59598168	664286578	971
59598125	664286681	970
59598167	664286716	970
59598202	664282554	698
59598267	664282680	2078
59598261	664282720	2101
59598280	664282876	2154
59598245	664282924	721
59598235	664283079	949
59598228	664283147	957
59598225	664283270	903
59598225	664283367	1741
59598261	664283475	1822
59598235	664283525	1900
59598271	664283669	1240
59598271	664283732	882
59598218	664283820	879
59598277	664283919	874
59598254	664284073	871
59598262	664284176	870
59598254	664284271	1016
59598231	664284374	871
59598237	664284481	872
59598233	664284523	872
59598278	664284653	866
59598272	664284733	863
59598218	664284847	1198
59598247	664284974	1232
59598225	664285026	1251
59598269	664285129	1096
59598229	664285270	1210
59598237	664285376	2092
59598223	664285470	1850
59598218	664285581	1232
59598226	664285649	2144
59598219	664285740	1230
59598235	664285878	1230
59598251	664285925	1226
59598276	664286018	967
59598245	664286175	1227
59598225	664286224	1231
59598222	664286343	1227
59598277	664286479	970
59598283	664286586	978
59598233	664286646	972
59598246	664286737	972
59598221	664286863	1382
59598366	664282535	709
59598381	664282625	2247
59598353	664282777	2092
59598379	664282876	2604
59598330	664282972	1029
59598368	664283076	1581
59598374	664283165	1923
59598357	664283226	2092
59598329	664283373	2106
59598330	664283472	1917
59598328	664283570	1535
59598325	664283681	1682
59598371	664283724	1758
59598339	664283869	877
59598340	664283919	869
59598378	664284031	867
59598318	664284128	871
59598369	664284274	968
59598313	664284336	889
59598326	664284452	868
59598374	664284562	866
59598325	664284679	865
59598321	664284768	864
59598330	664284839	1281
59598370	664284983	883
59598323	664285072	1305
59598381	664285134	1289
59598325	664285217	925
59598321	664285316	1080
59598351	664285473	951
59598384	664285540	945
59598398	664285652	952
59598323	664285739	960
59598318	664285867	962
59598331	664285911	961
59598370	664286025	966
59598315	664286130	970
59598331	664286225	966
59598343	664286327	971
59598350	664286479	2138
59598375	664286578	2143
59598320	664286652	969
59598311	664286753	971
59598326	664286858	1356
59598439	664282573	2336
59598480	664282669	2345
59598467	664282732	2385
59598479	664282818	2728
59598468	664282930	2612
59598428	664283068	1858
59598474	664283124	1362
59598428	664283259	1726
59598480	664283373	2013
59598479	664283457	1939
59598427	664283577	2087
59598473	664283671	1937
59598476	664283733	1732
59598476	664283835	1742
59598473	664283979	1597
59598411	664284016	865
59598425	664284121	867
59598436	664284242	957
59598439	664284316	1005
59598433	664284467	865
59598431	664284549	865
59598465	664284639	858
59598475	664284780	858
59598421	664284882	1234
59598430	664284926	1237
59598448	664285025	884
59598449	664285134	1168
59598434	664285262	926
59598448	664285376	1083
59598426	664285431	1060
59598447	664285553	943
59598461	664285677	949
59598494	664285748	950
59598480	664285822	952
59598429	664285922	959
59598473	664286048	2116
59598480	664286129	2116
59598470	664286225	1645
59598422	664286375	2113
59598468	664286423	2162
59598475	664286571	2329
59598468	664286679	2185
59598467	664286721	1815
59598432	664286868	1450
59598569	664282571	2278
59598580	664282622	2890
59598580	664282770	2722
59598528	664282873	2545
59598531	664282930	2643
59598532	664283029	2671
59598574	664283159	1826
59598574	664283221	1897
59598575	664283326	2130
59598520	664283420	2273
59598527	664283538	2234
59598578	664283633	2240
59598537	664283775	1624
59598523	664283866	1533
59598573	664283955	1668
59598525	664284064	862
59598569	664284188	863
59598573	664284269	985
59598542	664284344	864
59598581	664284431	860
59598576	664284546	859
59598573	664284628	854
59598560	664284768	854
59598513	664284871	867
59598524	664284977	873
59598580	664285030	878
59598572	664285184	902
59598513	664285250	912
59598571	664285371	928
59598557	664285481	939
59598523	664285543	942
59598562	664285662	946
59598580	664285748	949
59598534	664285832	952
59598561	664285915	953
59598575	664286074	2092
59598525	664286136	2130
59598579	664286270	2227
59598577	664286371	2043
59598557	664286472	2516
59598565	664286577	2347
59598526	664286665	1878
59598519	664286782	1801
59598572	664286863	1926
59598669	664282528	1554
59598633	664282629	2152
59598665	664282771	2851
59598623	664282870	2892
59598664	664282927	2566
59598621	664283074	2427
59598628	664283165	2870
59598623	664283238	2133
59598634	664283375	2292
59598662	664283428	1331
59598637	664283581	2241
59598626	664283658	2196
59598661	664283778	1985
59598647	664283826	1665
59598619	664283976	857
59598624	664284081	858
59598680	664284129	858
59598667	664284249	856
59598672	664284330	995
59598639	664284463	859
59598662	664284526	855
59598681	664284664	853
59598630	664284771	855
59598661	664284873	859
59598618	664284983	873
59598653	664285026	876
59598672	664285174	896
59598693	664285233	906
59598678	664285319	918
59598636	664285455	935
59598645	664285525	940
59598686	664285630	1636
59598669	664285724	951
59598671	664285875	1886
59598636	664285981	2259
59598631	664286080	1798
59598667	664286128	2127
59598620	664286220	2189
59598629	664286371	2310
59598676	664286437	2667
59598671	664286535	2496
59598626	664286630	2558
59598680	664286778	2413
59598670	664286830	2095
59598768	664282527	2785
59598776	664282668	2756
59598774	664282726	2753
59598773	664282870	2950
59598725	664282932	2611
59598775	664283029	2837
59598724	664283131	2910
59598721	664283233	1867
59598722	664283380	2212
59598778	664283454	2270
59598779	664283577	2263
59598725	664283666	2209
59598724	664283768	1641
59598714	664283885	1475
59598764	664283973	853
59598717	664284022	854
59598780	664284127	850
59598733	664284226	856
59598722	664284315	859
59598797	664284451	854
59598717	664284558	857
59598769	664284665	852
59598783	664284757	846
59598734	664284869	857
59598747	664284980	869
59598763	664285078	882
59598783	664285179	895
59598779	664285236	910
59598786	664285385	1517
59598773	664285431	1487
59598777	664285529	1554
59598769	664285630	1667
59598769	664285769	1688
59598727	664285873	1655
59598728	664285970	1950
59598725	664286032	2175
59598744	664286177	2249
59598755	664286275	2289
59598725	664286330	2602
59598737	664286472	2659
59598729	664286578	2646
59598739	664286675	2744
59598783	664286717	2570
59598775	664286848	2640
59598875	664282522	2526
59598875	664282656	2750
59598877	664282773	2765
59598880	664282819	2673
59598863	664282974	2253
59598861	664283074	2766
59598817	664283106	1980
59598869	664283202	814
59598828	664283379	2059
59598874	664283431	1319
59598828	664283530	1870
59598842	664283687	1550
59598868	664283721	1466
59598874	664283841	1419
59598874	664283962	853
59598823	664284071	847
59598877	664284180	848
59598843	664284271	855
59598813	664284334	850
59598868	664284478	851
59598877	664284555	848
59598881	664284627	849
59598815	664284714	847
59598828	664284823	847
59598823	664284947	860
59598864	664285026	1186
59598879	664285179	1475
59598875	664285231	928
59598871	664285335	1223
59598828	664285431	1523
59598818	664285576	1708
59598873	664285673	1907
59598868	664285725	1958
59598823	664285881	1885
59598870	664285932	2252
59598836	664286075	2368
59598866	664286171	2565
59598818	664286220	2550
59598876	664286378	2799
59598838	664286478	2657
59598883	664286585	2747
59598844	664286675	2887
59598832	664286729	2747
59598825	664286826	2191
59598974	664282578	2617
59598976	664282675	2604
59598932	664282719	2650
59598971	664282877	1374
59598927	664282932	2103
59598922	664283064	2334
59598980	664283128	2081
59598933	664283229	813
59598946	664283320	822
59598923	664283459	1351
59598927	664283528	1377
59598973	664283673	852
59598952	664283772	1743
59598968	664283823	852
59598911	664283924	849
59598950	664284070	845
59598951	664284175	847
59598973	664284233	846
59598954	664284318	852
59598963	664284482	846
59598939	664284515	847
59598976	664284622	846
59598922	664284726	843
59598930	664284827	844
59598931	664284975	1315
59598936	664285075	1261
59598977	664285177	1518
59598922	664285235	1494
59598958	664285375	1722
59598922	664285459	1566
59598974	664285568	1969
59598975	664285663	2071
59598974	664285772	2061
59598976	664285861	2406
59598973	664285978	2756
59598978	664286074	2836
59598944	664286177	2685
59598917	664286258	2780
59598969	664286368	2794
59598968	664286421	2456
59598923	664286522	2866
59598968	664286634	2871
59598981	664286728	2914
59598923	664286825	2688
59598976	664286928	2879
59599061	664282579	2065
59599074	664282676	1931
59599075	664282762	2547
59599039	664282825	1614
59599085	664282946	1861
59599021	664283028	1887
59599024	664283129	1930
59599038	664283227	944
59599094	664283391	838
59599033	664283453	843
59599055	664283529	1352
59599066	664283629	1699
59599029	664283756	1787
59599078	664283829	1513
59599087	664283937	2007
59599043	664284076	1392
59599062	664284117	842
59599058	664284219	842
59599064	664284364	845
59599013	664284433	848
59599014	664284510	847
59599071	664284672	840
59599045	664284723	839
59599073	664284870	1357
59599068	664284973	1387
59599066	664285077	1418
59599038	664285125	1367
59599080	664285220	1529
59599025	664285365	1157
59599023	664285460	1659
59599025	664285528	1654
59599024	664285675	2043
59599074	664285737	2350
59599074	664285880	2600
59599071	664285953	2673
59599026	664286071	2671
59599031	664286131	2295
59599074	664286238	2941
59599033	664286376	3014
59599051	664286418	2978
59599072	664286574	2907
59599020	664286664	3100
59599066	664286724	2835
59599074	664286826	3088
59599126	664282567	1661
59599121	664282627	1906
59599176	664282757	1342
59599173	664282844	2046
59599121	664282918	2634
59599130	664283030	2179
59599128	664283136	1018
59599132	664283279	901
59599148	664283366	838
59599124	664283426	855
59599175	664283553	2045
59599173	664283665	2295
59599163	664283722	1722
59599131	664283875	1955
59599179	664283928	2007
59599177	664284023	2218
59599129	664284172	1938
59599135	664284228	1930
59599118	664284387	844
59599121	664284478	840
59599184	664284532	839
59599164	664284609	842
59599167	664284772	1397
59599171	664284824	1432
59599136	664284975	1428
59599123	664285034	1480
59599133	664285127	1049
59599160	664285285	1503
59599137	664285320	1498
59599131	664285468	2015
59599168	664285527	1513
59599126	664285635	2335
59599123	664285732	2423
59599126	664285824	2630
59599170	664285925	2691
59599166	664286077	2823
59599126	664286126	2752
59599171	664286261	2892
59599127	664286346	2981
59599180	664286464	3053
59599176	664286532	3133
59599124	664286666	2975
59599149	664286774	3118
59599178	664286855	3135
59599137	664286927	3011
59599230	664282570	1683
59599225	664282630	982
59599222	664282775	1499
59599229	664282872	1893
59599230	664282930	2018
59599263	664283021	1898
59599223	664283168	1981
59599217	664283273	950
59599273	664283377	2023
59599232	664283470	1894
59599221	664283576	2213
59599234	664283678	2023
59599278	664283718	1697
59599229	664283829	1619
59599230	664283928	1878
59599272	664284076	2194
59599224	664284125	2288
59599278	664284224	1425
59599232	664284318	1920
59599260	664284427	1457
59599288	664284581	839
59599222	664284633	838
59599282	664284784	1350
59599231	664284828	1370
59599228	664284966	1437
59599276	664285053	1403
59599242	664285124	1474
59599219	664285271	1525
59599267	664285321	1517
59599219	664285416	1576
59599269	664285532	2055
59599269	664285625	2285
59599235	664285779	2583
59599218	664285872	2667
59599230	664285975	2807
59599221	664286039	2845
59599276	664286124	2842
59599271	664286280	2944
59599223	664286322	2932
59599270	664286425	3027
59599275	664286528	3137
59599225	664286649	2681
59599245	664286773	3080
59599278	664286865	2801
59599265	664286922	2711
59599374	664282539	1779
59599327	664282628	1816
59599372	664282761	1765
59599374	664282867	961
59599332	664282973	1016
59599335	664283071	954
59599365	664283174	2326
59599373	664283234	2500
59599328	664283335	2087
59599373	664283431	1933
59599321	664283535	848
59599335	664283678	2513
59599331	664283778	2156
59599369	664283828	2051
59599377	664283932	2147
59599323	664284036	2015
59599326	664284147	2031
59599378	664284273	1995
59599366	664284323	1592
59599313	664284421	837
59599324	664284532	835
59599339	664284620	833
59599324	664284777	1326
59599338	664284872	1390
59599328	664284953	1424
59599328	664285079	1403
59599339	664285128	1382
59599359	664285270	1501
59599375	664285365	1524
59599367	664285420	1562
59599326	664285548	2087
59599368	664285669	2037
59599376	664285775	2600
59599339	664285874	2662
59599363	664285975	2825
59599343	664286025	2937
59599323	664286175	2927
59599367	664286231	3142
59599325	664286377	3120
59599321	664286425	2911
59599347	664286526	3077
59599364	664286664	3035
59599360	664286721	3038
59599323	664286827	3061
59599331	664286921	3008
59599412	664282525	758
59599429	664282646	1832
59599422	664282754	1754
59599443	664282825	765
59599455	664282981	970
59599486	664283056	910
59599426	664283166	780
59599430	664283275	937
59599472	664283330	2508
59599431	664283471	2436
59599477	664283549	2488
59599423	664283624	2209
59599471	664283774	2408
59599479	664283822	2503
59599467	664283927	2592
59599424	664284075	2068
59599432	664284174	2266
59599468	664284270	1594
59599475	664284376	2321
59599422	664284428	1623
59599441	664284585	832
59599421	664284662	831
59599432	664284767	824
59599468	664284829	1259
59599423	664284928	1377
59599426	664285036	1360
59599418	664285175	1027
59599423	664285224	1427
59599455	664285324	1468
59599418	664285475	1526
59599426	664285522	2073
59599482	664285624	1863
59599470	664285772	2275
59599424	664285873	2701
59599444	664285924	2721
59599447	664286025	2587
59599473	664286127	2975
59599469	664286278	3076
59599473	664286331	3024
59599477	664286449	3154
59599418	664286581	3109
59599425	664286637	3034
59599474	664286776	3053
59599474	664286833	2959
59599576	664282531	844
59599532	664282626	809
59599574	664282774	1889
59599554	664282824	1888
59599578	664282938	1901
59599583	664283086	768
59599576	664283126	2079
59599558	664283275	2683
59599575	664283366	2600
59599571	664283474	2563
59599545	664283525	832
59599572	664283628	2624
59599525	664283767	2445
59599576	664283847	2765
59599577	664283936	2694
59599570	664284071	2699
59599542	664284124	2698
59599581	664284236	2310
59599574	664284364	2095
59599553	664284421	2322
59599525	664284565	1498
59599583	664284664	824
59599570	664284775	820
59599547	664284829	822
59599523	664284963	832
59599589	664285056	972
59599577	664285173	1142
59599528	664285235	1304
59599569	664285366	1040
59599525	664285417	1317
59599525	664285579	1301
59599577	664285621	1286
59599531	664285731	2515
59599530	664285867	2618
59599524	664285976	2461
59599557	664286023	2659
59599521	664286124	2978
59599555	664286226	3021
59599564	664286324	3115
59599574	664286462	3124
59599564	664286520	3101
59599527	664286672	3051
59599551	664286723	3072
59599535	664286825	3035
59599526	664286981	2873
59599674	664282583	2092
59599677	664282642	2093
59599679	664282728	2098
59599675	664282867	2120
59599669	664282923	2136
59599666	664283021	2119
59599675	664283159	828
59599633	664283228	2340
59599668	664283372	2456
59599634	664283426	1871
59599675	664283520	2134
59599671	664283670	2634
59599629	664283772	1592
59599626	664283874	2770
59599625	664283975	2788
59599675	664284022	2888
59599613	664284130	2662
59599623	664284261	1730
59599679	664284332	2260
59599626	664284434	2259
59599684	664284563	2335
59599617	664284686	823
59599674	664284710	821
59599616	664284843	820
59599685	664284928	825
59599681	664285071	1125
59599656	664285124	1131
59599655	664285285	1014
59599622	664285333	1029
59599619	664285448	1048
59599677	664285556	1056
59599630	664285670	1438
59599624	664285748	2365
59599634	664285835	2548
59599628	664285971	2671
59599632	664286073	2982
59599625	664286159	3079
59599619	664286217	2965
59599645	664286323	3150
59599624	664286446	3051
59599683	664286577	3140
59599672	664286625	2982
59599626	664286772	2601
59599620	664286837	2882
59599681	664286966	2907
59599779	664282530	2117
59599764	664282675	2249
59599774	664282781	2122
59599782	664282862	2125
59599725	664282976	2135
59599755	664283026	2120
59599726	664283141	2576
59599731	664283226	2367
59599757	664283372	2086
59599721	664283421	2176
59599769	664283574	2504
59599733	664283627	2591
59599724	664283770	2616
59599734	664283877	2772
59599777	664283976	2185
59599728	664284026	2860
59599776	664284124	2086
59599771	664284279	2731
59599779	664284378	990
59599727	664284468	2226
59599731	664284575	2405
59599742	664284625	2390
59599729	664284733	817
59599769	664284862	819
59599728	664284945	824
59599736	664285068	830
59599761	664285126	1123
59599779	664285222	1132
59599764	664285325	1003
59599782	664285473	1024
59599721	664285588	1279
59599720	664285617	1061
59599774	664285741	2264
59599727	664285829	2567
59599728	664285973	2582
59599769	664286034	2143
59599727	664286123	2692
59599736	664286225	3027
59599738	664286321	2642
59599737	664286479	3043
59599778	664286527	3082
59599713	664286617	2811
59599774	664286730	2926
59599724	664286872	2806
59599768	664286930	2886
59599827	664282550	2134
59599823	664282663	2246
59599818	664282718	2132
59599880	664282848	2148
59599842	664282977	2139
59599875	664283025	2130
59599876	664283126	2203
59599821	664283241	846
59599826	664283334	2109
59599875	664283469	2200
59599821	664283581	2544
59599852	664283625	2580
59599826	664283743	2612
59599865	664283876	1562
59599866	664283927	2173
59599835	664284072	2845
59599829	664284168	2054
59599879	664284252	2800
59599876	664284355	2611
59599869	664284424	2079
59599876	664284569	2390
59599874	664284677	1699
59599816	664284786	812
59599870	664284822	806
59599866	664284940	818
59599819	664285082	828
59599826	664285168	1121
59599825	664285224	980
59599863	664285343	992
59599875	664285430	1007
59599819	664285537	1024
59599820	664285666	1799
59599825	664285777	2224
59599832	664285830	1996
59599875	664285936	1058
59599827	664286050	2625
59599867	664286177	2311
59599822	664286276	2528
59599833	664286377	2926
59599819	664286424	2616
59599821	664286555	2827
59599827	664286627	2802
59599829	664286767	3106
59599864	664286876	2797
59599871	664286969	2841
59599920	664282527	2156
59599922	664282623	2158
59599980	664282778	2169
59599979	664282834	2169
59599918	664282920	2155
59599976	664283067	2117
59599976	664283168	2309
59599928	664283230	2447
59599979	664283322	2561
59599937	664283424	2568
59599925	664283572	1930
59599925	664283636	2745
59599929	664283773	2681
59599922	664283880	2937
59599976	664283921	2211
59599924	664284031	2306
59599965	664284176	2864
59599923	664284273	2472
59599924	664284374	985
59599922	664284424	1550
59599977	664284527	2425
59599975	664284679	807
59599930	664284786	806
59599957	664284880	811
59599936	664284929	817
59599979	664285019	817
59599959	664285176	1105
59599926	664285272	966
59599917	664285368	989
59599981	664285421	1132
59599926	664285525	1121
59599925	664285654	1019
59599967	664285772	1890
59599978	664285856	1937
59599960	664285926	1019
59599928	664286071	2501
59599926	664286128	2286
59599967	664286273	2087
59599923	664286333	2560
59599958	664286422	2250
59599932	664286530	2558
59599927	664286665	2814
59599928	664286740	2649
59599965	664286824	1636
59599974	664286970	2280
59599962	664287027	2279
59596653	664281882	595
59596621	664282286	583
59596609	664282346	586
59596678	664282444	2156
59596762	664280974	2154
59596726	664281063	2155
59596730	664281169	2157
59596754	664281273	2155
59596764	664281328	2160
59596775	664281452	2156
59596769	664281571	2146
59596743	664281629	2151
59596742	664281732	594
59596732	664281823	2153
59596774	664281959	2144
59596763	664282069	2150
59596770	664282136	2148
59596729	664282227	2152
59596751	664282316	597
59596755	664282480	2145
59596866	664279728	1812
59596874	664279835	2166
59596872	664279935	2155
59596871	664280066	2149
59596851	664280193	562
59596873	664280225	2144
59596864	664280374	2145
59596834	664280428	2149
59596846	664280528	2148
59596826	664280663	2144
59596839	664280772	2147
59596825	664280821	2145
59596856	664280927	2143
59596826	664281061	2146
59596873	664281165	2148
59596837	664281228	2149
59596871	664281373	2162
59596828	664281432	2157
59596823	664281541	2147
59596836	664281674	2142
59596840	664281725	2138
59596873	664281872	2134
59596825	664281931	2142
59596876	664282045	2132
59596852	664282174	2161
59596837	664282273	2136
59596867	664282372	2128
59596823	664282419	2135
59596976	664278634	247
59596975	664278854	284
59596960	664278929	770
59596936	664279066	470
59596969	664279162	477
59596944	664279210	487
59596926	664279365	522
59596925	664279455	528
59596967	664279529	537
59596963	664279627	1516
59596961	664279773	2046
59596965	664279828	2155
59596963	664279973	2150
59596929	664280029	2149
59596930	664280171	2139
59596968	664280272	2129
59596930	664280329	2135
59596974	664280439	2126
59596962	664280576	566
59596933	664280664	2132
59596925	664280751	2134
59596930	664280868	2131
59596926	664280931	2133
59596975	664281060	2136
59596969	664281168	2147
59596969	664281226	2152
59596973	664281340	2162
59596976	664281430	2158
59596972	664281562	2147
59596956	664281676	2141
59596928	664281766	2134
59596974	664281836	2129
59596971	664281930	2119
59596974	664282058	2113
59596976	664282129	2115
59596965	664282227	2116
59596961	664282326	2115
59596933	664282430	2119
59597066	664277397	242
59597051	664277470	241
59597068	664277520	245
59597048	664277726	643
59597029	664277846	248
59597030	664277974	251
59597025	664278060	254
59597024	664278159	253
59597026	664278272	247
59597028	664278326	248
59597077	664278438	249
59597026	664278556	249
59597069	664278623	248
59597074	664278726	253
59597046	664278812	276
59597026	664278959	849
59597022	664279090	460
59597035	664279171	471
59597028	664279223	472
59597037	664279334	517
59597077	664279469	520
59597076	664279532	520
59597058	664279627	1796
59597077	664279766	2177
59597029	664279829	2177
59597028	664279973	2153
59597028	664280072	2140
59597030	664280133	2147
59597064	664280236	563
59597068	664280327	2123
59597025	664280462	2121
59597026	664280529	2119
59597069	664280662	2116
59597048	664280772	2115
59597074	664280876	2118
59597072	664280936	2125
59597025	664281063	2136
59597058	664281177	2144
59597060	664281277	2155
59597029	664281330	2162
59597029	664281433	2156
59597030	664281570	2148
59597075	664281638	2144
59597028	664281733	2138
59597074	664281849	2128
59597059	664281972	2118
59597029	664282027	2113
59597041	664282131	2105
59597073	664282228	2098
59597063	664282373	2109
59597072	664282466	2119
59597175	664276370	248
59597177	664276458	252
59597165	664276532	248
59597154	664276623	242
59597174	664276722	243
59597172	664276866	235
59597130	664276966	237
59597169	664277020	233
59597179	664277177	245
59597125	664277266	629
59597146	664277325	625
59597166	664277448	238
59597173	664277568	243
59597156	664277654	234
59597177	664277748	635
59597113	664277857	242
59597163	664277966	246
59597139	664278024	251
59597133	664278133	256
59597124	664278236	251
59597133	664278373	250
59597162	664278420	247
59597171	664278545	247
59597139	664278669	248
59597177	664278769	255
59597162	664278827	267
59597131	664278970	740
59597171	664279070	733
59597164	664279168	469
59597172	664279235	482
59597139	664279380	517
59597175	664279469	515
59597126	664279559	510
59597150	664279625	508
59597134	664279733	2176
59597166	664279876	2164
59597126	664279967	2152
59597130	664280068	2146
59597155	664280124	2139
59597172	664280227	2135
59597176	664280333	2123
59597130	664280474	2111
59597137	664280576	2102
59597139	664280627	2103
59597167	664280763	2108
59597168	664280869	2118
59597168	664280928	2127
59597133	664281027	2133
59597133	664281132	2140
59597173	664281238	2151
59597172	664281369	2320
59597157	664281425	2314
59597138	664281522	2157
59597163	664281674	2137
59597169	664281765	2131
59597174	664281832	2132
59597143	664281930	2117
59597153	664282070	2105
59597129	664282130	2293
59597127	664282228	2294
59597129	664282343	2108
59597162	664282428	2116
59597264	664275168	232
59597271	664275268	228
59597275	664275539	229
59597237	664275635	230
59597268	664275726	237
59597272	664275875	625
59597233	664275972	614
59597224	664276043	240
59597269	664276131	242
59597274	664276249	252
59597248	664276330	249
59597274	664276454	251
59597262	664276571	247
59597264	664276673	247
59597226	664276745	246
59597262	664276834	239
59597271	664276931	239
59597235	664277070	237
59597229	664277139	239
59597231	664277231	625
59597232	664277335	627
59597228	664277474	237
59597242	664277575	244
59597234	664277610	246
59597279	664277740	626
59597242	664277892	248
59597275	664277942	242
59597243	664278071	248
59597240	664278172	254
59597233	664278228	249
59597231	664278365	249
59597258	664278473	249
59597227	664278569	248
59597282	664278672	248
59597276	664278743	250
59597262	664278876	278
59597237	664278925	288
59597273	664279071	746
59597211	664279194	474
59597229	664279259	486
59597232	664279361	511
59597239	664279425	514
59597266	664279574	509
59597269	664279638	514
59597276	664279741	1308
59597267	664279871	2163
59597262	664279926	2157
59597276	664280030	2149
59597266	664280127	2143
59597231	664280231	2129
59597233	664280330	2122
59597247	664280475	2114
59597267	664280526	2301
59597236	664280673	2208
59597230	664280730	2108
59597262	664280874	2119
59597233	664280926	2124
59597270	664281031	2134
59597269	664281167	2141
59597275	664281269	2152
59597261	664281327	2157
59597224	664281456	2158
59597230	664281532	2153
59597274	664281649	2147
59597227	664281770	2134
59597267	664281874	2123
59597232	664281974	2118
59597273	664282056	2222
59597276	664282169	1780
59597232	664282272	2236
59597228	664282333	2160
59597272	664282469	2121
59597321	664275057	236
59597324	664275175	226
59597360	664275275	226
59597374	664275350	229
59597331	664275476	228
59597351	664275528	229
59597368	664275671	236
59597334	664275729	237
59597361	664275873	628
59597368	664275972	625
59597327	664276066	238
59597334	664276121	244
59597329	664276226	249
59597346	664276373	249
59597330	664276473	256
59597335	664276526	252
59597325	664276667	246
59597324	664276741	243
59597346	664276873	239
59597364	664276973	241
59597356	664277074	237
59597333	664277152	236
59597376	664277232	246
59597341	664277325	627
59597367	664277483	242
59597364	664277523	238
59597377	664277619	245
59597327	664277725	641
59597367	664277830	633
59597324	664277967	245
59597322	664278037	249
59597324	664278147	253
59597368	664278275	250
59597374	664278374	249
59597347	664278424	248
59597370	664278568	247
59597328	664278670	251
59597362	664278763	243
59597331	664278829	261
59597368	664278953	279
59597367	664279076	734
59597336	664279126	693
59597353	664279273	473
59597325	664279331	492
59597330	664279474	517
59597372	664279570	521
59597361	664279627	529
59597337	664279730	547
59597363	664279874	2164
59597364	664279924	2157
59597323	664280055	2147
59597337	664280128	2143
59597361	664280231	2133
59597332	664280325	2122
59597351	664280424	2120
59597369	664280572	1781
59597367	664280670	2250
59597374	664280770	2253
59597340	664280826	2225
59597327	664280924	2127
59597372	664281065	2136
59597323	664281132	2142
59597341	664281227	2148
59597338	664281330	2153
59597370	664281434	2165
59597376	664281526	2155
59597331	664281672	2145
59597336	664281731	2134
59597328	664281832	2131
59597322	664281927	2121
59597372	664282077	2229
59597327	664282160	2262
59597375	664282234	1794
59597374	664282361	2187
59597360	664282472	2129
59597475	664275028	237
59597436	664275169	229
59597475	664275228	230
59597427	664275373	230
59597456	664275465	230
59597429	664275532	229
59597461	664275625	234
59597472	664275768	234
59597452	664275800	237
59597473	664275933	622
59597460	664276091	242
59597423	664276132	243
59597477	664276238	244
59597450	664276374	253
59597442	664276426	247
59597439	664276573	248
59597470	664276629	248
59597431	664276773	243
59597426	664276870	238
59597434	664276954	238
59597457	664277024	236
59597430	664277129	238
59597442	664277231	247
59597472	664277359	629
59597465	664277475	247
59597428	664277567	243
59597463	664277688	245
59597477	664277734	630
59597466	664277875	627
59597465	664277967	244
59597469	664278030	244
59597478	664278143	253
59597427	664278272	250
59597464	664278368	250
59597473	664278469	249
59597473	664278557	248
59597477	664278630	248
59597436	664278762	249
59597449	664278826	258
59597457	664278944	269
59597439	664279074	778
59597432	664279133	771
59597431	664279278	471
59597449	664279327	477
59597468	664279476	511
59597475	664279534	519
59597468	664279624	530
59597475	664279726	550
59597474	664279843	2170
59597472	664279931	2159
59597474	664280070	2147
59597471	664280175	2141
59597470	664280231	2137
59597444	664280327	2130
59597467	664280473	2132
59597471	664280569	2211
59597469	664280670	2251
59597429	664280730	2265
59597468	664280828	2229
59597472	664280962	2138
59597473	664281051	2139
59597447	664281125	2140
59597475	664281227	2151
59597472	664281370	2321
59597460	664281426	2162
59597474	664281571	2147
59597469	664281625	2149
59597475	664281763	2136
59597474	664281834	2137
59597425	664281947	2133
59597475	664282045	2214
59597438	664282108	684
59597423	664282269	2242
59597470	664282329	2214
59597473	664282436	2139
59597568	664275018	231
59597570	664275136	232
59597530	664275269	230
59597573	664275327	230
59597538	664275427	226
59597552	664275569	224
59597529	664275627	230
59597542	664275776	234
59597522	664275826	238
59597524	664275956	622
59597570	664276031	627
59597555	664276171	240
59597527	664276265	246
59597535	664276368	253
59597574	664276448	250
59597571	664276528	247
59597570	664276636	247
59597526	664276743	248
59597547	664276870	237
59597537	664276923	237
59597526	664277046	233
59597571	664277172	236
59597522	664277254	242
59597563	664277328	624
59597525	664277448	624
59597572	664277567	235
59597526	664277642	245
59597525	664277738	633
59597532	664277869	630
59597567	664277987	244
59597525	664278052	243
59597527	664278130	251
59597522	664278273	249
59597527	664278342	246
59597571	664278432	251
59597571	664278569	248
59597556	664278623	246
59597573	664278770	248
59597553	664278825	256
59597525	664278928	278
59597529	664279033	734
59597530	664279188	452
59597524	664279245	456
59597561	664279327	467
59597567	664279463	500
59597562	664279572	520
59597524	664279672	546
59597520	664279766	561
59597574	664279859	790
59597549	664279973	2156
59597567	664280072	2150
59597573	664280126	2146
59597527	664280233	2134
59597549	664280375	2135
59597529	664280432	2135
59597533	664280523	2137
59597527	664280633	2232
59597528	664280738	2262
59597529	664280830	2230
59597532	664280967	2143
59597527	664281074	2142
59597533	664281127	2145
59597575	664281268	2151
59597532	664281370	2161
59597564	664281428	2161
59597537	664281525	2156
59597573	664281669	2145
59597533	664281774	2139
59597567	664281871	2142
59597545	664281923	2142
59597529	664282064	2219
59597572	664282128	2247
59597522	664282223	2264
59597526	664282361	2143
59597574	664282457	2141
59597630	664275024	231
59597663	664275130	233
59597658	664275225	228
59597629	664275353	227
59597667	664275472	228
59597627	664275571	228
59597640	664275627	227
59597627	664275760	231
59597660	664275827	233
59597668	664275975	624
59597632	664276076	624
59597623	664276170	237
59597659	664276227	240
59597651	664276325	248
59597667	664276464	246
59597631	664276530	245
59597648	664276629	249
59597670	664276730	243
59597631	664276840	240
59597675	664276941	237
59597634	664277051	233
59597674	664277161	236
59597676	664277276	234
59597671	664277364	626
59597628	664277473	627
59597638	664277560	235
59597664	664277627	243
59597670	664277732	243
59597646	664277827	633
59597638	664277990	249
59597668	664278032	245
59597673	664278171	248
59597667	664278262	252
59597660	664278368	251
59597628	664278437	252
59597659	664278520	248
59597663	664278670	249
59597629	664278727	255
59597626	664278855	254
59597670	664278931	268
59597684	664279051	303
59597626	664279133	756
59597663	664279277	454
59597674	664279363	465
59597671	664279423	481
59597643	664279570	513
59597625	664279670	531
59597664	664279732	544
59597650	664279876	568
59597667	664279929	2160
59597632	664280035	2151
59597676	664280174	2144
59597630	664280273	2142
59597673	664280367	2147
59597652	664280422	2144
59597628	664280574	2226
59597627	664280634	2225
59597624	664280736	2276
59597628	664280829	1607
59597667	664280927	2154
59597630	664281028	2148
59597637	664281171	638
59597674	664281269	2151
59597665	664281377	2162
59597628	664281461	611
59597627	664281527	2154
59597644	664281676	2148
59597667	664281770	2151
59597628	664281872	2146
59597675	664281960	2153
59597670	664282071	2151
59597626	664282171	2302
59597627	664282268	2159
59597667	664282324	2149
59597640	664282427	2150
59597764	664275028	235
59597718	664275123	234
59597768	664275275	228
59597755	664275324	226
59597760	664275474	226
59597732	664275534	228
59597746	664275675	223
59597741	664275723	228
59597727	664275874	235
59597731	664275959	243
59597774	664276053	628
59597705	664276197	242
59597737	664276272	241
59597752	664276374	246
59597766	664276468	248
59597737	664276524	246
59597735	664276663	242
59597734	664276727	243
59597730	664276839	241
59597735	664276974	236
59597760	664277072	239
59597739	664277124	234
59597726	664277242	237
59597760	664277366	623
59597732	664277420	628
59597721	664277558	239
59597731	664277648	241
59597777	664277777	248
59597767	664277872	630
59597754	664277931	631
59597757	664278027	243
59597774	664278173	248
59597742	664278227	250
59597743	664278322	251
59597769	664278483	251
59597781	664278528	250
59597763	664278675	245
59597750	664278776	246
59597775	664278823	248
59597767	664278933	261
59597774	664279020	273
59597770	664279163	746
59597728	664279260	792
59597782	664279332	452
59597774	664279458	481
59597776	664279538	496
59597770	664279667	531
59597771	664279736	543
59597729	664279838	561
59597729	664279961	539
59597752	664280075	2150
59597771	664280165	2155
59597770	664280224	2153
59597775	664280369	2156
59597725	664280426	2155
59597729	664280526	2147
59597771	664280668	2160
59597727	664280765	2296
59597733	664280824	2299
59597726	664280930	2154
59597735	664281072	2156
59597729	664281164	2155
59597771	664281230	2159
59597734	664281326	2157
59597726	664281455	2161
59597729	664281568	2156
59597771	664281671	2162
59597774	664281763	2160
59597777	664281853	2162
59597757	664281924	2158
59597727	664282054	2152
59597765	664282124	2160
59597773	664282275	2161
59597745	664282327	2154
59597774	664282471	2163
59597830	664275074	234
59597862	664275172	232
59597832	664275229	236
59597861	664275372	226
59597877	664275425	227
59597861	664275520	223
59597869	664275652	226
59597852	664275723	225
59597856	664275875	238
59597873	664275939	237
59597863	664276073	628
59597825	664276167	641
59597861	664276268	240
59597856	664276372	245
59597872	664276460	246
59597875	664276568	245
59597868	664276630	247
59597841	664276774	242
59597841	664276874	237
59597829	664276969	232
59597861	664277074	235
59597839	664277170	234
59597830	664277221	235
59597840	664277319	231
59597831	664277431	639
59597869	664277530	683
59597837	664277617	234
59597843	664277766	248
59597873	664277816	254
59597827	664277926	690
59597862	664278083	246
59597835	664278174	248
59597830	664278238	248
59597840	664278375	253
59597873	664278427	251
59597832	664278563	249
59597826	664278674	246
59597834	664278727	249
59597877	664278843	250
59597865	664278931	255
59597878	664279065	285
59597866	664279171	763
59597869	664279228	876
59597873	664279362	449
59597872	664279475	478
59597878	664279532	489
59597871	664279663	524
59597872	664279766	540
59597892	664279832	554
59597850	664279924	2162
59597829	664280029	2156
59597846	664280125	2158
59597872	664280270	2160
59597827	664280371	2157
59597830	664280470	2160
59597856	664280581	2161
59597822	664280663	2159
59597870	664280773	2166
59597840	664280870	2165
59597874	664280935	2165
59597871	664281070	2167
59597829	664281130	2159
59597866	664281229	2164
59597828	664281366	2166
59597844	664281422	2170
59597871	664281569	2150
59597832	664281625	2166
59597898	664281729	677
59597848	664281875	1588
59597828	664281969	2165
59597831	664282065	2166
59597825	664282177	2169
59597890	664282296	681
59597855	664282364	685
59597883	664282459	679
59597969	664275039	233
59597972	664275131	238
59597959	664275271	232
59597975	664275376	230
59597975	664275447	231
59597967	664275568	223
59597924	664275677	227
59597928	664275728	224
59597945	664275829	226
59597972	664275929	236
59597977	664276001	237
59597974	664276132	660
59597922	664276289	239
59597927	664276340	243
59597933	664276481	244
59597924	664276580	242
59597927	664276664	240
59597927	664276724	245
59597978	664276859	244
59597976	664276929	234
59597978	664277068	239
59597971	664277124	236
59597935	664277279	235
59597954	664277378	242
59597925	664277470	682
59597927	664277554	676
59597973	664277668	235
59597956	664277781	246
59597964	664277828	616
59597969	664277963	687
59597921	664278081	244
59597928	664278152	244
59597931	664278228	249
59597934	664278364	251
59597936	664278428	251
59597954	664278575	249
59597974	664278642	246
59597967	664278726	247
59597928	664278865	255
59597958	664278970	256
59597932	664279020	280
59597928	664279140	762
59597976	664279224	724
59597940	664279374	439
59597981	664279439	456
59597930	664279537	487
59597952	664279679	514
59597931	664279730	528
59597968	664279819	542
59597982	664279934	547
59597927	664280061	549
59597972	664280135	552
59597972	664280235	549
59597945	664280308	558
59597970	664280464	1321
59597997	664280502	565
59597980	664280640	615
59597936	664280718	622
59597931	664280831	931
59597973	664280967	669
59597964	664281043	663
59597950	664281173	673
59597965	664281269	669
59597972	664281350	674
59597933	664281473	678
59597972	664281555	672
59597927	664281673	678
59597975	664281725	672
59597971	664281832	672
59597975	664281966	672
59597946	664282022	674
59597981	664282159	672
59597980	664282264	674
59597938	664282365	676
59597948	664282476	662
59598028	664275035	237
59598076	664275171	239
59598032	664275228	231
59598032	664275334	239
59598073	664275430	231
59598037	664275570	226
59598031	664275647	226
59598035	664275773	222
59598056	664275876	227
59598069	664275932	234
59598018	664276019	234
59598074	664276167	659
59598044	664276273	662
59598073	664276365	239
59598068	664276460	239
59598029	664276532	233
59598033	664276630	240
59598068	664276772	246
59598033	664276823	240
59598073	664276938	238
59598075	664277027	235
59598066	664277127	236
59598029	664277275	236
59598030	664277327	240
59598063	664277451	254
59598035	664277525	627
59598030	664277673	241
59598064	664277765	242
59598064	664277827	243
59598040	664277969	688
59598019	664278086	254
59598074	664278151	240
59598060	664278275	248
59598035	664278375	254
59598030	664278427	251
59598023	664278575	250
59598031	664278666	245
59598027	664278730	247
59598063	664278828	250
59598034	664278967	258
59598072	664279029	264
59598070	664279171	306
59598075	664279231	716
59598033	664279393	439
59598053	664279425	447
59598052	664279572	481
59598073	664279672	507
59598066	664279731	521
59598064	664279872	546
59598027	664279955	541
59598074	664280055	547
59598030	664280163	548
59598070	664280231	548
59598084	664280383	556
59598061	664280479	555
59598045	664280524	561
59598029	664280662	615
59598027	664280732	617
59598031	664280877	666
59598073	664280931	658
59598031	664281034	663
59598036	664281168	660
59598027	664281257	667
59598066	664281368	666
59598042	664281475	668
59598058	664281525	669
59598073	664281666	669
59598030	664281768	672
59598030	664281861	672
59598066	664281972	669
59598017	664282053	672
59598023	664282160	672
59598054	664282223	674
59598079	664282379	679
59598059	664282474	678
59598167	664275062	238
59598181	664275134	236
59598142	664275277	234
59598171	664275333	231
59598167	664275468	232
59598172	664275571	226
59598173	664275661	223
59598164	664275773	225
59598167	664275866	225
59598178	664275945	233
59598177	664276053	234
59598169	664276143	246
59598127	664276267	658
59598125	664276354	243
59598166	664276460	239
59598178	664276552	232
59598138	664276677	239
59598126	664276736	242
59598165	664276826	246
59598125	664276935	236
59598154	664277077	234
59598149	664277180	236
59598122	664277231	233
59598128	664277330	237
59598186	664277443	239
59598132	664277565	676
59598114	664277670	242
59598171	664277732	242
59598167	664277870	249
59598122	664277964	687
59598122	664278027	689
59598126	664278174	241
59598129	664278228	246
59598158	664278376	252
59598141	664278477	250
59598126	664278576	250
59598172	664278666	247
59598167	664278731	245
59598177	664278847	248
59598123	664278952	254
59598177	664279047	268
59598142	664279123	278
59598159	664279227	742
59598131	664279369	438
59598175	664279472	450
59598134	664279576	478
59598148	664279625	493
59598122	664279750	515
59598166	664279829	565
59598111	664279989	547
59598127	664280052	580
59598178	664280143	545
59598133	664280260	546
59598173	664280337	816
59598126	664280475	557
59598166	664280519	558
59598169	664280678	610
59598157	664280732	611
59598143	664280885	651
59598138	664280973	655
59598170	664281027	653
59598138	664281172	661
59598154	664281224	661
59598150	664281373	661
59598121	664281427	665
59598159	664281525	664
59598170	664281666	668
59598155	664281773	667
59598125	664281845	668
59598159	664281971	668
59598133	664282073	673
59598160	664282126	673
59598127	664282274	674
59598176	664282328	681
59598142	664282426	680
59598224	664275046	242
59598272	664275171	235
59598273	664275243	236
59598226	664275358	234
59598285	664275428	229
59598237	664275521	233
59598268	664275664	226
59598251	664275727	225
59598245	664275875	222
59598269	664275966	224
59598237	664276072	232
59598229	664276148	241
59598227	664276226	662
59598261	664276397	244
59598224	664276428	238
59598255	664276577	236
59598226	664276628	236
59598243	664276725	238
59598263	664276824	244
59598281	664276955	239
59598270	664277070	237
59598240	664277173	235
59598275	664277250	235
59598238	664277325	236
59598230	664277432	238
59598226	664277533	683
59598275	664277667	646
59598221	664277755	240
59598229	664277826	243
59598279	664277907	246
59598241	664278078	627
59598278	664278148	252
59598244	664278275	240
59598270	664278370	251
59598264	664278476	248
59598235	664278530	250
59598261	664278623	250
59598227	664278725	245
59598232	664278871	249
59598278	664278928	249
59598274	664279035	255
59598242	664279150	294
59598252	664279228	747
59598272	664279337	743
59598222	664279409	438
59598266	664279536	460
59598277	664279631	480
59598275	664279731	511
59598270	664279869	963
59598237	664279972	607
59598260	664280061	547
59598227	664280170	545
59598239	664280270	544
59598272	664280337	552
59598264	664280476	554
59598275	664280576	843
59598267	664280626	611
59598267	664280733	608
59598257	664280864	658
59598240	664280973	652
59598262	664281078	655
59598282	664281159	654
59598276	664281252	655
59598233	664281331	660
59598279	664281459	665
59598273	664281552	665
59598272	664281634	665
59598227	664281775	668
59598252	664281827	668
59598232	664281923	669
59598268	664282033	672
59598267	664282123	680
59598228	664282238	679
59598274	664282341	685
59598218	664282447	688
59598371	664275054	236
59598359	664275169	233
59598371	664275226	232
59598373	664275329	238
59598362	664275473	234
59598335	664275571	229
59598364	664275630	231
59598329	664275732	228
59598373	664275836	225
59598328	664275938	222
59598367	664276050	232
59598331	664276124	232
59598369	664276270	625
59598327	664276373	623
59598321	664276439	243
59598324	664276549	229
59598334	664276673	235
59598332	664276730	241
59598366	664276869	246
59598334	664276929	242
59598342	664277027	237
59598365	664277173	234
59598372	664277265	235
59598330	664277376	234
59598364	664277426	235
59598372	664277533	670
59598329	664277636	678
59598345	664277774	234
59598325	664277861	239
59598351	664277945	247
59598371	664278040	631
59598309	664278183	245
59598335	664278270	244
59598321	664278369	249
59598367	664278469	250
59598340	664278524	250
59598329	664278635	248
59598329	664278733	244
59598332	664278863	248
59598331	664278915	248
59598362	664279074	256
59598324	664279128	269
59598372	664279270	490
59598342	664279373	850
59598359	664279465	440
59598362	664279574	455
59598331	664279634	486
59598318	664279767	517
59598373	664279835	553
59598328	664279971	1802
59598328	664280035	542
59598320	664280159	546
59598372	664280251	542
59598392	664280321	550
59598314	664280424	544
59598373	664280586	601
59598367	664280673	601
59598375	664280759	635
59598376	664280889	655
59598352	664280980	654
59598326	664281053	657
59598329	664281130	656
59598372	664281227	663
59598358	664281318	664
59598323	664281467	668
59598336	664281574	669
59598375	664281639	672
59598376	664281745	676
59598372	664281868	673
59598367	664281974	676
59598358	664282074	680
59598331	664282125	679
59598331	664282233	684
59598376	664282353	697
59598334	664282456	701
59598426	664275059	230
59598478	664275150	234
59598425	664275235	240
59598426	664275351	234
59598430	664275437	234
59598448	664275581	231
59598435	664275632	229
59598468	664275731	228
59598476	664275849	227
59598455	664275918	224
59598429	664276033	229
59598428	664276178	226
59598412	664276235	240
59598467	664276372	627
59598474	664276456	621
59598437	664276530	237
59598475	664276648	237
59598447	664276774	241
59598452	664276821	239
59598421	664276974	243
59598426	664277062	238
59598461	664277129	231
59598425	664277239	237
59598458	664277375	229
59598470	664277430	232
59598464	664277511	235
59598429	664277675	682
59598454	664277774	239
59598441	664277868	242
59598479	664277970	252
59598433	664278072	642
59598457	664278169	627
59598436	664278273	242
59598470	664278371	242
59598441	664278426	249
59598472	664278558	245
59598480	664278639	248
59598469	664278773	245
59598470	664278859	249
59598474	664278943	248
59598459	664279024	249
59598463	664279173	285
59598427	664279249	294
59598462	664279325	705
59598460	664279476	445
59598418	664279590	472
59598464	664279632	480
59598476	664279729	510
59598476	664279865	1430
59598431	664279971	2166
59598422	664280039	540
59598440	664280154	548
59598434	664280227	551
59598445	664280343	548
59598437	664280479	551
59598426	664280540	563
59598434	664280672	605
59598475	664280734	627
59598479	664280845	665
59598469	664280928	654
59598458	664281028	656
59598477	664281133	663
59598472	664281273	668
59598426	664281331	669
59598470	664281463	675
59598436	664281535	673
59598461	664281667	674
59598480	664281763	683
59598425	664281853	680
59598467	664281977	683
59598429	664282073	686
59598434	664282129	688
59598427	664282259	697
59598476	664282365	708
59598433	664282469	712
59598537	664275026	227
59598536	664275177	234
59598575	664275260	234
59598527	664275367	233
59598564	664275467	230
59598530	664275535	232
59598526	664275626	235
59598525	664275729	231
59598530	664275873	228
59598575	664275963	233
59598536	664276032	230
59598558	664276126	230
59598524	664276231	229
59598591	664276322	244
59598518	664276492	243
59598548	664276580	235
59598526	664276639	238
59598528	664276743	240
59598539	664276825	242
59598558	664276975	247
59598575	664277044	233
59598525	664277161	235
59598572	664277267	237
59598529	664277333	230
59598572	664277424	234
59598570	664277524	238
59598571	664277631	679
59598556	664277784	233
59598526	664277831	236
59598533	664277919	241
59598568	664278033	629
59598574	664278150	629
59598527	664278267	240
59598535	664278328	243
59598525	664278456	251
59598557	664278573	248
59598559	664278624	244
59598555	664278773	244
59598550	664278826	245
59598569	664278943	250
59598575	664279048	250
59598573	664279137	259
59598520	664279237	285
59598529	664279362	728
59598530	664279432	725
59598577	664279569	466
59598527	664279629	487
59598530	664279771	676
59598579	664279876	536
59598574	664279975	2211
59598530	664280068	2177
59598531	664280129	1972
59598542	664280273	553
59598516	664280390	549
59598505	664280428	552
59598540	664280523	561
59598566	664280672	603
59598525	664280762	627
59598527	664280816	656
59598526	664280941	658
59598567	664281028	661
59598524	664281159	660
59598570	664281266	671
59598576	664281343	671
59598532	664281430	675
59598523	664281543	677
59598529	664281628	681
59598575	664281774	691
59598528	664281874	686
59598541	664281926	691
59598534	664282069	697
59598529	664282170	699
59598575	664282275	709
59598573	664282326	712
59598544	664282429	716
59598672	664275076	227
59598672	664275168	230
59598630	664275270	231
59598672	664275330	226
59598660	664275470	234
59598674	664275555	234
59598681	664275619	232
59598626	664275748	232
59598651	664275877	232
59598623	664275975	232
59598663	664276075	232
59598635	664276127	232
59598631	664276276	230
59598634	664276353	241
59598671	664276437	604
59598631	664276533	234
59598647	664276625	236
59598647	664276777	241
59598674	664276824	239
59598628	664276970	248
59598629	664277069	235
59598624	664277153	235
59598632	664277238	233
59598665	664277349	230
59598622	664277425	231
59598670	664277534	237
59598625	664277645	680
59598632	664277790	243
59598634	664277824	236
59598631	664277972	239
59598692	664278025	246
59598631	664278137	629
59598627	664278269	244
59598623	664278370	241
59598631	664278439	246
59598629	664278533	246
59598632	664278631	247
59598626	664278735	246
59598658	664278827	245
59598672	664278932	248
59598678	664279027	247
59598671	664279172	262
59598627	664279242	289
59598670	664279368	694
59598628	664279426	1050
59598678	664279567	462
59598666	664279629	470
59598610	664279713	488
59598627	664279872	2126
59598669	664279932	2063
59598624	664280065	1805
59598626	664280134	2213
59598673	664280263	2521
59598629	664280367	2797
59598609	664280444	552
59598669	664280575	585
59598628	664280625	605
59598675	664280712	617
59598672	664280843	619
59598672	664280936	663
59598675	664281054	664
59598630	664281169	670
59598674	664281243	675
59598673	664281377	679
59598664	664281464	684
59598666	664281572	689
59598672	664281637	695
59598623	664281771	694
59598661	664281874	700
59598674	664281937	707
59598627	664282036	702
59598636	664282125	708
59598642	664282272	714
59598624	664282354	720
59598654	664282475	731
59598748	664275076	227
59598726	664275129	226
59598727	664275227	226
59598763	664275330	228
59598776	664275435	226
59598726	664275561	238
59598773	664275670	232
59598772	664275728	235
59598770	664275835	233
59598759	664275970	234
59598734	664276068	230
59598740	664276125	229
59598778	664276232	230
59598736	664276321	230
59598728	664276469	631
59598768	664276528	631
59598775	664276640	234
59598758	664276723	233
59598745	664276823	239
59598728	664276930	241
59598772	664277024	243
59598735	664277117	237
59598730	664277218	234
59598726	664277336	233
59598772	664277443	233
59598727	664277559	231
59598727	664277665	680
59598747	664277769	669
59598762	664277877	236
59598725	664277965	242
59598743	664278037	247
59598762	664278169	635
59598773	664278252	625
59598737	664278323	243
59598753	664278426	246
59598777	664278535	248
59598724	664278661	247
59598767	664278766	245
59598768	664278878	252
59598725	664278956	247
59598770	664279078	245
59598769	664279154	254
59598778	664279277	295
59598726	664279367	694
59598787	664279432	398
59598740	664279525	438
59598770	664279671	1963
59598756	664279725	1564
59598773	664279837	1644
59598757	664279973	2151
59598728	664280071	2739
59598766	664280127	2053
59598774	664280268	2270
59598733	664280373	2679
59598723	664280481	557
59598765	664280539	562
59598737	664280671	605
59598763	664280763	617
59598748	664280821	613
59598722	664280924	665
59598774	664281059	674
59598770	664281170	676
59598729	664281271	679
59598725	664281317	680
59598768	664281460	689
59598783	664281583	679
59598734	664281673	701
59598788	664281737	700
59598711	664281813	701
59598767	664281980	1024
59598747	664282052	716
59598775	664282129	721
59598721	664282245	719
59598726	664282359	1264
59598727	664282439	882
59598880	664275049	236
59598871	664275129	227
59598829	664275267	227
59598833	664275327	228
59598862	664275427	229
59598831	664275568	233
59598848	664275678	233
59598828	664275728	232
59598865	664275826	236
59598861	664275971	233
59598855	664276023	229
59598862	664276172	233
59598827	664276254	229
59598867	664276374	230
59598828	664276427	241
59598873	664276573	629
59598879	664276687	230
59598853	664276776	238
59598872	664276837	234
59598872	664276925	239
59598872	664277070	242
59598880	664277133	235
59598829	664277232	232
59598863	664277336	240
59598828	664277466	236
59598871	664277570	236
59598839	664277629	649
59598859	664277726	678
59598865	664277875	237
59598872	664277965	237
59598851	664278025	242
59598873	664278106	251
59598810	664278299	244
59598890	664278388	240
59598856	664278423	241
59598870	664278571	251
59598835	664278673	244
59598865	664278774	252
59598835	664278828	247
59598877	664278946	247
59598821	664279054	247
59598868	664279132	246
59598882	664279244	281
59598815	664279368	356
59598827	664279463	868
59598873	664279535	684
59598834	664279629	839
59598871	664279767	1978
59598853	664279874	1948
59598873	664279930	1904
59598828	664280074	2716
59598875	664280149	2501
59598874	664280238	2686
59598871	664280369	2754
59598853	664280485	564
59598826	664280535	561
59598829	664280648	611
59598834	664280751	620
59598807	664280828	620
59598828	664280928	701
59598824	664281080	685
59598809	664281142	680
59598837	664281227	844
59598866	664281381	708
59598866	664281478	711
59598890	664281511	707
59598836	664281637	714
59598829	664281772	1271
59598814	664281856	728
59598869	664281938	733
59598867	664282031	1169
59598830	664282134	990
59598859	664282295	747
59598826	664282339	1043
59598874	664282425	763
59598974	664275028	228
59598972	664275174	228
59598934	664275222	225
59598974	664275371	230
59598937	664275429	230
59598967	664275563	236
59598930	664275633	236
59598974	664275738	233
59598970	664275873	232
59598938	664275971	236
59598969	664276075	231
59598928	664276132	235
59598945	664276274	229
59598936	664276360	228
59598976	664276424	237
59598927	664276529	631
59598955	664276626	623
59598924	664276731	236
59598973	664276830	235
59598935	664276920	237
59598923	664277034	240
59598963	664277127	239
59598923	664277229	235
59598956	664277376	238
59598933	664277429	232
59598962	664277572	234
59598959	664277623	240
59598949	664277724	680
59598972	664277864	629
59598971	664277972	236
59598976	664278046	244
59598928	664278126	258
59598973	664278266	626
59598970	664278363	242
59598934	664278432	239
59598975	664278533	246
59598949	664278678	246
59598947	664278773	250
59598925	664278832	247
59598972	664278925	248
59598942	664279067	246
59598948	664279123	245
59598934	664279231	268
59598909	664279315	299
59598932	664279474	893
59598926	664279566	1071
59598975	664279648	1004
59598928	664279737	1350
59598933	664279828	1949
59598975	664279946	1699
59598970	664280032	2702
59598970	664280133	2784
59598927	664280237	2416
59598961	664280385	554
59598978	664280473	552
59598951	664280525	563
59598973	664280637	586
59598983	664280718	605
59598996	664280890	653
59598962	664280971	642
59598987	664281040	680
59598973	664281125	683
59598995	664281258	686
59598979	664281359	689
59598980	664281456	694
59598939	664281580	720
59598965	664281652	716
59598916	664281798	739
59598972	664281868	1117
59598926	664281951	722
59598939	664282005	735
59598969	664282198	744
59598919	664282239	737
59598950	664282319	751
59598928	664282431	1135
59599034	664275069	228
59599074	664275162	229
59599040	664275270	230
59599065	664275326	233
59599077	664275471	236
59599032	664275532	234
59599076	664275625	233
59599023	664275760	230
59599060	664275829	232
59599027	664275967	233
59599074	664276077	238
59599044	664276172	235
59599056	664276276	230
59599028	664276327	220
59599043	664276424	230
59599070	664276566	621
59599027	664276672	619
59599018	664276765	234
59599039	664276872	233
59599038	664276970	234
59599030	664277046	235
59599069	664277175	240
59599032	664277275	236
59599046	664277324	233
59599075	664277432	237
59599057	664277575	236
59599031	664277637	238
59599031	664277727	671
59599071	664277840	679
59599076	664277971	235
59599029	664278036	237
59599054	664278110	242
59599025	664278255	626
59599016	664278388	238
59599040	664278422	240
59599026	664278561	247
59599029	664278642	251
59599030	664278768	255
59599025	664278866	246
59599034	664278972	248
59599076	664279057	245
59599045	664279177	247
59599023	664279238	258
59599081	664279313	274
59599073	664279474	625
59599026	664279526	896
59599067	664279628	906
59599038	664279774	480
59599054	664279892	513
59599025	664279946	512
59599029	664280032	1877
59599027	664280132	2628
59599027	664280234	2307
59599063	664280314	543
59599034	664280470	546
59599034	664280571	559
59599070	664280642	570
59599032	664280740	605
59599032	664280824	627
59599074	664280940	659
59599078	664281060	670
59599078	664281170	680
59599024	664281275	688
59599068	664281330	688
59599057	664281426	690
59599021	664281544	701
59599040	664281676	712
59599086	664281755	714
59599064	664281880	720
59599051	664281927	727
59599088	664282013	733
59599015	664282164	744
59599026	664282256	750
59599028	664282332	2169
59599018	664282402	767
59599175	664275035	231
59599183	664275167	231
59599161	664275232	232
59599128	664275371	232
59599126	664275472	233
59599126	664275534	233
59599128	664275648	232
59599146	664275729	236
59599127	664275852	233
59599171	664275927	235
59599171	664276062	233
59599167	664276128	238
59599139	664276227	232
59599162	664276382	221
59599140	664276477	226
59599146	664276544	241
59599174	664276642	626
59599133	664276725	623
59599172	664276862	234
59599170	664276925	231
59599129	664277031	238
59599133	664277129	235
59599133	664277274	239
59599123	664277356	236
59599123	664277454	235
59599151	664277529	235
59599126	664277647	237
59599180	664277773	231
59599141	664277889	224
59599124	664277942	234
59599131	664278053	238
59599108	664278133	236
59599129	664278223	622
59599135	664278387	244
59599160	664278468	236
59599123	664278536	242
59599172	664278642	246
59599159	664278773	248
59599147	664278864	246
59599130	664278925	248
59599174	664279026	247
59599132	664279129	248
59599175	664279256	250
59599127	664279338	274
59599158	664279446	282
59599136	664279572	864
59599107	664279622	449
59599171	664279783	494
59599135	664279832	496
59599172	664279971	2292
59599166	664280035	504
59599166	664280170	1523
59599173	664280232	2792
59599116	664280315	536
59599157	664280476	535
59599129	664280529	545
59599175	664280631	558
59599121	664280770	607
59599125	664280875	636
59599144	664280972	658
59599131	664281034	662
59599166	664281173	678
59599167	664281233	683
59599128	664281339	691
59599123	664281454	693
59599171	664281533	702
59599127	664281637	708
59599132	664281779	717
59599157	664281872	720
59599143	664281980	727
59599185	664282045	718
59599185	664282142	728
59599150	664282281	754
59599157	664282330	750
59599174	664282424	753
59599242	664275074	229
59599266	664275130	232
59599270	664275239	227
59599266	664275378	237
59599281	664275439	231
59599272	664275538	230
59599270	664275675	234
59599275	664275741	232
59599222	664275838	237
59599228	664275955	231
59599226	664276070	233
59599227	664276137	234
59599243	664276274	233
59599272	664276365	232
59599263	664276464	229
59599226	664276527	231
59599267	664276633	655
59599238	664276726	658
59599249	664276873	235
59599229	664276922	233
59599276	664277062	235
59599274	664277156	235
59599262	664277225	237
59599272	664277328	239
59599229	664277458	240
59599256	664277576	237
59599266	664277670	235
59599247	664277729	225
59599230	664277835	211
59599229	664277952	235
59599262	664278030	232
59599270	664278129	243
59599238	664278273	622
59599275	664278332	627
59599270	664278428	240
59599232	664278571	242
59599226	664278673	251
59599258	664278728	248
59599264	664278821	248
59599233	664278972	247
59599275	664279033	246
59599274	664279157	247
59599267	664279230	248
59599272	664279334	257
59599225	664279412	260
59599270	664279574	948
59599269	664279671	1007
59599288	664279716	431
59599224	664279848	1509
59599272	664279965	1559
59599223	664280060	506
59599228	664280127	2358
59599268	664280278	517
59599228	664280328	525
59599258	664280471	529
59599250	664280577	541
59599237	664280667	564
59599236	664280730	577
59599229	664280869	618
59599251	664280928	629
59599264	664281079	658
59599234	664281132	670
59599266	664281266	678
59599254	664281333	686
59599235	664281426	693
59599236	664281573	703
59599269	664281638	703
59599226	664281738	713
59599229	664281833	721
59599227	664281942	725
59599248	664282028	728
59599269	664282170	741
59599227	664282272	743
59599251	664282327	751
59599274	664282436	758
59599324	664275043	228
59599366	664275129	226
59599327	664275235	230
59599371	664275330	228
59599348	664275475	232
59599379	664275578	230
59599371	664275629	234
59599372	664275738	232
59599375	664275852	231
59599333	664275955	231
59599330	664276070	233
59599327	664276136	233
59599379	664276237	232
59599333	664276368	234
59599343	664276419	231
59599335	664276574	229
59599327	664276663	663
59599351	664276774	659
59599370	664276826	249
59599382	664276957	235
59599323	664277070	236
59599342	664277127	233
59599353	664277275	239
59599322	664277341	241
59599325	664277429	239
59599369	664277564	238
59599324	664277647	240
59599358	664277775	238
59599372	664277831	235
59599324	664277924	235
59599330	664278070	233
59599369	664278140	240
59599369	664278272	622
59599369	664278329	623
59599330	664278469	240
59599375	664278565	240
59599325	664278659	246
59599334	664278721	245
59599370	664278831	248
59599348	664278928	247
59599376	664279025	244
59599359	664279126	246
59599372	664279268	249
59599331	664279335	254
59599361	664279455	267
59599374	664279528	932
59599329	664279666	1003
59599370	664279771	1000
59599309	664279840	466
59599309	664279994	514
59599350	664280060	507
59599375	664280129	503
59599335	664280261	512
59599333	664280376	519
59599369	664280446	522
59599324	664280545	532
59599328	664280634	545
59599371	664280734	553
59599370	664280825	582
59599338	664280924	605
59599332	664281076	641
59599371	664281167	646
59599372	664281254	661
59599330	664281332	677
59599337	664281473	685
59599345	664281523	689
59599324	664281658	701
59599327	664281771	713
59599343	664281827	714
59599327	664281963	727
59599337	664282020	727
59599358	664282120	739
59599331	664282264	747
59599349	664282373	753
59599331	664282429	757
59599430	664275041	225
59599474	664275178	224
59599455	664275272	229
59599470	664275326	228
59599434	664275428	234
59599456	664275530	227
59599428	664275653	231
59599426	664275762	232
59599471	664275836	232
59599459	664275978	233
59599467	664276074	235
59599464	664276127	233
59599424	664276277	234
59599481	664276370	234
59599475	664276447	232
59599478	664276569	232
59599475	664276633	236
59599425	664276728	658
59599418	664276886	242
59599437	664276926	234
59599474	664277040	232
59599434	664277131	235
59599474	664277247	237
59599451	664277329	239
59599466	664277425	236
59599468	664277576	238
59599428	664277673	238
59599425	664277742	234
59599428	664277854	236
59599472	664277928	233
59599473	664278072	229
59599436	664278134	239
59599450	664278275	245
59599434	664278329	633
59599415	664278467	244
59599427	664278530	238
59599453	664278629	241
59599434	664278767	243
59599464	664278871	249
59599474	664278970	247
59599426	664279025	247
59599422	664279144	243
59599457	664279274	245
59599431	664279361	251
59599477	664279416	261
59599421	664279500	250
59599475	664279646	412
59599474	664279726	1002
59599475	664279834	959
59599461	664279943	488
59599469	664280067	512
59599426	664280152	502
59599443	664280224	511
59599471	664280370	511
59599440	664280475	519
59599424	664280557	521
59599427	664280679	537
59599426	664280771	558
59599428	664280836	570
59599422	664280975	600
59599428	664281043	613
59599429	664281129	628
59599471	664281270	641
59599470	664281375	651
59599438	664281475	669
59599434	664281565	676
59599473	664281625	671
59599416	664281719	696
59599469	664281867	710
59599418	664281978	730
59599479	664282044	739
59599455	664282174	739
59599437	664282265	745
59599432	664282332	746
59599436	664282476	751
59599558	664275021	226
59599575	664275144	221
59599575	664275223	221
59599562	664275377	226
59599580	664275431	229
59599560	664275570	231
59599528	664275661	234
59599526	664275765	235
59599579	664275864	233
59599536	664275926	232
59599574	664276031	228
59599567	664276173	231
59599567	664276228	230
59599528	664276324	230
59599572	664276434	231
59599526	664276530	229
59599571	664276620	233
59599529	664276733	654
59599572	664276867	658
59599526	664276963	233
59599567	664277029	233
59599526	664277128	238
59599528	664277271	236
59599548	664277317	234
59599534	664277415	238
59599527	664277520	241
59599535	664277674	236
59599567	664277763	236
59599577	664277868	234
59599566	664277927	235
59599577	664278050	229
59599574	664278128	232
59599584	664278229	245
59599572	664278310	254
59599528	664278470	250
59599572	664278538	236
59599528	664278635	239
59599568	664278735	246
59599532	664278836	247
59599572	664278960	244
59599575	664279044	248
59599568	664279132	246
59599566	664279270	244
59599570	664279336	244
59599569	664279467	254
59599539	664279516	257
59599568	664279649	425
59599515	664279724	440
59599539	664279861	466
59599559	664279947	483
59599563	664280068	495
59599573	664280114	507
59599551	664280272	505
59599563	664280371	505
59599572	664280438	505
59599574	664280573	511
59599527	664280676	525
59599567	664280771	540
59599521	664280824	554
59599522	664280936	576
59599574	664281059	583
59599529	664281158	609
59599564	664281273	620
59599541	664281326	630
59599532	664281461	644
59599525	664281560	655
59599539	664281674	667
59599578	664281745	679
59599558	664281862	712
59599575	664281970	722
59599573	664282076	730
59599520	664282153	739
59599506	664282202	738
59599572	664282331	744
59599530	664282433	741
59599631	664275062	227
59599673	664275128	227
59599626	664275241	223
59599632	664275321	229
59599668	664275470	227
59599626	664275572	231
59599670	664275646	230
59599668	664275739	234
59599659	664275829	234
59599626	664275954	230
59599673	664276026	231
59599666	664276139	228
59599667	664276273	230
59599633	664276371	233
59599628	664276462	231
59599632	664276528	228
59599626	664276664	228
59599655	664276708	220
59599673	664276873	658
59599630	664276968	619
59599643	664277075	236
59599659	664277133	231
59599667	664277226	235
59599632	664277337	231
59599665	664277475	236
59599641	664277575	240
59599671	664277626	238
59599638	664277727	236
59599665	664277862	237
59599666	664277972	231
59599678	664278022	237
59599625	664278131	229
59599675	664278250	243
59599654	664278327	639
59599632	664278472	659
59599627	664278563	236
59599635	664278673	238
59599675	664278743	246
59599639	664278872	245
59599643	664278974	243
59599624	664279053	247
59599660	664279128	244
59599671	664279262	248
59599657	664279375	249
59599656	664279472	256
59599628	664279525	265
59599614	664279680	439
59599669	664279768	989
59599626	664279864	1097
59599626	664279972	981
59599658	664280052	500
59599627	664280138	500
59599657	664280275	498
59599628	664280331	500
59599637	664280421	501
59599650	664280572	507
59599675	664280633	514
59599633	664280770	530
59599674	664280877	538
59599669	664280969	552
59599674	664281036	565
59599631	664281136	600
59599672	664281241	602
59599628	664281373	621
59599633	664281429	628
59599625	664281569	654
59599643	664281672	663
59599628	664281772	685
59599677	664281841	699
59599630	664281969	716
59599629	664282072	1883
59599645	664282153	730
59599646	664282269	736
59599674	664282349	745
59599671	664282465	736
59599774	664275040	257
59599725	664275168	226
59599755	664275225	223
59599730	664275321	221
59599736	664275425	226
59599752	664275526	229
59599774	664275657	227
59599770	664275731	231
59599728	664275873	233
59599753	664275975	228
59599772	664276072	230
59599745	664276124	231
59599755	664276228	227
59599777	664276323	230
59599725	664276445	231
59599774	664276532	228
59599728	664276621	230
59599764	664276728	226
59599763	664276828	657
59599726	664276953	648
59599773	664277073	234
59599744	664277128	234
59599741	664277267	236
59599777	664277358	236
59599781	664277474	236
59599728	664277567	238
59599771	664277672	237
59599775	664277766	234
59599764	664277872	235
59599777	664277939	235
59599777	664278022	232
59599776	664278174	230
59599770	664278237	237
59599780	664278348	252
59599767	664278428	684
59599769	664278571	239
59599781	664278633	235
59599734	664278728	237
59599766	664278870	243
59599724	664278971	247
59599733	664279033	246
59599734	664279130	244
59599738	664279222	247
59599771	664279363	246
59599765	664279430	255
59599766	664279576	301
59599731	664279634	1060
59599753	664279728	1103
59599732	664279834	1127
59599739	664279923	1089
59599770	664280061	485
59599725	664280151	487
59599763	664280273	494
59599734	664280371	496
59599771	664280431	496
59599752	664280579	511
59599725	664280661	530
59599738	664280728	529
59599729	664280876	532
59599783	664280950	543
59599760	664281020	549
59599785	664281113	572
59599735	664281219	592
59599761	664281372	624
59599763	664281420	636
59599755	664281563	648
59599724	664281624	655
59599730	664281765	680
59599727	664281862	705
59599743	664281924	707
59599733	664282027	2101
59599734	664282131	2111
59599774	664282240	2140
59599734	664282370	2109
59599725	664282463	744
59599874	664275025	269
59599875	664275165	233
59599837	664275229	225
59599878	664275359	218
59599829	664275471	225
59599864	664275575	228
59599834	664275669	231
59599824	664275755	231
59599862	664275824	232
59599827	664275970	231
59599877	664276028	228
59599867	664276179	230
59599827	664276263	232
59599827	664276362	232
59599853	664276420	233
59599824	664276556	229
59599845	664276625	229
59599868	664276725	231
59599832	664276838	248
59599825	664276927	657
59599832	664277070	235
59599826	664277141	235
59599852	664277229	236
59599856	664277374	234
59599843	664277474	240
59599866	664277577	232
59599838	664277630	238
59599871	664277735	235
59599829	664277836	232
59599859	664277925	236
59599823	664278041	232
59599872	664278157	225
59599878	664278253	234
59599862	664278327	245
59599871	664278468	683
59599871	664278546	246
59599863	664278664	233
59599835	664278773	239
59599826	664278836	243
59599877	664278958	245
59599869	664279029	244
59599830	664279172	245
59599828	664279276	249
59599858	664279325	246
59599831	664279431	259
59599873	664279573	273
59599867	664279632	281
59599826	664279749	1074
59599831	664279865	1159
59599876	664279934	1127
59599863	664280037	485
59599820	664280163	491
59599831	664280230	501
59599826	664280326	509
59599825	664280435	496
59599824	664280520	506
59599820	664280684	538
59599804	664280768	528
59599852	664280825	545
59599827	664280930	538
59599811	664281048	559
59599872	664281126	2122
59599821	664281259	2113
59599876	664281324	2130
59599819	664281443	644
59599825	664281535	2116
59599831	664281625	2121
59599817	664281777	684
59599876	664281861	2132
59599834	664281975	2124
59599874	664282065	2132
59599826	664282172	2126
59599872	664282231	2141
59599895	664282311	757
59599825	664282474	2129
59599929	664275068	268
59599977	664275123	267
59599936	664275278	225
59599972	664275359	225
59599972	664275427	221
59599928	664275568	227
59599925	664275653	225
59599923	664275744	230
59599971	664275873	230
59599932	664275925	231
59599931	664276064	222
59599926	664276141	227
59599968	664276267	228
59599964	664276322	227
59599970	664276427	237
59599973	664276564	233
59599930	664276667	232
59599924	664276750	232
59599965	664276860	238
59599926	664276973	656
59599910	664277097	233
59599932	664277129	234
59599938	664277217	230
59599971	664277334	232
59599970	664277474	235
59599927	664277574	235
59599937	664277661	234
59599967	664277771	236
59599938	664277826	236
59599940	664277975	234
59599958	664278023	230
59599974	664278131	232
59599925	664278238	236
59599978	664278344	236
59599923	664278456	677
59599964	664278595	246
59599924	664278641	235
59599975	664278734	237
59599968	664278830	244
59599926	664278953	246
59599971	664279074	248
59599941	664279127	246
59599976	664279249	242
59599974	664279351	251
59599927	664279467	259
59599975	664279521	250
59599972	664279626	250
59599939	664279774	971
59599948	664279877	1086
59599950	664279969	499
59599921	664280022	490
59599927	664280131	482
59599935	664280278	505
59599926	664280341	506
59599951	664280470	492
59599959	664280505	501
59599975	664280638	2136
59599908	664280773	555
59599928	664280832	2132
59599927	664280930	2136
59599925	664281068	2249
59599974	664281168	2149
59599966	664281276	2147
59599926	664281373	2142
59599919	664281485	662
59599974	664281541	2156
59599971	664281631	2153
59599928	664281736	2144
59599962	664281873	2159
59599965	664281971	2159
59599929	664282028	2152
59599942	664282122	2154
59599973	664282272	2167
59599945	664282325	2155
59599952	664282416	747
59596681	664281624	2164
59596674	664282069	2162
59596652	664282123	2164
59596633	664282224	2163
59596678	664282346	2158
59596618	664282421	2172
59596778	664280534	2154
59596771	664280666	2159
59596773	664280767	2154
59596784	664280816	2153
59596777	664281066	2153
59596779	664281121	2151
59596781	664281222	2154
59596719	664281359	2162
59596721	664281427	2159
59596722	664281546	2156
59596739	664281678	2153
59596771	664281777	2149
59596755	664281872	2151
59596722	664281962	2156
59596721	664282059	2149
59596720	664282174	2154
59596754	664282272	2145
59596724	664282370	2152
59596747	664282412	2147
59596881	664279645	1789
59596827	664280046	2154
59596866	664280129	2147
59596846	664280275	2147
59596818	664280321	2153
59596873	664280483	2140
59596859	664280586	2141
59596874	664280651	2142
59596865	664280722	2141
59596883	664280863	2139
59596819	664280975	2145
59596861	664281031	2142
59596835	664281120	2142
59596879	664281266	2155
59596839	664281328	2159
59596876	664281447	2157
59596878	664281572	2145
59596864	664281624	2144
59596884	664281753	2128
59596875	664281824	2133
59596879	664281954	2135
59596853	664282086	2135
59596853	664282123	2143
59596863	664282230	2130
59596850	664282325	2130
59596881	664282443	2127
59596973	664278531	250
59596981	664278779	639
59596927	664278821	670
59596956	664278978	766
59596968	664279038	489
59596926	664279177	667
59596977	664279275	680
59596970	664279320	839
59596976	664279479	529
59596931	664279572	1885
59596943	664279671	2040
59596917	664279718	2028
59596925	664279861	2162
59596978	664279923	2154
59596983	664280069	2146
59596965	664280127	2138
59596925	664280224	2137
59596931	664280374	2133
59596913	664280481	2137
59596948	664280521	2129
59596958	664280615	2130
59596967	664280741	2123
59596978	664280823	2127
59596978	664280951	2126
59596924	664281036	2132
59596918	664281123	2138
59596930	664281281	2156
59596934	664281381	2163
59596921	664281467	2156
59596926	664281521	2148
59596920	664281635	2142
59596975	664281757	2133
59596926	664281841	2126
59596933	664281977	2124
59596933	664282052	2126
59596950	664282179	2117
59596976	664282277	2111
59596940	664282375	2116
59596978	664282439	2121
59597066	664277412	610
59597069	664277575	607
59597073	664277676	628
59597024	664277764	657
59597076	664277828	625
59597067	664277948	248
59597034	664278016	256
59597039	664278121	257
59597091	664278210	253
59597065	664278366	249
59597043	664278477	253
59597084	664278521	250
59597021	664278676	652
59597028	664278771	648
59597074	664278876	869
59597075	664278936	851
59597024	664279028	790
59597072	664279135	658
59597072	664279277	506
59597024	664279378	686
59597040	664279430	532
59597030	664279580	1809
59597036	664279677	1902
59597013	664279720	1794
59597069	664279870	2165
59597074	664279945	2153
59597077	664280028	2145
59597075	664280173	2148
59597017	664280283	2127
59597027	664280373	2120
59597076	664280439	2113
59597029	664280580	2119
59597047	664280620	2115
59597022	664280719	2120
59597030	664280841	2114
59597042	664280976	2128
59597084	664281034	2134
59597039	664281133	2144
59597024	664281216	2148
59597073	664281362	2309
59597076	664281459	2160
59597073	664281534	2149
59597018	664281635	2142
59597058	664281778	2132
59597022	664281827	2127
59597019	664281923	2121
59597078	664282077	2104
59597078	664282181	2097
59597024	664282248	2106
59597024	664282347	2110
59597037	664282428	2114
59597172	664276672	1097
59597126	664276737	982
59597137	664276826	965
59597142	664276918	986
59597132	664277085	239
59597134	664277125	602
59597151	664277220	622
59597132	664277376	624
59597130	664277433	596
59597145	664277522	242
59597125	664277647	631
59597132	664277722	635
59597185	664277879	619
59597142	664277917	616
59597187	664278082	256
59597141	664278177	253
59597117	664278284	258
59597105	664278324	253
59597123	664278464	254
59597133	664278549	253
59597176	664278630	254
59597127	664278748	254
59597123	664278873	613
59597167	664278926	687
59597172	664279025	762
59597137	664279120	477
59597114	664279285	502
59597178	664279329	507
59597131	664279422	519
59597143	664279528	1882
59597158	664279676	1867
59597182	664279760	2172
59597143	664279829	2169
59597176	664279918	2157
59597154	664280026	2148
59597131	664280176	2155
59597144	664280280	2126
59597158	664280377	2119
59597152	664280423	2115
59597182	664280534	2109
59597175	664280654	2295
59597116	664280741	2107
59597151	664280827	2115
59597128	664280965	2127
59597168	664281068	2136
59597167	664281163	2146
59597137	664281277	2158
59597133	664281334	2161
59597178	664281482	2158
59597124	664281582	2147
59597159	664281621	2145
59597119	664281739	2133
59597125	664281870	2126
59597181	664281966	2115
59597184	664282015	2110
59597133	664282173	2297
59597175	664282278	2106
59597178	664282371	2112
59597160	664282475	2123
59597276	664275371	235
59597275	664275445	231
59597279	664275661	235
59597244	664275776	619
59597275	664275824	624
59597252	664275924	622
59597276	664276036	606
59597244	664276176	250
59597222	664276226	251
59597241	664276377	982
59597233	664276431	1091
59597250	664276522	250
59597223	664276624	1098
59597282	664276786	245
59597260	664276882	242
59597220	664276985	241
59597262	664277031	239
59597270	664277172	608
59597273	664277281	628
59597271	664277347	626
59597269	664277423	616
59597273	664277555	244
59597271	664277668	631
59597211	664277760	631
59597228	664277832	631
59597226	664277937	600
59597282	664278069	254
59597277	664278126	257
59597271	664278247	253
59597278	664278329	254
59597266	664278435	251
59597272	664278537	249
59597236	664278638	254
59597272	664278784	255
59597227	664278842	570
59597258	664278976	695
59597237	664279025	705
59597284	664279118	721
59597275	664279223	477
59597283	664279377	510
59597293	664279450	516
59597216	664279546	515
59597240	664279673	1582
59597220	664279774	2170
59597230	664279817	2168
59597234	664279979	2153
59597245	664280077	2143
59597218	664280177	2138
59597228	664280281	2126
59597279	664280372	2122
59597250	664280426	2116
59597272	664280575	2302
59597234	664280622	2303
59597272	664280771	2119
59597283	664280831	2228
59597272	664280960	2133
59597228	664281079	2137
59597232	664281120	2139
59597239	664281223	2149
59597233	664281379	2164
59597276	664281480	2153
59597269	664281567	2150
59597222	664281627	2147
59597274	664281721	2140
59597225	664281839	2126
59597277	664281969	2121
59597221	664282076	2102
59597221	664282127	2292
59597275	664282239	2247
59597278	664282371	2129
59597225	664282436	2117
59597390	664275063	238
59597354	664275118	233
59597317	664275222	235
59597312	664275369	230
59597351	664275417	232
59597331	664275578	238
59597323	664275620	240
59597371	664275758	599
59597382	664275817	618
59597333	664275928	629
59597374	664276018	623
59597361	664276171	1097
59597375	664276251	252
59597329	664276321	1092
59597382	664276496	256
59597364	664276584	250
59597382	664276631	251
59597364	664276767	249
59597384	664276817	240
59597365	664276930	241
59597329	664277032	237
59597373	664277138	239
59597329	664277264	625
59597380	664277385	627
59597330	664277440	627
59597315	664277595	245
59597322	664277664	625
59597374	664277783	628
59597333	664277880	630
59597382	664277945	618
59597375	664278061	253
59597379	664278176	259
59597372	664278229	253
59597321	664278330	253
59597321	664278475	251
59597355	664278527	254
59597348	664278621	254
59597337	664278730	252
59597371	664278885	708
59597332	664278948	783
59597320	664279019	820
59597382	664279181	781
59597349	664279225	562
59597330	664279361	503
59597367	664279444	515
59597325	664279546	522
59597315	664279682	1565
59597361	664279772	2170
59597334	664279823	2167
59597369	664279976	2156
59597379	664280018	2151
59597382	664280179	2134
59597341	664280280	2128
59597377	664280358	2123
59597346	664280481	2121
59597336	664280528	2307
59597324	664280657	2297
59597324	664280754	2254
59597379	664280884	2200
59597378	664280963	2131
59597324	664281033	2133
59597369	664281158	2142
59597364	664281282	2154
59597369	664281379	2167
59597313	664281485	2159
59597330	664281580	2148
59597376	664281633	2144
59597376	664281779	2136
59597376	664281825	2130
59597353	664281971	2132
59597321	664282024	2202
59597379	664282159	2262
59597324	664282261	2241
59597323	664282332	1788
59597324	664282450	2128
59597445	664275086	237
59597421	664275130	231
59597426	664275225	235
59597435	664275323	230
59597414	664275419	234
59597457	664275579	235
59597451	664275672	1360
59597452	664275723	1105
59597428	664275864	623
59597422	664275967	626
59597426	664276033	620
59597470	664276158	244
59597425	664276278	250
59597472	664276322	251
59597464	664276472	251
59597468	664276532	255
59597427	664276660	249
59597451	664276725	248
59597453	664276819	243
59597475	664276979	243
59597456	664277078	239
59597481	664277190	239
59597470	664277277	625
59597437	664277378	626
59597447	664277425	628
59597474	664277541	584
59597455	664277626	245
59597420	664277776	640
59597419	664277821	644
59597438	664277928	632
59597423	664278071	254
59597431	664278119	257
59597456	664278216	258
59597466	664278314	253
59597430	664278412	253
59597435	664278576	248
59597416	664278624	251
59597474	664278749	252
59597467	664278872	460
59597421	664278923	638
59597468	664279020	765
59597479	664279164	721
59597466	664279224	707
59597431	664279373	494
59597442	664279449	511
59597416	664279578	526
59597454	664279679	547
59597418	664279771	2171
59597425	664279871	2164
59597466	664279974	2156
59597445	664280024	2151
59597475	664280121	2145
59597418	664280257	2132
59597431	664280377	2128
59597425	664280453	2127
59597424	664280554	1781
59597423	664280623	2239
59597474	664280755	2262
59597425	664280881	2209
59597421	664280940	2135
59597450	664281018	2134
59597473	664281178	2145
59597420	664281281	2156
59597433	664281329	2159
59597440	664281476	2160
59597425	664281549	2151
59597459	664281675	2142
59597432	664281721	2138
59597439	664281879	2136
59597475	664281970	2134
59597429	664282078	1753
59597475	664282166	2261
59597467	664282237	2253
59597446	664282378	2141
59597449	664282475	2134
59597538	664275071	239
59597582	664275183	1092
59597537	664275225	229
59597545	664275377	228
59597577	664275463	1096
59597583	664275514	230
59597565	664275682	239
59597563	664275726	241
59597577	664275857	606
59597577	664275980	622
59597544	664276075	619
59597565	664276131	603
59597580	664276231	245
59597574	664276352	250
59597546	664276415	258
59597518	664276560	255
59597537	664276648	247
59597573	664276741	248
59597530	664276837	242
59597512	664276943	240
59597564	664277018	242
59597545	664277123	237
59597577	664277239	600
59597520	664277364	627
59597582	664277476	623
59597521	664277526	610
59597582	664277683	605
59597576	664277766	634
59597570	664277826	629
59597528	664277929	629
59597582	664278050	248
59597578	664278153	253
59597582	664278218	256
59597591	664278382	253
59597540	664278458	252
59597528	664278534	255
59597534	664278677	260
59597522	664278791	250
59597559	664278876	508
59597556	664278975	610
59597581	664279063	746
59597575	664279138	748
59597575	664279270	803
59597529	664279325	774
59597591	664279415	486
59597539	664279576	524
59597578	664279652	529
59597529	664279729	1211
59597526	664279825	2182
59597519	664279927	2160
59597531	664280015	2154
59597525	664280129	2138
59597569	664280274	2139
59597547	664280326	2136
59597575	664280457	2139
59597575	664280586	2219
59597556	664280677	2256
59597554	664280773	2248
59597573	664280885	2299
59597552	664280922	2296
59597554	664281023	2143
59597573	664281169	2146
59597543	664281223	2151
59597572	664281326	2162
59597565	664281474	2159
59597576	664281544	2150
59597547	664281623	2150
59597579	664281721	2144
59597525	664281814	2138
59597570	664281982	2145
59597581	664282019	2145
59597532	664282170	1666
59597580	664282238	2296
59597565	664282374	2147
59597525	664282434	2138
59597662	664275076	983
59597643	664275179	233
59597660	664275269	231
59597681	664275321	231
59597646	664275426	227
59597676	664275536	235
59597673	664275670	231
59597674	664275732	238
59597650	664275875	593
59597626	664275924	621
59597679	664276026	625
59597665	664276119	622
59597621	664276263	245
59597679	664276348	250
59597627	664276460	252
59597668	664276579	255
59597621	664276679	248
59597621	664276767	247
59597630	664276871	244
59597634	664276962	239
59597677	664277066	239
59597650	664277140	236
59597627	664277270	610
59597624	664277374	626
59597666	664277419	628
59597676	664277526	623
59597622	664277618	246
59597624	664277767	631
59597632	664277882	637
59597676	664277949	677
59597627	664278034	592
59597627	664278119	251
59597631	664278284	253
59597663	664278332	253
59597665	664278467	253
59597631	664278573	254
59597687	664278684	255
59597678	664278723	259
59597676	664278882	660
59597622	664278921	649
59597628	664279025	540
59597679	664279157	740
59597629	664279232	702
59597621	664279335	594
59597602	664279424	489
59597630	664279522	504
59597662	664279619	527
59597621	664279718	549
59597676	664279846	2174
59597626	664279973	2155
59597649	664280082	2147
59597632	664280119	2144
59597656	664280223	2145
59597622	664280329	2141
59597620	664280482	2144
59597657	664280527	2148
59597673	664280667	2246
59597678	664280760	2295
59597673	664280867	2153
59597639	664280980	2147
59597626	664281070	2143
59597679	664281136	2151
59597619	664281222	2150
59597648	664281318	2156
59597678	664281431	2165
59597669	664281562	2153
59597680	664281621	2155
59597648	664281720	2149
59597625	664281825	2149
59597625	664281937	2148
59597634	664282026	2148
59597677	664282147	2298
59597675	664282224	2302
59597641	664282372	2149
59597663	664282480	2155
59597768	664275071	236
59597776	664275178	238
59597750	664275228	237
59597722	664275327	228
59597719	664275440	228
59597782	664275562	230
59597765	664275607	228
59597768	664275774	238
59597783	664275835	237
59597756	664275920	430
59597729	664276049	620
59597766	664276129	625
59597770	664276225	440
59597774	664276320	244
59597732	664276423	249
59597732	664276579	247
59597775	664276647	254
59597767	664276783	249
59597766	664276840	243
59597748	664276929	239
59597766	664277036	239
59597718	664277174	237
59597788	664277291	237
59597779	664277318	622
59597783	664277461	627
59597781	664277568	624
59597781	664277610	603
59597724	664277720	600
59597722	664277816	630
59597733	664277987	656
59597717	664278075	247
59597745	664278133	248
59597721	664278276	258
59597744	664278366	255
59597717	664278416	254
59597730	664278566	255
59597708	664278634	251
59597771	664278715	252
59597740	664278878	667
59597726	664278934	574
59597740	664279072	753
59597734	664279120	738
59597780	664279261	929
59597718	664279368	663
59597720	664279441	482
59597721	664279562	505
59597721	664279641	528
59597728	664279781	577
59597779	664279861	1849
59597772	664279925	2159
59597739	664280019	2155
59597722	664280142	2151
59597754	664280279	2154
59597726	664280348	2150
59597779	664280449	2159
59597745	664280570	2151
59597725	664280618	2156
59597777	664280721	2161
59597735	664280866	2157
59597779	664280954	2154
59597777	664281012	2159
59597768	664281177	2155
59597724	664281267	2154
59597780	664281352	2160
59597761	664281430	2164
59597777	664281537	2160
59597726	664281646	2154
59597721	664281719	2154
59597720	664281838	2158
59597723	664281957	2152
59597782	664282080	2158
59597732	664282178	2168
59597723	664282220	2166
59597718	664282377	2157
59597724	664282448	2160
59597857	664275007	236
59597830	664275136	234
59597882	664275253	239
59597826	664275360	230
59597843	664275463	230
59597866	664275587	232
59597831	664275640	230
59597825	664275793	232
59597883	664275825	238
59597830	664275974	611
59597830	664276025	620
59597832	664276123	640
59597833	664276218	616
59597839	664276316	247
59597844	664276418	248
59597821	664276534	251
59597822	664276678	250
59597868	664276723	248
59597870	664276831	246
59597821	664276923	238
59597818	664277087	243
59597870	664277135	241
59597866	664277258	235
59597845	664277381	624
59597874	664277449	679
59597822	664277573	622
59597886	664277662	241
59597857	664277733	248
59597839	664277868	688
59597869	664277983	679
59597833	664278023	256
59597874	664278129	248
59597872	664278231	253
59597832	664278330	256
59597808	664278413	253
59597888	664278512	255
59597892	664278620	247
59597879	664278766	254
59597871	664278877	252
59597840	664278976	597
59597822	664279039	633
59597827	664279157	758
59597848	664279275	971
59597829	664279332	875
59597824	664279426	572
59597828	664279529	494
59597855	664279636	517
59597828	664279764	547
59597836	664279874	2163
59597876	664279973	2160
59597879	664280057	2162
59597872	664280183	2162
59597826	664280262	2156
59597860	664280327	2160
59597866	664280422	2164
59597832	664280517	2162
59597870	664280655	2164
59597823	664280747	2162
59597864	664280818	2164
59597830	664280977	2162
59597849	664281020	2162
59597874	664281147	2167
59597867	664281275	1300
59597875	664281326	2142
59597879	664281474	1998
59597817	664281529	2165
59597873	664281656	1899
59597829	664281769	2166
59597856	664281822	937
59597873	664281939	1370
59597880	664282019	2171
59597866	664282122	2168
59597827	664282230	2168
59597826	664282336	2168
59597841	664282474	2175
59597924	664275040	238
59597945	664275182	235
59597980	664275223	235
59597923	664275332	237
59597926	664275476	231
59597910	664275537	229
59597975	664275669	226
59597946	664275786	229
59597940	664275882	239
59597920	664275970	594
59597922	664276069	656
59597952	664276184	661
59597975	664276272	630
59597978	664276361	247
59597952	664276425	246
59597977	664276518	243
59597984	664276617	236
59597983	664276771	249
59597926	664276843	244
59597950	664276980	239
59597921	664277035	237
59597920	664277178	234
59597970	664277228	238
59597980	664277328	241
59597962	664277414	664
59597986	664277579	666
59597924	664277619	611
59597919	664277788	605
59597934	664277875	670
59597920	664277915	690
59597966	664278027	658
59597979	664278124	612
59597979	664278276	254
59597953	664278322	255
59597974	664278472	252
59597953	664278532	250
59597927	664278674	245
59597931	664278783	255
59597980	664278872	255
59597976	664278925	259
59597923	664279076	755
59597983	664279175	723
59597947	664279278	747
59597941	664279325	711
59597927	664279426	831
59597984	664279561	484
59597940	664279607	499
59597976	664279761	537
59597955	664279875	663
59597928	664279935	2164
59597973	664280071	996
59597924	664280153	2167
59597928	664280236	2151
59597966	664280375	2168
59597929	664280447	2165
59597930	664280572	2167
59597925	664280678	2169
59597970	664280769	2175
59597965	664280869	929
59597928	664280926	685
59597922	664281021	1299
59597936	664281124	923
59597934	664281217	925
59597915	664281322	924
59597929	664281422	925
59597917	664281517	926
59597925	664281648	925
59597915	664281777	924
59597952	664281873	678
59597925	664281954	1231
59597923	664282077	1019
59597926	664282122	1753
59597927	664282229	1373
59597935	664282316	1189
59597920	664282469	1094
59598073	664275060	239
59598034	664275119	241
59598084	664275280	237
59598030	664275385	233
59598017	664275475	232
59598073	664275541	228
59598074	664275626	226
59598078	664275726	231
59598023	664275831	227
59598027	664275982	237
59598060	664276064	619
59598023	664276139	657
59598072	664276219	664
59598029	664276326	623
59598045	664276477	243
59598064	664276559	242
59598039	664276663	243
59598019	664276745	247
59598084	664276864	247
59598022	664276979	241
59598052	664277070	236
59598023	664277143	241
59598034	664277224	242
59598080	664277374	600
59598022	664277426	647
59598062	664277566	629
59598074	664277616	625
59598068	664277721	242
59598013	664277868	641
59598062	664277915	684
59598080	664278048	683
59598029	664278173	246
59598023	664278252	253
59598088	664278322	252
59598091	664278440	253
59598077	664278527	255
59598079	664278643	249
59598083	664278778	253
59598069	664278882	255
59598021	664278959	656
59598027	664279070	772
59598030	664279127	677
59598052	664279278	754
59598064	664279332	658
59598072	664279483	461
59598068	664279520	473
59598025	664279622	498
59598026	664279783	534
59598059	664279815	697
59598083	664279922	577
59598025	664280033	549
59598065	664280133	548
59598021	664280278	2095
59598025	664280341	1066
59598047	664280424	861
59598069	664280586	875
59598069	664280623	616
59598088	664280786	677
59598080	664280810	685
59598027	664280948	661
59598013	664281064	667
59598069	664281155	666
59598055	664281236	668
59598045	664281314	668
59598064	664281415	668
59598087	664281572	669
59598015	664281628	670
59598055	664281718	671
59598075	664281851	668
59598072	664281947	673
59598079	664282083	674
59598042	664282123	673
59598025	664282278	676
59598016	664282326	677
59598028	664282434	678
59598136	664275038	245
59598121	664275173	241
59598111	664275230	240
59598141	664275380	239
59598121	664275465	231
59598126	664275521	231
59598130	664275630	227
59598174	664275726	231
59598127	664275822	224
59598117	664275934	238
59598143	664276080	602
59598123	664276154	658
59598166	664276226	658
59598174	664276323	648
59598143	664276431	243
59598121	664276538	238
59598169	664276618	243
59598179	664276772	244
59598117	664276819	244
59598172	664276959	242
59598151	664277031	239
59598176	664277130	237
59598167	664277273	235
59598166	664277379	598
59598117	664277478	667
59598187	664277536	686
59598168	664277662	629
59598115	664277778	245
59598130	664277821	598
59598164	664277934	667
59598186	664278068	641
59598178	664278142	620
59598180	664278256	246
59598115	664278359	254
59598146	664278418	254
59598179	664278563	256
59598126	664278670	247
59598120	664278781	254
59598131	664278825	253
59598173	664278979	263
59598124	664279052	272
59598136	664279175	667
59598115	664279272	748
59598173	664279349	750
59598154	664279410	612
59598153	664279523	469
59598113	664279682	510
59598168	664279725	520
59598122	664279877	700
59598164	664279928	584
59598174	664280078	573
59598125	664280126	553
59598173	664280286	800
59598111	664280316	793
59598171	664280423	925
59598149	664280581	828
59598128	664280633	809
59598135	664280779	695
59598157	664280818	678
59598189	664280996	655
59598129	664281038	660
59598123	664281109	661
59598179	664281259	661
59598122	664281369	665
59598167	664281462	663
59598172	664281578	665
59598144	664281690	670
59598179	664281759	669
59598188	664281875	669
59598161	664281925	669
59598106	664282031	676
59598136	664282175	675
59598169	664282263	678
59598163	664282376	682
59598123	664282431	682
59598289	664275044	245
59598237	664275144	242
59598229	664275219	240
59598289	664275318	242
59598230	664275465	239
59598285	664275587	233
59598215	664275620	231
59598225	664275767	228
59598261	664275828	225
59598221	664275946	230
59598260	664276028	235
59598282	664276123	583
59598263	664276271	627
59598224	664276328	625
59598278	664276458	237
59598276	664276527	236
59598271	664276650	242
59598278	664276735	244
59598234	664276877	246
59598226	664276930	242
59598219	664277019	240
59598241	664277123	236
59598232	664277278	247
59598284	664277327	239
59598272	664277481	641
59598276	664277556	679
59598226	664277616	681
59598277	664277754	581
59598226	664277874	616
59598225	664277960	629
59598232	664278020	683
59598221	664278142	620
59598292	664278252	244
59598270	664278309	249
59598291	664278456	256
59598261	664278565	253
59598231	664278679	250
59598242	664278786	250
59598281	664278846	251
59598233	664278944	845
59598219	664279096	477
59598270	664279181	425
59598266	664279278	758
59598216	664279381	778
59598242	664279472	823
59598225	664279559	1092
59598231	664279673	1012
59598222	664279778	565
59598232	664279830	588
59598277	664279930	596
59598234	664280033	617
59598272	664280122	1770
59598277	664280275	775
59598232	664280374	895
59598223	664280433	831
59598237	664280521	818
59598233	664280676	789
59598286	664280789	693
59598268	664280832	686
59598223	664280945	653
59598271	664281008	657
59598233	664281157	658
59598234	664281225	660
59598271	664281382	665
59598215	664281485	666
59598226	664281559	663
59598233	664281657	668
59598270	664281718	671
59598245	664281863	671
59598270	664281975	675
59598221	664282063	679
59598259	664282171	685
59598277	664282254	685
59598220	664282364	689
59598279	664282437	697
59598323	664275046	242
59598319	664275145	239
59598327	664275267	238
59598321	664275316	240
59598324	664275410	234
59598333	664275519	236
59598336	664275691	229
59598366	664275769	232
59598320	664275876	224
59598369	664275964	229
59598321	664276024	232
59598379	664276176	597
59598318	664276226	624
59598363	664276326	626
59598377	664276468	613
59598366	664276525	236
59598374	664276628	239
59598379	664276753	245
59598324	664276846	244
59598377	664276955	242
59598342	664277072	241
59598316	664277121	237
59598332	664277224	240
59598365	664277323	235
59598325	664277455	611
59598326	664277578	683
59598377	664277652	678
59598372	664277724	251
59598374	664277878	599
59598320	664277982	628
59598323	664278019	635
59598349	664278124	625
59598331	664278221	601
59598360	664278334	249
59598321	664278417	255
59598313	664278587	252
59598353	664278643	250
59598361	664278769	246
59598334	664278822	252
59598366	664278966	252
59598388	664279023	252
59598378	664279168	481
59598334	664279218	710
59598376	664279324	745
59598344	664279422	711
59598329	664279523	459
59598372	664279672	914
59598365	664279728	1153
59598332	664279883	961
59598377	664279929	1815
59598374	664280059	1452
59598365	664280130	1955
59598321	664280275	1230
59598316	664280374	795
59598365	664280477	2012
59598324	664280519	745
59598321	664280632	618
59598340	664280725	611
59598330	664280852	673
59598349	664280954	657
59598374	664281046	659
59598375	664281133	659
59598328	664281274	664
59598372	664281381	668
59598380	664281466	673
59598357	664281520	672
59598325	664281612	675
59598327	664281719	675
59598361	664281814	677
59598350	664281920	675
59598371	664282027	682
59598323	664282154	685
59598334	664282277	690
59598321	664282336	693
59598338	664282416	701
59598459	664275038	227
59598414	664275155	240
59598470	664275257	243
59598450	664275387	239
59598473	664275427	237
59598421	664275527	239
59598471	664275682	233
59598417	664275787	233
59598434	664275855	231
59598426	664275974	231
59598462	664276071	234
59598440	664276125	231
59598477	664276258	617
59598419	664276332	626
59598424	664276479	608
59598470	664276569	237
59598430	664276632	237
59598442	664276723	246
59598432	664276891	250
59598462	664276922	248
59598487	664277049	239
59598418	664277115	238
59598476	664277233	238
59598438	664277333	235
59598431	664277469	242
59598465	664277581	676
59598475	664277627	685
59598421	664277721	623
59598481	664277830	241
59598433	664277931	605
59598449	664278028	624
59598478	664278117	630
59598478	664278243	600
59598434	664278330	248
59598461	664278480	257
59598421	664278580	252
59598430	664278656	254
59598418	664278750	245
59598423	664278834	253
59598419	664278925	252
59598481	664279088	254
59598413	664279127	502
59598473	664279273	671
59598428	664279378	1063
59598473	664279426	991
59598478	664279544	934
59598430	664279665	627
59598422	664279759	684
59598423	664279844	1791
59598473	664279931	2007
59598474	664280074	1952
59598469	664280124	1942
59598471	664280268	2141
59598471	664280379	1043
59598476	664280422	1776
59598470	664280530	1689
59598462	664280624	2515
59598456	664280790	661
59598451	664280866	664
59598456	664280925	658
59598430	664281070	661
59598454	664281185	666
59598422	664281254	667
59598473	664281357	672
59598424	664281438	673
59598478	664281557	676
59598449	664281615	678
59598427	664281774	681
59598479	664281870	686
59598473	664281922	686
59598449	664282024	687
59598485	664282149	698
59598495	664282256	703
59598476	664282326	709
59598458	664282424	712
59598563	664275082	230
59598560	664275124	230
59598553	664275273	236
59598525	664275327	235
59598525	664275463	240
59598577	664275564	237
59598576	664275654	238
59598574	664275781	230
59598546	664275835	233
59598518	664275917	227
59598571	664276075	236
59598579	664276177	238
59598571	664276237	593
59598527	664276358	626
59598566	664276428	623
59598537	664276530	603
59598580	664276615	235
59598510	664276760	246
59598514	664276846	244
59598513	664276950	247
59598542	664277024	245
59598574	664277143	236
59598521	664277244	239
59598549	664277389	233
59598522	664277453	235
59598538	664277577	660
59598536	664277673	679
59598529	664277721	661
59598545	664277819	577
59598575	664277967	608
59598519	664278075	628
59598525	664278123	635
59598579	664278259	616
59598579	664278352	245
59598566	664278478	251
59598571	664278526	254
59598530	664278678	253
59598570	664278735	249
59598576	664278855	251
59598529	664278971	249
59598501	664279038	250
59598533	664279124	258
59598576	664279226	294
59598576	664279332	685
59598578	664279464	1058
59598523	664279566	631
59598534	664279672	497
59598570	664279744	713
59598534	664279825	1790
59598525	664279937	2132
59598578	664280031	2019
59598575	664280153	2216
59598527	664280237	2198
59598563	664280326	2789
59598575	664280446	1137
59598574	664280571	2591
59598518	664280624	604
59598577	664280720	1320
59598575	664280843	672
59598566	664280982	661
59598550	664281047	662
59598583	664281144	669
59598521	664281238	671
59598541	664281321	676
59598577	664281442	677
59598570	664281519	681
59598579	664281677	688
59598575	664281720	689
59598548	664281824	692
59598586	664281984	700
59598561	664282040	700
59598584	664282116	705
59598530	664282222	706
59598523	664282374	714
59598563	664282472	2733
59598689	664275014	236
59598633	664275120	231
59598671	664275237	233
59598633	664275370	231
59598686	664275420	235
59598630	664275586	236
59598632	664275671	243
59598681	664275723	241
59598625	664275825	235
59598650	664275924	238
59598661	664276020	237
59598671	664276169	231
59598645	664276220	231
59598679	664276333	617
59598622	664276440	622
59598630	664276572	547
59598657	664276672	235
59598637	664276722	240
59598632	664276877	243
59598633	664276927	248
59598663	664277024	246
59598678	664277165	238
59598682	664277227	240
59598632	664277326	238
59598655	664277484	235
59598625	664277565	628
59598676	664277643	678
59598678	664277737	685
59598668	664277872	241
59598615	664277925	242
59598619	664278055	649
59598672	664278155	634
59598679	664278269	246
59598667	664278315	591
59598686	664278472	251
59598666	664278567	248
59598639	664278671	252
59598679	664278781	248
59598622	664278881	248
59598680	664278976	252
59598640	664279074	250
59598619	664279124	260
59598671	664279240	597
59598626	664279359	679
59598678	664279469	869
59598625	664279524	1050
59598673	664279671	906
59598656	664279774	2098
59598676	664279825	2122
59598619	664279974	2204
59598685	664280022	2198
59598675	664280155	2217
59598625	664280228	2166
59598676	664280332	2246
59598674	664280467	2492
59598638	664280526	2519
59598675	664280672	2019
59598630	664280772	1816
59598622	664280869	676
59598608	664280932	662
59598622	664281030	666
59598666	664281156	672
59598635	664281270	678
59598661	664281334	680
59598638	664281475	687
59598623	664281579	686
59598632	664281666	697
59598674	664281765	1023
59598672	664281830	956
59598624	664281951	709
59598676	664282048	1093
59598678	664282150	717
59598679	664282230	952
59598673	664282328	862
59598677	664282436	1915
59598733	664275012	240
59598777	664275135	229
59598715	664275288	232
59598778	664275379	228
59598735	664275473	236
59598771	664275586	241
59598738	664275631	235
59598728	664275763	241
59598718	664275878	235
59598756	664275924	232
59598776	664276027	236
59598740	664276174	234
59598754	664276291	232
59598770	664276368	622
59598777	664276454	628
59598725	664276557	618
59598727	664276645	394
59598766	664276774	239
59598766	664276875	244
59598770	664276964	244
59598723	664277062	242
59598720	664277186	238
59598764	664277278	236
59598771	664277361	236
59598752	664277409	235
59598777	664277523	238
59598744	664277622	646
59598733	664277713	681
59598743	664277824	625
59598784	664277923	241
59598780	664278053	622
59598777	664278121	658
59598719	664278219	628
59598774	664278375	243
59598733	664278476	248
59598777	664278576	253
59598751	664278627	249
59598725	664278737	253
59598759	664278828	246
59598781	664278981	252
59598727	664279031	248
59598746	664279126	248
59598727	664279218	279
59598781	664279350	664
59598727	664279470	686
59598769	664279570	1109
59598727	664279616	1128
59598764	664279770	920
59598733	664279868	1627
59598742	664279924	1870
59598778	664280049	2753
59598726	664280170	2653
59598726	664280271	2498
59598778	664280334	2860
59598773	664280428	2628
59598725	664280574	2247
59598778	664280625	613
59598723	664280770	2025
59598771	664280872	682
59598772	664280934	674
59598727	664281078	671
59598729	664281165	675
59598779	664281215	804
59598777	664281338	697
59598728	664281478	1005
59598746	664281520	693
59598755	664281624	1031
59598729	664281774	929
59598769	664281870	1072
59598715	664281915	958
59598779	664282079	1053
59598737	664282181	1056
59598773	664282237	1227
59598779	664282375	2450
59598777	664282460	2790
59598828	664275021	234
59598823	664275158	230
59598887	664275218	229
59598818	664275355	230
59598823	664275469	232
59598876	664275533	236
59598868	664275630	242
59598875	664275773	237
59598882	664275882	235
59598830	664275925	236
59598829	664276079	234
59598828	664276166	234
59598846	664276213	232
59598881	664276324	232
59598832	664276476	627
59598820	664276550	631
59598824	664276630	625
59598812	664276766	241
59598827	664276874	243
59598817	664276962	244
59598824	664277052	243
59598829	664277183	241
59598838	664277247	235
59598821	664277368	238
59598872	664277458	236
59598864	664277519	234
59598854	664277672	677
59598833	664277776	678
59598846	664277831	629
59598895	664277919	238
59598836	664278076	628
59598879	664278175	615
59598850	664278219	610
59598851	664278328	246
59598831	664278472	247
59598832	664278568	256
59598852	664278627	248
59598847	664278733	259
59598891	664278893	254
59598829	664278975	250
59598879	664279081	248
59598816	664279159	251
59598831	664279279	641
59598869	664279326	625
59598872	664279475	883
59598824	664279573	1100
59598826	664279670	1082
59598827	664279773	1809
59598835	664279824	2173
59598824	664279951	2391
59598877	664280026	2354
59598823	664280123	2708
59598824	664280262	2816
59598823	664280319	2809
59598823	664280425	2457
59598867	664280576	2284
59598871	664280629	2716
59598875	664280768	2535
59598878	664280878	730
59598824	664280976	689
59598880	664281018	824
59598874	664281145	884
59598877	664281260	842
59598841	664281326	793
59598843	664281425	854
59598827	664281559	828
59598828	664281671	951
59598873	664281732	1200
59598868	664281823	1190
59598821	664281969	1170
59598822	664282082	1164
59598876	664282168	984
59598871	664282228	1280
59598877	664282359	2035
59598836	664282478	2757
59598928	664275024	238
59598934	664275159	230
59598918	664275276	232
59598986	664275326	234
59598988	664275468	237
59598930	664275514	239
59598987	664275676	239
59598920	664275743	236
59598931	664275829	240
59598942	664275931	233
59598967	664276018	241
59598978	664276165	233
59598933	664276224	235
59598975	664276338	231
59598952	664276475	623
59598975	664276576	641
59598930	664276677	624
59598976	664276753	560
59598923	664276848	237
59598927	664276965	245
59598972	664277065	240
59598974	664277159	242
59598979	664277252	238
59598976	664277327	238
59598990	664277452	236
59598974	664277542	237
59598925	664277680	661
59598977	664277759	676
59598918	664277848	631
59598937	664277930	595
59598925	664278073	622
59598970	664278151	622
59598917	664278241	620
59598926	664278374	244
59598933	664278466	245
59598922	664278562	249
59598968	664278625	254
59598914	664278730	255
59598965	664278870	248
59598934	664278974	251
59598963	664279017	248
59598971	664279162	248
59598981	664279280	735
59598973	664279376	802
59598978	664279433	812
59598980	664279558	998
59598936	664279675	1914
59598961	664279777	1960
59598962	664279874	1918
59598929	664279976	2483
59598922	664280047	2594
59598923	664280176	2564
59598970	664280277	2333
59598916	664280320	2773
59598923	664280423	2660
59598975	664280571	1880
59598929	664280676	2493
59598934	664280771	724
59598926	664280872	710
59598935	664280925	674
59598921	664281023	834
59598922	664281166	877
59598929	664281230	693
59598921	664281321	843
59598927	664281463	911
59598974	664281542	901
59598928	664281670	928
59598934	664281729	1193
59598927	664281848	1167
59598979	664281972	1071
59598970	664282064	1083
59598931	664282132	1199
59598975	664282278	868
59598968	664282378	964
59598975	664282447	1365
59599075	664275036	241
59599030	664275195	234
59599069	664275239	235
59599021	664275340	233
59599022	664275446	238
59599042	664275571	238
59599015	664275623	240
59599069	664275738	240
59599046	664275866	240
59599055	664275921	240
59599027	664276051	239
59599080	664276128	237
59599017	664276223	238
59599032	664276362	231
59599037	664276472	613
59599046	664276526	624
59599049	664276618	620
59599085	664276725	617
59599078	664276878	238
59599080	664276941	240
59599084	664277087	239
59599075	664277125	239
59599020	664277226	243
59599077	664277330	237
59599041	664277473	237
59599013	664277519	237
59599085	664277667	615
59599043	664277776	663
59599019	664277835	674
59599024	664277924	600
59599044	664278081	596
59599025	664278177	627
59599077	664278249	627
59599068	664278321	625
59599060	664278424	598
59599022	664278521	248
59599064	664278678	250
59599063	664278734	253
59599015	664278819	251
59599075	664278908	252
59599038	664279032	247
59599077	664279134	248
59599070	664279276	271
59599028	664279373	652
59599068	664279419	754
59599077	664279554	879
59599067	664279678	973
59599078	664279728	996
59599030	664279820	915
59599070	664279930	2080
59599076	664280079	1679
59599066	664280176	2607
59599076	664280254	2171
59599029	664280368	2748
59599071	664280426	2762
59599079	664280519	2502
59599027	664280631	2664
59599030	664280776	617
59599078	664280883	647
59599032	664280973	818
59599024	664281024	829
59599020	664281154	861
59599076	664281237	874
59599023	664281364	690
59599075	664281440	695
59599071	664281531	881
59599068	664281621	706
59599025	664281723	921
59599024	664281830	1059
59599024	664281978	740
59599071	664282070	1149
59599074	664282123	1172
59599084	664282217	1299
59599078	664282368	1302
59599069	664282470	2505
59599129	664275060	234
59599123	664275135	233
59599164	664275261	237
59599175	664275317	237
59599168	664275473	238
59599186	664275520	237
59599185	664275677	235
59599125	664275763	241
59599169	664275813	243
59599151	664275974	237
59599120	664276089	241
59599148	664276186	235
59599126	664276284	235
59599134	664276331	231
59599137	664276437	233
59599142	664276579	622
59599121	664276635	626
59599180	664276778	619
59599121	664276844	236
59599191	664276926	235
59599166	664277074	241
59599124	664277177	243
59599194	664277213	242
59599184	664277321	240
59599173	664277434	243
59599184	664277552	237
59599173	664277667	484
59599129	664277730	652
59599138	664277824	488
59599161	664277977	582
59599185	664278062	242
59599176	664278156	620
59599160	664278278	626
59599171	664278336	622
59599128	664278437	582
59599187	664278585	247
59599116	664278653	255
59599150	664278728	249
59599184	664278823	253
59599182	664278919	250
59599143	664279076	246
59599188	664279120	250
59599126	664279223	249
59599173	664279364	268
59599122	664279443	754
59599176	664279523	578
59599178	664279647	956
59599176	664279724	987
59599176	664279854	1559
59599124	664279945	1989
59599132	664280072	2279
59599130	664280123	1634
59599128	664280280	2202
59599177	664280375	2652
59599129	664280433	2663
59599174	664280564	1386
59599118	664280681	1891
59599188	664280798	609
59599186	664280870	628
59599188	664280922	645
59599176	664281061	846
59599153	664281112	867
59599138	664281273	686
59599181	664281338	691
59599181	664281442	696
59599132	664281574	836
59599184	664281673	711
59599159	664281721	715
59599117	664281815	965
59599138	664281929	998
59599134	664282069	1089
59599130	664282172	1114
59599152	664282222	1240
59599137	664282373	1172
59599128	664282483	2663
59599266	664275019	233
59599213	664275113	241
59599225	664275288	235
59599286	664275311	236
59599237	664275431	237
59599228	664275591	233
59599230	664275640	233
59599229	664275760	237
59599278	664275859	243
59599284	664275978	235
59599257	664276029	235
59599275	664276172	240
59599247	664276227	238
59599245	664276338	234
59599235	664276434	230
59599273	664276557	608
59599213	664276687	659
59599269	664276775	650
59599225	664276824	244
59599235	664276982	238
59599221	664277037	238
59599210	664277151	238
59599209	664277265	243
59599221	664277381	241
59599227	664277435	245
59599245	664277514	240
59599230	664277639	237
59599272	664277768	651
59599264	664277883	673
59599280	664277974	239
59599272	664278046	237
59599236	664278173	623
59599240	664278232	621
59599221	664278364	625
59599244	664278477	241
59599256	664278520	241
59599267	664278622	249
59599272	664278761	249
59599238	664278871	248
59599279	664278972	252
59599219	664279009	247
59599214	664279185	251
59599225	664279268	254
59599246	664279378	535
59599281	664279458	563
59599244	664279527	502
59599226	664279623	974
59599227	664279769	1064
59599276	664279818	1473
59599226	664279933	1554
59599275	664280025	929
59599249	664280177	2165
59599227	664280234	2371
59599272	664280362	2107
59599234	664280428	1921
59599225	664280530	2428
59599224	664280632	1903
59599274	664280759	584
59599245	664280837	611
59599252	664280968	641
59599230	664281022	655
59599246	664281183	675
59599225	664281233	681
59599236	664281337	690
59599292	664281464	691
59599293	664281587	700
59599246	664281689	710
59599282	664281745	714
59599292	664281862	1059
59599292	664281926	727
59599229	664282064	1034
59599219	664282166	1045
59599277	664282244	1060
59599223	664282377	1588
59599218	664282464	1600
59599346	664275078	230
59599349	664275182	239
59599372	664275272	232
59599339	664275384	241
59599376	664275423	238
59599350	664275526	232
59599365	664275667	233
59599328	664275748	235
59599332	664275882	239
59599385	664275961	236
59599369	664276033	238
59599372	664276154	236
59599313	664276209	235
59599384	664276316	236
59599319	664276482	235
59599376	664276549	588
59599374	664276663	653
59599376	664276735	681
59599343	664276876	241
59599331	664276935	236
59599377	664277072	236
59599315	664277175	239
59599387	664277246	240
59599355	664277336	241
59599376	664277451	243
59599320	664277533	245
59599374	664277657	243
59599328	664277733	621
59599335	664277870	621
59599378	664277989	477
59599385	664278089	234
59599325	664278145	602
59599333	664278227	625
59599324	664278368	621
59599332	664278429	617
59599310	664278536	240
59599370	664278638	244
59599374	664278739	250
59599374	664278877	250
59599320	664278982	252
59599333	664279057	248
59599365	664279170	249
59599317	664279253	253
59599373	664279362	489
59599357	664279423	526
59599321	664279569	938
59599379	664279620	949
59599329	664279722	1060
59599378	664279867	1056
59599372	664279924	1451
59599366	664280018	1896
59599329	664280174	1857
59599377	664280251	851
59599377	664280325	1942
59599332	664280432	1936
59599368	664280564	1341
59599335	664280672	550
59599335	664280774	578
59599374	664280879	597
59599376	664280950	608
59599376	664281019	623
59599339	664281130	652
59599373	664281230	660
59599379	664281313	667
59599357	664281427	680
59599375	664281540	685
59599384	664281661	697
59599370	664281775	709
59599370	664281862	1067
59599375	664281923	1059
59599375	664282061	1147
59599325	664282149	1012
59599370	664282244	746
59599379	664282322	751
59599388	664282453	760
59599461	664275078	227
59599425	664275139	229
59599426	664275223	236
59599475	664275368	234
59599480	664275454	236
59599410	664275590	237
59599473	664275616	235
59599469	664275741	239
59599437	664275862	234
59599468	664275927	235
59599422	664276014	232
59599425	664276176	233
59599462	664276289	236
59599434	664276344	233
59599426	664276435	231
59599431	664276574	585
59599422	664276644	619
59599477	664276765	658
59599465	664276822	666
59599433	664276980	238
59599421	664277041	237
59599482	664277155	239
59599413	664277214	241
59599486	664277376	239
59599427	664277474	244
59599412	664277515	242
59599447	664277625	239
59599475	664277740	239
59599466	664277821	240
59599433	664277969	240
59599423	664278036	235
59599446	664278179	593
59599423	664278224	621
59599457	664278370	624
59599459	664278422	622
59599438	664278582	242
59599482	664278653	244
59599455	664278722	249
59599486	664278818	250
59599423	664278970	251
59599469	664279077	247
59599470	664279190	251
59599479	664279218	248
59599478	664279382	503
59599432	664279484	535
59599472	664279566	890
59599429	664279633	910
59599431	664279762	948
59599437	664279868	1012
59599427	664279976	1501
59599422	664280038	1449
59599471	664280129	990
59599468	664280272	821
59599436	664280322	1912
59599435	664280422	515
59599484	664280523	514
59599479	664280631	525
59599438	664280728	547
59599476	664280850	569
59599427	664280924	593
59599435	664281084	622
59599463	664281175	631
59599441	664281225	642
59599491	664281361	649
59599439	664281436	668
59599478	664281567	671
59599417	664281673	693
59599468	664281728	694
59599426	664281862	1033
59599444	664281928	722
59599429	664282060	1111
59599429	664282130	1173
59599497	664282220	1048
59599419	664282356	749
59599474	664282423	745
59599533	664275074	228
59599537	664275133	225
59599522	664275274	235
59599542	664275338	232
59599527	664275480	232
59599589	664275514	231
59599561	664275637	232
59599588	664275721	235
59599521	664275827	235
59599550	664275973	236
59599582	664276081	234
59599533	664276114	235
59599568	664276282	236
59599567	664276333	236
59599512	664276490	234
59599576	664276553	231
59599532	664276666	610
59599573	664276772	668
59599533	664276834	672
59599558	664276926	617
59599529	664277066	237
59599571	664277170	236
59599550	664277220	246
59599567	664277370	242
59599569	664277473	242
59599574	664277532	245
59599536	664277652	238
59599532	664277764	239
59599535	664277821	241
59599526	664277951	236
59599542	664278016	236
59599532	664278170	239
59599523	664278258	623
59599527	664278372	629
59599572	664278415	629
59599523	664278559	241
59599576	664278648	241
59599555	664278775	252
59599567	664278873	249
59599537	664278928	249
59599561	664279020	250
59599533	664279182	249
59599555	664279232	248
59599551	664279373	443
59599528	664279430	471
59599572	664279578	552
59599528	664279660	896
59599566	664279767	907
59599572	664279826	940
59599517	664279976	944
59599520	664280033	948
59599563	664280178	958
59599527	664280233	766
59599520	664280321	504
59599510	664280473	512
59599523	664280525	512
59599554	664280623	518
59599528	664280772	544
59599522	664280877	565
59599576	664280959	571
59599525	664281026	594
59599568	664281131	600
59599527	664281229	623
59599548	664281385	637
59599588	664281409	633
59599575	664281541	655
59599577	664281624	767
59599521	664281776	690
59599523	664281842	1052
59599514	664281926	1175
59599543	664282028	1157
59599574	664282170	1122
59599571	664282256	759
59599513	664282325	818
59599584	664282485	772
59599689	664275086	229
59599624	664275180	228
59599680	664275270	223
59599628	664275379	230
59599689	664275417	229
59599675	664275538	232
59599618	664275646	236
59599628	664275739	235
59599671	664275876	235
59599675	664275974	231
59599641	664276068	238
59599630	664276129	235
59599656	664276229	238
59599671	664276377	235
59599668	664276440	233
59599670	664276548	231
59599678	664276634	235
59599663	664276774	653
59599625	664276820	678
59599677	664276931	649
59599672	664277019	579
59599630	664277172	238
59599678	664277278	241
59599635	664277384	243
59599614	664277434	238
59599628	664277526	239
59599616	664277666	241
59599671	664277764	237
59599613	664277841	240
59599619	664277948	235
59599647	664278077	231
59599652	664278181	238
59599620	664278235	599
59599649	664278370	627
59599621	664278424	634
59599661	664278523	624
59599628	664278631	243
59599645	664278743	245
59599655	664278831	247
59599632	664278936	253
59599668	664279032	246
59599612	664279123	247
59599626	664279231	252
59599671	664279318	247
59599632	664279436	471
59599671	664279572	454
59599665	664279628	808
59599620	664279724	971
59599676	664279872	1130
59599677	664279959	907
59599624	664280025	1014
59599672	664280165	499
59599658	664280222	912
59599659	664280369	500
59599693	664280470	499
59599673	664280517	502
59599699	664280685	534
59599656	664280754	525
59599675	664280879	540
59599654	664280928	551
59599627	664281069	1889
59599675	664281171	1597
59599625	664281223	1894
59599667	664281327	995
59599671	664281474	2115
59599670	664281529	1201
59599612	664281609	744
59599692	664281786	2086
59599633	664281840	797
59599673	664281967	1828
59599677	664282040	1799
59599678	664282131	2105
59599640	664282226	1600
59599631	664282327	2086
59599619	664282417	2086
59599716	664275044	239
59599745	664275119	228
59599757	664275262	221
59599766	664275368	227
59599778	664275476	229
59599727	664275575	237
59599766	664275612	234
59599780	664275772	235
59599755	664275826	235
59599780	664275922	233
59599722	664276048	235
59599717	664276177	235
59599782	664276270	233
59599774	664276365	236
59599783	664276470	233
59599726	664276537	234
59599781	664276650	234
59599725	664276777	623
59599722	664276881	657
59599778	664276976	649
59599731	664277024	605
59599721	664277176	234
59599769	664277224	239
59599728	664277323	237
59599730	664277439	243
59599730	664277526	238
59599749	664277621	242
59599720	664277756	237
59599725	664277842	237
59599715	664277993	235
59599736	664278037	238
59599729	664278149	231
59599715	664278277	601
59599721	664278374	681
59599737	664278483	678
59599724	664278523	634
59599768	664278674	242
59599774	664278723	242
59599726	664278818	249
59599767	664278929	249
59599762	664279078	249
59599777	664279152	252
59599711	664279273	247
59599721	664279348	248
59599724	664279459	259
59599724	664279536	457
59599768	664279677	433
59599782	664279784	1256
59599783	664279883	1177
59599785	664279975	1051
59599719	664280024	1039
59599777	664280127	1034
59599775	664280224	794
59599757	664280335	503
59599767	664280486	2088
59599779	664280526	2090
59599780	664280620	587
59599779	664280782	2093
59599762	664280830	2090
59599733	664280977	2091
59599734	664281072	1835
59599724	664281169	1798
59599727	664281270	2113
59599726	664281339	2136
59599762	664281475	654
59599726	664281528	967
59599774	664281632	2107
59599774	664281736	2104
59599768	664281825	2107
59599733	664281973	2100
59599762	664282078	2108
59599722	664282172	2122
59599724	664282270	2140
59599782	664282346	2121
59599775	664282430	2117
59599846	664275079	257
59599857	664275138	242
59599863	664275270	226
59599830	664275377	225
59599889	664275488	235
59599810	664275551	229
59599877	664275646	231
59599872	664275769	236
59599884	664275864	235
59599857	664275915	235
59599839	664276082	232
59599813	664276132	231
59599878	664276282	234
59599874	664276374	237
59599840	664276448	238
59599893	664276557	233
59599839	664276661	233
59599840	664276780	607
59599850	664276877	656
59599861	664276978	658
59599881	664277023	648
59599878	664277163	236
59599816	664277288	236
59599871	664277335	240
59599874	664277421	235
59599834	664277570	242
59599885	664277677	239
59599845	664277785	238
59599871	664277860	235
59599847	664277982	234
59599860	664278070	238
59599839	664278122	231
59599828	664278274	591
59599827	664278357	640
59599827	664278417	678
59599819	664278575	614
59599870	664278620	238
59599879	664278754	243
59599885	664278868	248
59599821	664278952	247
59599827	664279056	252
59599872	664279136	244
59599869	664279284	250
59599854	664279378	246
59599878	664279477	278
59599817	664279578	293
59599833	664279673	1054
59599881	664279717	1102
59599865	664279821	1062
59599828	664279959	530
59599824	664280079	810
59599865	664280129	491
59599864	664280272	788
59599874	664280379	1275
59599865	664280475	2095
59599877	664280578	2116
59599877	664280621	2114
59599865	664280727	2113
59599832	664280877	2108
59599870	664280977	2248
59599884	664281034	2249
59599824	664281159	2108
59599888	664281259	2131
59599846	664281382	2145
59599878	664281435	2131
59599861	664281576	2125
59599879	664281652	2134
59599877	664281729	2130
59599817	664281819	2116
59599857	664281924	2128
59599829	664282019	2123
59599879	664282178	2139
59599836	664282281	2135
59599847	664282377	2133
59599878	664282432	2138
59599974	664275037	275
59599964	664275183	253
59599972	664275231	237
59599932	664275382	222
59599986	664275470	224
59599973	664275535	230
59599939	664275632	230
59599963	664275722	238
59599974	664275823	231
59599940	664275989	237
59599986	664276079	235
59599972	664276167	231
59599930	664276228	237
59599920	664276382	235
59599947	664276469	239
59599925	664276570	233
59599940	664276627	238
59599905	664276788	592
59599916	664276827	609
59599952	664276925	656
59599972	664277034	655
59599935	664277180	233
59599967	664277283	237
59599914	664277384	239
59599926	664277465	236
59599979	664277528	240
59599975	664277628	239
59599975	664277725	239
59599969	664277867	235
59599923	664277916	233
59599934	664278094	236
59599921	664278179	226
59599986	664278272	241
59599936	664278374	639
59599982	664278423	667
59599925	664278525	681
59599976	664278656	240
59599918	664278788	240
59599935	664278850	249
59599974	664278923	250
59599988	664279014	246
59599978	664279179	242
59599945	664279223	243
59599914	664279351	252
59599951	664279474	257
59599924	664279583	961
59599925	664279679	542
59599965	664279725	990
59599973	664279816	928
59599983	664279920	1407
59599975	664280079	1030
59599971	664280172	934
59599973	664280233	934
59599975	664280377	1880
59599931	664280425	1219
59599946	664280574	2116
59599927	664280654	2130
59599977	664280735	2147
59599972	664280837	2147
59599960	664280973	2245
59599976	664281061	2152
59599920	664281145	2137
59599929	664281222	2140
59599946	664281324	2145
59599967	664281435	2151
59599926	664281556	2144
59599924	664281677	2145
59599979	664281772	2155
59599977	664281821	2160
59599944	664281916	2155
59599983	664282083	2163
59599984	664282173	2165
59599925	664282224	2155
59599921	664282381	2150
59599967	664282482	2164
59597363	664274171	232
59597361	664274326	234
59597332	664274422	232
59597327	664274561	232
59597370	664274640	232
59597370	664274725	232
59597331	664274871	232
59597379	664274936	236
59597480	664272882	281
59597459	664272977	278
59597475	664273077	277
59597455	664273125	275
59597461	664273328	271
59597475	664273441	268
59597471	664273555	263
59597451	664273674	261
59597431	664273724	257
59597463	664273830	251
59597437	664273979	246
59597458	664274028	235
59597434	664274126	234
59597471	664274279	236
59597430	664274374	233
59597438	664274467	235
59597424	664274538	234
59597449	664274628	238
59597462	664274776	232
59597424	664274859	233
59597424	664274922	231
59597571	664271738	718
59597568	664272044	275
59597563	664272127	282
59597575	664272227	275
59597549	664272373	285
59597540	664272431	290
59597560	664272571	291
59597559	664272672	286
59597571	664272769	274
59597565	664272823	273
59597573	664272933	280
59597576	664273028	280
59597533	664273172	280
59597548	664273229	278
59597575	664273324	273
59597532	664273465	267
59597568	664273528	263
59597529	664273652	263
59597565	664273731	261
59597569	664273877	250
59597577	664273970	248
59597530	664274030	233
59597572	664274125	236
59597570	664274261	230
59597573	664274325	238
59597570	664274456	233
59597546	664274529	237
59597570	664274652	237
59597562	664274724	232
59597572	664274874	234
59597544	664274928	232
59597677	664270661	692
59597668	664270778	676
59597670	664270831	279
59597628	664271174	276
59597675	664271233	270
59597623	664271335	281
59597635	664271466	282
59597665	664271574	279
59597674	664271674	708
59597632	664271776	720
59597608	664271867	285
59597650	664271926	282
59597625	664272068	277
59597663	664272171	274
59597652	664272277	275
59597666	664272346	281
59597622	664272430	291
59597622	664272529	288
59597641	664272672	292
59597673	664272773	278
59597629	664272866	270
59597623	664272962	282
59597633	664273030	282
59597631	664273178	282
59597675	664273267	277
59597625	664273345	272
59597673	664273435	267
59597663	664273565	267
59597629	664273625	263
59597676	664273734	257
59597629	664273834	256
59597669	664273922	250
59597667	664274068	236
59597629	664274161	233
59597630	664274235	233
59597630	664274324	237
59597624	664274480	234
59597638	664274521	236
59597671	664274659	236
59597674	664274747	231
59597624	664274862	232
59597675	664274945	234
59597764	664269733	280
59597769	664269844	276
59597754	664270074	279
59597752	664270128	276
59597755	664270217	279
59597759	664270378	280
59597775	664270447	270
59597772	664270532	277
59597758	664270676	695
59597771	664270728	694
59597727	664270869	279
59597775	664270966	279
59597771	664271029	277
59597733	664271133	278
59597722	664271260	274
59597730	664271380	281
59597727	664271432	280
59597735	664271558	277
59597763	664271625	272
59597786	664271705	277
59597733	664271828	721
59597747	664271979	279
59597739	664272028	275
59597773	664272160	276
59597737	664272269	279
59597764	664272326	277
59597756	664272464	281
59597729	664272536	294
59597731	664272671	291
59597774	664272768	290
59597777	664272838	279
59597722	664272966	276
59597720	664273054	275
59597741	664273134	278
59597749	664273227	271
59597753	664273370	272
59597770	664273433	268
59597726	664273540	269
59597728	664273669	261
59597773	664273731	261
59597721	664273860	254
59597775	664273970	251
59597726	664274067	240
59597734	664274129	237
59597770	664274240	232
59597767	664274336	233
59597738	664274424	236
59597726	664274526	236
59597771	664274634	237
59597726	664274771	231
59597742	664274876	221
59597767	664274928	226
59597855	664268827	277
59597858	664268970	281
59597858	664269027	281
59597874	664269133	279
59597827	664269271	275
59597859	664269379	279
59597848	664269418	282
59597873	664269538	286
59597874	664269662	279
59597872	664269780	279
59597867	664269833	279
59597839	664269930	273
59597866	664270075	280
59597859	664270175	276
59597836	664270237	278
59597829	664270344	280
59597866	664270425	277
59597874	664270534	276
59597879	664270612	274
59597824	664270726	694
59597827	664270863	674
59597855	664270919	280
59597860	664271068	277
59597864	664271121	277
59597847	664271266	276
59597874	664271358	281
59597835	664271424	279
59597870	664271526	280
59597871	664271672	278
59597851	664271712	278
59597824	664271835	719
59597833	664271993	274
59597823	664272035	275
59597878	664272180	279
59597873	664272240	277
59597866	664272371	276
59597882	664272437	274
59597867	664272571	290
59597837	664272643	294
59597876	664272727	290
59597831	664272843	283
59597858	664272927	275
59597878	664273035	279
59597831	664273132	275
59597853	664273271	269
59597871	664273366	266
59597838	664273468	265
59597853	664273579	268
59597821	664273657	266
59597828	664273766	258
59597872	664273864	256
59597871	664273968	252
59597837	664274028	242
59597866	664274130	242
59597874	664274252	233
59597867	664274365	231
59597835	664274478	235
59597865	664274529	235
59597831	664274628	238
59597838	664274724	237
59597828	664274874	231
59597835	664274928	235
59597974	664267642	337
59597970	664267832	326
59597932	664267973	324
59597922	664268056	321
59597973	664268169	323
59597930	664268272	320
59597972	664268334	319
59597935	664268425	313
59597966	664268533	313
59597971	664268632	313
59597968	664268760	283
59597962	664268827	277
59597936	664268967	279
59597972	664269027	281
59597929	664269131	280
59597976	664269237	281
59597928	664269330	281
59597940	664269469	287
59597925	664269560	284
59597926	664269629	283
59597927	664269737	281
59597977	664269826	278
59597971	664269935	277
59597929	664270037	273
59597967	664270166	280
59597971	664270223	279
59597972	664270311	276
59597970	664270430	275
59597926	664270537	277
59597957	664270671	277
59597993	664270705	279
59597929	664270869	693
59597931	664270971	273
59597968	664271073	277
59597971	664271139	276
59597929	664271242	283
59597925	664271381	278
59597955	664271471	278
59597972	664271571	278
59597977	664271624	276
59597982	664271721	277
59597943	664271874	704
59597968	664271971	703
59597975	664272058	280
59597963	664272131	278
59597974	664272234	274
59597970	664272320	280
59597934	664272459	274
59597970	664272559	280
59597973	664272671	293
59597928	664272750	289
59597925	664272834	290
59597930	664272971	273
59597956	664273073	281
59597928	664273146	274
59597927	664273262	268
59597979	664273343	269
59597926	664273447	265
59597925	664273561	267
59597984	664273650	266
59597962	664273725	259
59597973	664273840	258
59597978	664273922	258
59597929	664274037	244
59597957	664274123	241
59597977	664274229	236
59597973	664274371	237
59597931	664274471	234
59597927	664274529	234
59597925	664274672	236
59597940	664274775	235
59597969	664274831	237
59597926	664274953	239
59598070	664267543	337
59598071	664267675	333
59598031	664267763	328
59598064	664267833	326
59598029	664267921	325
59598063	664268075	322
59598072	664268161	325
59598036	664268280	321
59598072	664268377	321
59598065	664268428	315
59598068	664268575	317
59598020	664268631	318
59598078	664268769	291
59598036	664268872	277
59598038	664268969	281
59598072	664269038	280
59598078	664269132	278
59598022	664269273	297
59598048	664269371	277
59598026	664269426	282
59598072	664269551	286
59598029	664269672	282
59598032	664269730	274
59598029	664269848	279
59598029	664269961	276
59598057	664270026	274
59598069	664270141	276
59598073	664270268	276
59598024	664270334	277
59598055	664270443	280
59598073	664270550	279
59598030	664270653	278
59598078	664270712	277
59598050	664270824	700
59598021	664270998	280
59598025	664271025	278
59598038	664271171	282
59598080	664271231	280
59598053	664271333	274
59598031	664271427	277
59598070	664271564	281
59598028	664271671	278
59598068	664271769	274
59598096	664271833	284
59598036	664271925	703
59598047	664272087	279
59598071	664272176	277
59598020	664272260	276
59598034	664272371	284
59598026	664272441	278
59598067	664272551	275
59598075	664272660	292
59598070	664272725	287
59598027	664272844	292
59598037	664272934	283
59598027	664273026	276
59598052	664273126	277
59598020	664273265	271
59598064	664273360	267
59598028	664273441	266
59598023	664273571	261
59598037	664273675	263
59598068	664273772	262
59598026	664273862	259
59598057	664273924	257
59598060	664274074	248
59598027	664274124	238
59598027	664274270	237
59598067	664274331	235
59598027	664274430	235
59598027	664274525	234
59598040	664274667	233
59598037	664274773	236
59598024	664274855	237
59598059	664274969	236
59598136	664267535	337
59598127	664267671	332
59598168	664267728	333
59598163	664267870	327
59598176	664267961	327
59598125	664268059	328
59598128	664268163	325
59598159	664268233	327
59598138	664268324	322
59598173	664268475	319
59598160	664268568	320
59598131	664268678	319
59598129	664268730	311
59598124	664268874	280
59598172	664268958	281
59598129	664269074	283
59598131	664269160	288
59598156	664269274	292
59598133	664269384	301
59598160	664269474	308
59598127	664269574	285
59598159	664269642	281
59598143	664269778	279
59598132	664269826	277
59598124	664269976	274
59598164	664270072	272
59598144	664270137	276
59598127	664270236	280
59598176	664270376	277
59598159	664270473	280
59598127	664270539	280
59598133	664270629	280
59598132	664270735	278
59598170	664270838	691
59598126	664270948	696
59598122	664271079	279
59598126	664271144	270
59598131	664271252	283
59598164	664271373	279
59598133	664271471	276
59598176	664271574	281
59598163	664271673	278
59598170	664271731	274
59598164	664271822	273
59598174	664271968	706
59598103	664272085	283
59598138	664272169	278
59598179	664272223	275
59598128	664272345	278
59598161	664272474	275
59598126	664272577	278
59598131	664272630	282
59598178	664272727	289
59598135	664272889	289
59598142	664272930	291
59598127	664273040	280
59598169	664273128	276
59598135	664273237	274
59598180	664273336	269
59598145	664273413	275
59598169	664273573	260
59598174	664273630	258
59598174	664273735	266
59598171	664273867	262
59598160	664273970	260
59598128	664274069	255
59598132	664274171	235
59598172	664274238	236
59598159	664274378	235
59598160	664274473	237
59598125	664274525	230
59598164	664274633	234
59598176	664274748	233
59598147	664274868	238
59598158	664274977	240
59598225	664267558	335
59598274	664267631	337
59598259	664267779	332
59598266	664267880	326
59598226	664267959	325
59598224	664268078	327
59598275	664268167	326
59598268	664268228	325
59598271	664268344	326
59598230	664268446	324
59598250	664268579	320
59598268	664268670	320
59598235	664268775	306
59598233	664268874	284
59598257	664268977	292
59598230	664269024	290
59598225	664269127	290
59598244	664269270	311
59598271	664269326	317
59598240	664269429	321
59598273	664269531	315
59598234	664269668	284
59598270	664269762	279
59598275	664269852	279
59598224	664269959	281
59598236	664270023	277
59598271	664270119	275
59598229	664270280	279
59598280	664270367	277
59598270	664270428	280
59598275	664270539	280
59598236	664270674	279
59598228	664270728	280
59598292	664270805	280
59598246	664270927	701
59598234	664271074	657
59598272	664271162	280
59598278	664271242	280
59598281	664271380	277
59598271	664271429	276
59598230	664271525	273
59598228	664271633	282
59598260	664271727	276
59598268	664271827	276
59598232	664271931	699
59598225	664272030	704
59598230	664272162	282
59598246	664272225	282
59598250	664272380	276
59598252	664272431	276
59598229	664272531	275
59598230	664272623	277
59598279	664272779	290
59598228	664272867	321
59598253	664272979	292
59598264	664273076	282
59598266	664273148	271
59598240	664273284	270
59598252	664273327	268
59598272	664273428	270
59598227	664273574	262
59598268	664273629	262
59598278	664273782	274
59598227	664273843	262
59598233	664273925	266
59598247	664274028	258
59598234	664274127	258
59598257	664274277	235
59598275	664274367	235
59598251	664274430	234
59598238	664274581	233
59598253	664274675	233
59598231	664274761	233
59598231	664274863	239
59598270	664274963	238
59598324	664267573	338
59598345	664267625	335
59598349	664267771	331
59598365	664267834	330
59598378	664267928	326
59598374	664268040	328
59598349	664268174	326
59598340	664268228	325
59598342	664268372	322
59598377	664268450	329
59598359	664268526	326
59598335	664268674	322
59598332	664268736	326
59598346	664268823	325
59598373	664268925	310
59598338	664269069	309
59598324	664269144	319
59598322	664269248	318
59598323	664269320	323
59598391	664269405	318
59598326	664269567	322
59598333	664269664	286
59598369	664269733	283
59598336	664269874	279
59598350	664269921	281
59598382	664270025	281
59598375	664270159	277
59598379	664270254	281
59598336	664270327	283
59598343	664270473	278
59598352	664270579	278
59598326	664270654	280
59598371	664270749	281
59598348	664270829	279
59598357	664270974	702
59598376	664271051	698
59598332	664271188	280
59598336	664271226	274
59598335	664271373	278
59598328	664271468	276
59598376	664271545	278
59598321	664271628	274
59598351	664271778	275
59598347	664271881	277
59598335	664271926	280
59598376	664272047	698
59598330	664272172	657
59598332	664272249	284
59598346	664272375	275
59598359	664272426	271
59598326	664272528	279
59598333	664272668	279
59598345	664272724	282
59598395	664272817	289
59598334	664272976	293
59598357	664273075	286
59598339	664273130	280
59598332	664273249	278
59598383	664273325	275
59598327	664273429	270
59598326	664273525	279
59598370	664273633	258
59598379	664273731	268
59598371	664273833	275
59598367	664273923	273
59598330	664274067	268
59598371	664274124	270
59598330	664274226	243
59598362	664274324	238
59598351	664274428	233
59598332	664274572	235
59598362	664274679	230
59598324	664274731	236
59598373	664274840	231
59598377	664274944	231
59598434	664267566	339
59598475	664267631	340
59598422	664267725	331
59598468	664267877	331
59598440	664267922	330
59598468	664268037	330
59598425	664268143	330
59598433	664268235	327
59598476	664268336	330
59598433	664268474	328
59598466	664268571	326
59598425	664268658	325
59598447	664268734	324
59598472	664268883	323
59598434	664268973	322
59598412	664269019	320
59598438	664269129	324
59598474	664269210	321
59598464	664269389	318
59598464	664269436	317
59598473	664269535	321
59598443	664269620	324
59598438	664269770	283
59598432	664269832	282
59598461	664269969	284
59598420	664270077	284
59598452	664270179	277
59598470	664270274	276
59598445	664270374	279
59598422	664270446	280
59598451	664270519	279
59598457	664270682	280
59598413	664270746	271
59598453	664270875	282
59598430	664270935	671
59598429	664271060	700
59598466	664271174	654
59598424	664271236	275
59598474	664271349	279
59598475	664271434	276
59598423	664271571	275
59598427	664271672	280
59598441	664271726	277
59598422	664271844	280
59598450	664271926	284
59598472	664272027	683
59598434	664272129	719
59598470	664272274	283
59598428	664272330	274
59598467	664272471	275
59598426	664272572	281
59598425	664272633	277
59598471	664272734	279
59598439	664272871	294
59598431	664272926	294
59598451	664273071	289
59598473	664273130	290
59598473	664273240	271
59598431	664273337	283
59598423	664273461	275
59598443	664273574	273
59598422	664273628	267
59598466	664273739	272
59598421	664273817	274
59598435	664273935	273
59598480	664274035	273
59598429	664274177	264
59598430	664274273	241
59598419	664274349	239
59598453	664274474	237
59598476	664274545	231
59598446	664274681	233
59598471	664274728	229
59598461	664274825	232
59598424	664274987	226
59598526	664267571	339
59598573	664267643	333
59598530	664267772	332
59598564	664267830	334
59598564	664267926	333
59598520	664268057	331
59598530	664268174	329
59598576	664268267	332
59598548	664268321	332
59598531	664268476	329
59598550	664268570	326
59598528	664268664	323
59598578	664268739	324
59598546	664268866	337
59598546	664268924	325
59598526	664269066	501
59598570	664269178	322
59598520	664269236	325
59598568	664269331	499
59598534	664269427	321
59598529	664269575	317
59598539	664269667	321
59598581	664269778	289
59598537	664269877	283
59598574	664269929	286
59598557	664270031	289
59598539	664270171	278
59598536	664270269	275
59598570	664270328	276
59598552	664270476	280
59598503	664270542	280
59598572	664270642	691
59598558	664270726	280
59598529	664270872	285
59598569	664270930	443
59598572	664271065	703
59598543	664271125	699
59598567	664271252	269
59598569	664271343	279
59598526	664271457	276
59598575	664271543	281
59598570	664271653	276
59598541	664271770	275
59598532	664271871	280
59598560	664271974	281
59598577	664272057	280
59598574	664272148	705
59598534	664272298	281
59598534	664272376	273
59598529	664272466	275
59598564	664272569	276
59598558	664272676	276
59598522	664272763	279
59598560	664272865	283
59598565	664272929	294
59598524	664273028	293
59598541	664273175	287
59598570	664273227	288
59598529	664273359	286
59598586	664273471	303
59598513	664273505	294
59598578	664273678	264
59598535	664273727	277
59598529	664273865	277
59598523	664273927	279
59598574	664274046	274
59598574	664274181	271
59598571	664274255	266
59598564	664274322	241
59598548	664274430	237
59598527	664274568	230
59598531	664274627	231
59598526	664274753	229
59598572	664274824	232
59598566	664274971	232
59598626	664267575	338
59598624	664267671	335
59598646	664267776	335
59598673	664267876	336
59598671	664267973	335
59598677	664268072	330
59598627	664268168	332
59598628	664268274	331
59598624	664268346	331
59598632	664268469	327
59598628	664268529	326
59598629	664268640	327
59598667	664268774	326
59598659	664268823	332
59598638	664268974	324
59598648	664269007	323
59598640	664269168	322
59598653	664269281	323
59598630	664269367	478
59598627	664269460	321
59598669	664269575	323
59598670	664269640	319
59598674	664269758	323
59598675	664269874	287
59598638	664269921	284
59598675	664270061	283
59598670	664270126	286
59598635	664270224	278
59598669	664270370	279
59598687	664270435	279
59598669	664270583	280
59598659	664270610	277
59598667	664270774	281
59598637	664270832	277
59598631	664270929	288
59598645	664271025	671
59598673	664271165	706
59598670	664271267	661
59598633	664271373	271
59598674	664271480	276
59598666	664271529	276
59598614	664271682	274
59598635	664271767	275
59598668	664271832	277
59598631	664271953	280
59598665	664272021	277
59598625	664272102	284
59598653	664272267	289
59598675	664272327	281
59598662	664272425	277
59598616	664272591	278
59598670	664272674	278
59598629	664272773	279
59598630	664272844	286
59598661	664272929	292
59598635	664273033	296
59598625	664273161	295
59598630	664273262	293
59598645	664273327	290
59598638	664273493	312
59598668	664273528	879
59598628	664273625	869
59598643	664273772	272
59598624	664273858	277
59598628	664273970	279
59598629	664274071	274
59598668	664274130	276
59598633	664274221	273
59598675	664274372	249
59598629	664274472	234
59598645	664274530	232
59598669	664274638	224
59598676	664274736	232
59598623	664274839	232
59598679	664274929	233
59598725	664267536	338
59598772	664267623	336
59598722	664267734	334
59598750	664267831	337
59598724	664267965	334
59598781	664268020	332
59598769	664268163	331
59598775	664268243	330
59598775	664268328	330
59598724	664268426	329
59598730	664268580	329
59598735	664268672	329
59598724	664268772	330
59598723	664268869	328
59598777	664268940	327
59598731	664269026	326
59598774	664269187	323
59598770	664269227	323
59598756	664269325	321
59598755	664269420	323
59598742	664269524	320
59598722	664269662	318
59598774	664269731	321
59598735	664269829	294
59598727	664269965	288
59598725	664270031	284
59598723	664270149	288
59598728	664270276	282
59598725	664270374	282
59598777	664270445	279
59598770	664270571	282
59598769	664270658	278
59598719	664270797	280
59598758	664270876	288
59598735	664270971	291
59598731	664271070	673
59598731	664271131	703
59598766	664271270	702
59598740	664271374	278
59598746	664271425	275
59598769	664271572	278
59598742	664271635	275
59598777	664271753	276
59598772	664271876	277
59598773	664271925	279
59598775	664272053	280
59598788	664272169	281
59598774	664272236	279
59598724	664272349	278
59598746	664272470	274
59598765	664272528	284
59598730	664272674	279
59598759	664272725	284
59598760	664272820	282
59598769	664272974	297
59598748	664273036	296
59598707	664273135	299
59598772	664273270	925
59598750	664273324	916
59598728	664273440	901
59598728	664273573	884
59598734	664273632	874
59598725	664273764	863
59598730	664273831	276
59598767	664273973	279
59598741	664274022	285
59598772	664274176	280
59598743	664274274	272
59598776	664274331	269
59598772	664274431	247
59598728	664274539	234
59598730	664274633	226
59598764	664274770	234
59598741	664274880	233
59598732	664274966	236
59598873	664267532	344
59598832	664267632	338
59598877	664267733	337
59598829	664267834	335
59598847	664267925	335
59598828	664268075	331
59598877	664268162	329
59598873	664268234	330
59598832	664268333	330
59598876	664268435	335
59598824	664268562	334
59598838	664268627	330
59598832	664268726	331
59598817	664268823	330
59598824	664268966	324
59598839	664269029	328
59598866	664269170	325
59598874	664269265	323
59598864	664269323	326
59598850	664269425	325
59598834	664269575	320
59598828	664269675	324
59598825	664269780	323
59598878	664269858	321
59598867	664269936	289
59598832	664270077	284
59598871	664270170	289
59598866	664270229	287
59598829	664270331	282
59598870	664270470	281
59598820	664270593	280
59598821	664270680	280
59598877	664270705	279
59598826	664270832	637
59598878	664270902	277
59598833	664271071	649
59598826	664271159	704
59598874	664271262	695
59598848	664271373	280
59598874	664271476	273
59598874	664271534	278
59598868	664271633	274
59598827	664271775	275
59598832	664271876	277
59598875	664271967	284
59598875	664272042	282
59598872	664272151	283
59598872	664272265	285
59598852	664272371	283
59598881	664272476	283
59598820	664272551	292
59598829	664272633	295
59598832	664272773	286
59598833	664272831	289
59598861	664272951	298
59598829	664273070	957
59598827	664273131	946
59598876	664273248	941
59598876	664273341	920
59598830	664273469	906
59598874	664273541	899
59598869	664273663	880
59598875	664273743	873
59598804	664273835	288
59598864	664273985	285
59598867	664274026	281
59598864	664274127	282
59598853	664274279	280
59598839	664274327	274
59598856	664274473	246
59598831	664274533	235
59598827	664274642	227
59598827	664274749	230
59598832	664274830	233
59598846	664274925	230
59598964	664267529	343
59598929	664267674	338
59598930	664267722	336
59598936	664267880	334
59598925	664267945	334
59598938	664268074	331
59598960	664268179	328
59598929	664268246	330
59598967	664268327	333
59598974	664268469	334
59598969	664268573	334
59598940	664268671	333
59598943	664268775	331
59598922	664268825	331
59598966	664268930	332
59598973	664269030	332
59598931	664269171	328
59598963	664269223	326
59598932	664269369	324
59598956	664269476	322
59598955	664269574	322
59598927	664269626	318
59598929	664269771	320
59598932	664269825	322
59598927	664269923	290
59598947	664270026	291
59598931	664270173	287
59598972	664270272	285
59598954	664270375	276
59598975	664270444	278
59598969	664270574	286
59598968	664270671	708
59598934	664270730	284
59598925	664270832	672
59598929	664270957	287
59598998	664271026	284
59598987	664271127	292
59598930	664271274	700
59598974	664271364	692
59598940	664271473	276
59598924	664271556	275
59598978	664271633	277
59598960	664271730	281
59598979	664271842	275
59598925	664271928	281
59598972	664272027	285
59598970	664272126	287
59598924	664272278	287
59598971	664272365	288
59598948	664272425	283
59598939	664272572	283
59598920	664272679	286
59598936	664272724	296
59598971	664272863	994
59598935	664272930	978
59598948	664273032	968
59598966	664273173	953
59598927	664273271	937
59598966	664273327	930
59598930	664273434	915
59598931	664273538	898
59598930	664273642	884
59598969	664273772	878
59598942	664273824	868
59598973	664273929	404
59598935	664274030	287
59598971	664274174	287
59598916	664274277	282
59598934	664274369	278
59598933	664274456	260
59598923	664274524	236
59598975	664274658	235
59598943	664274729	230
59598971	664274832	227
59598925	664274942	239
59599070	664267574	339
59599054	664267676	337
59599029	664267729	334
59599023	664267868	336
59599042	664267925	333
59599034	664268071	331
59599063	664268127	332
59599071	664268268	332
59599062	664268329	332
59599068	664268471	336
59599026	664268573	337
59599071	664268675	335
59599064	664268769	334
59599075	664268859	334
59599034	664268980	329
59599068	664269030	334
59599028	664269168	325
59599070	664269236	329
59599034	664269335	322
59599074	664269458	318
59599075	664269539	319
59599022	664269678	319
59599070	664269727	321
59599027	664269833	320
59599030	664269967	293
59599068	664270037	292
59599023	664270165	283
59599042	664270221	286
59599037	664270372	281
59599073	664270471	275
59599028	664270555	283
59599034	664270601	284
59599035	664270774	285
59599072	664270886	284
59599073	664270980	284
59599036	664271031	281
59599043	664271123	289
59599081	664271226	289
59599071	664271369	699
59599058	664271476	273
59599026	664271524	274
59599026	664271644	279
59599025	664271760	282
59599035	664271866	274
59599074	664271943	283
59599030	664272073	279
59599027	664272154	282
59599026	664272235	283
59599029	664272346	285
59599065	664272432	285
59599022	664272536	288
59599072	664272677	1025
59599045	664272727	1019
59599072	664272874	1001
59599045	664272925	993
59599027	664273040	972
59599066	664273173	961
59599075	664273231	950
59599070	664273333	937
59599072	664273426	922
59599030	664273534	907
59599063	664273672	897
59599029	664273771	876
59599059	664273876	866
59599067	664273926	645
59599057	664274077	298
59599034	664274134	292
59599042	664274273	285
59599064	664274373	282
59599065	664274426	281
59599073	664274530	274
59599072	664274635	234
59599080	664274748	239
59599025	664274855	230
59599072	664274963	229
59599175	664267570	345
59599171	664267669	338
59599164	664267723	333
59599166	664267876	336
59599142	664267923	337
59599167	664268074	334
59599166	664268170	332
59599123	664268250	329
59599140	664268371	330
59599174	664268424	332
59599126	664268535	334
59599172	664268637	334
59599173	664268744	329
59599160	664268822	331
59599176	664268951	335
59599140	664269025	329
59599173	664269139	328
59599167	664269266	326
59599156	664269329	324
59599175	664269472	323
59599133	664269574	322
59599125	664269657	322
59599125	664269760	320
59599170	664269853	316
59599123	664269974	316
59599161	664270077	288
59599126	664270133	289
59599143	664270276	287
59599132	664270360	286
59599167	664270435	283
59599167	664270566	281
59599133	664270673	284
59599137	664270731	286
59599143	664270820	285
59599174	664270930	288
59599167	664271032	284
59599155	664271125	283
59599152	664271212	279
59599137	664271373	692
59599184	664271497	281
59599146	664271575	287
59599156	664271673	286
59599170	664271740	282
59599186	664271828	281
59599124	664271964	282
59599118	664272035	280
59599171	664272134	284
59599171	664272234	289
59599129	664272313	290
59599136	664272466	297
59599172	664272538	1053
59599131	664272669	1033
59599126	664272771	1016
59599166	664272827	1010
59599167	664272971	989
59599168	664273030	980
59599128	664273133	964
59599129	664273229	955
59599128	664273371	938
59599143	664273473	923
59599135	664273527	914
59599171	664273631	908
59599136	664273729	894
59599129	664273875	870
59599173	664273939	870
59599127	664274043	403
59599174	664274162	290
59599173	664274264	287
59599175	664274326	287
59599133	664274429	284
59599123	664274534	281
59599123	664274645	237
59599168	664274765	229
59599183	664274860	236
59599174	664274929	231
59599231	664267577	347
59599228	664267643	341
59599245	664267724	340
59599261	664267827	337
59599227	664267927	336
59599234	664268039	337
59599270	664268165	332
59599259	664268226	331
59599264	664268374	331
59599236	664268424	331
59599271	664268551	332
59599225	664268660	331
59599274	664268747	327
59599253	664268873	327
59599272	664268968	335
59599243	664269026	334
59599244	664269126	333
59599256	664269274	328
59599236	664269323	325
59599226	664269468	322
59599226	664269539	321
59599241	664269633	322
59599280	664269749	322
59599221	664269875	318
59599245	664269927	319
59599233	664270068	291
59599271	664270125	288
59599254	664270222	294
59599250	664270321	290
59599245	664270433	284
59599228	664270535	279
59599276	664270655	284
59599238	664270775	285
59599254	664270868	283
59599280	664270977	290
59599253	664271029	288
59599269	664271169	285
59599236	664271230	286
59599286	664271366	282
59599273	664271458	282
59599270	664271543	280
59599226	664271669	287
59599251	664271774	285
59599234	664271873	282
59599227	664271964	284
59599243	664272027	284
59599242	664272140	297
59599224	664272256	1144
59599258	664272375	1085
59599229	664272430	1075
59599240	664272524	1057
59599247	664272673	1037
59599275	664272753	1029
59599276	664272841	1017
59599228	664272964	999
59599262	664273026	991
59599267	664273171	968
59599274	664273273	958
59599271	664273364	943
59599224	664273446	932
59599263	664273527	924
59599228	664273627	908
59599271	664273727	900
59599228	664273835	884
59599275	664273972	874
59599268	664274070	859
59599237	664274174	289
59599265	664274227	289
59599237	664274381	285
59599274	664274427	283
59599230	664274528	282
59599256	664274631	279
59599275	664274726	255
59599242	664274828	234
59599229	664274931	236
59599370	664267532	433
59599327	664267630	340
59599385	664267761	338
59599361	664267871	331
59599356	664267927	332
59599347	664268067	331
59599328	664268133	329
59599325	664268237	329
59599325	664268364	327
59599360	664268427	328
59599331	664268566	331
59599344	664268629	332
59599326	664268769	326
59599349	664268871	327
59599349	664268926	330
59599328	664269065	332
59599375	664269151	332
59599368	664269234	331
59599339	664269328	325
59599368	664269421	321
59599326	664269523	324
59599322	664269647	321
59599333	664269739	320
59599373	664269847	318
59599332	664269970	316
59599338	664270012	318
59599326	664270149	287
59599373	664270236	289
59599362	664270368	287
59599363	664270427	289
59599319	664270549	282
59599358	664270623	281
59599378	664270735	282
59599370	664270868	287
59599356	664270978	288
59599356	664271074	287
59599367	664271126	288
59599326	664271258	286
59599370	664271335	287
59599337	664271463	292
59599370	664271574	292
59599335	664271680	290
59599371	664271772	285
59599360	664271819	284
59599340	664271935	284
59599372	664272067	372
59599307	664272100	299
59599357	664272277	1136
59599329	664272328	1121
59599358	664272427	1081
59599336	664272577	1056
59599375	664272663	1047
59599340	664272771	1029
59599367	664272827	1022
59599342	664272925	1011
59599332	664273025	993
59599376	664273173	977
59599367	664273271	963
59599373	664273328	960
59599375	664273423	949
59599368	664273569	936
59599329	664273672	912
59599321	664273757	900
59599360	664273829	900
59599362	664273971	882
59599370	664274068	871
59599327	664274133	404
59599330	664274266	290
59599373	664274322	283
59599365	664274424	284
59599344	664274531	281
59599339	664274625	280
59599331	664274768	257
59599364	664274874	233
59599364	664274930	233
59599425	664267556	433
59599424	664267645	341
59599463	664267727	339
59599431	664267838	327
59599435	664267932	333
59599472	664268031	330
59599428	664268139	330
59599434	664268234	329
59599431	664268358	326
59599423	664268419	329
59599429	664268530	328
59599431	664268669	332
59599474	664268764	328
59599426	664268865	330
59599430	664268976	329
59599472	664269033	333
59599425	664269166	330
59599434	664269260	329
59599459	664269366	324
59599471	664269464	322
59599423	664269576	322
59599470	664269674	320
59599465	664269773	321
59599438	664269826	322
59599475	664269947	318
59599470	664270069	318
59599439	664270127	299
59599423	664270257	289
59599471	664270355	286
59599468	664270473	291
59599463	664270527	287
59599437	664270625	284
59599447	664270774	283
59599425	664270828	286
59599472	664270924	289
59599428	664271071	288
59599430	664271168	283
59599426	664271264	287
59599426	664271335	287
59599428	664271462	291
59599456	664271524	294
59599446	664271676	289
59599425	664271726	289
59599475	664271841	1223
59599428	664271966	1196
59599467	664272074	1179
59599440	664272174	1165
59599475	664272241	1150
59599436	664272374	1128
59599429	664272426	1091
59599431	664272572	1063
59599428	664272628	1055
59599469	664272770	1036
59599441	664272873	1025
59599477	664272939	1018
59599472	664273026	1005
59599426	664273143	983
59599472	664273227	978
59599449	664273372	959
59599423	664273464	948
59599466	664273568	937
59599471	664273664	926
59599475	664273735	918
59599431	664273870	899
59599441	664273974	882
59599421	664274024	878
59599469	664274174	399
59599413	664274294	291
59599468	664274336	286
59599426	664274438	284
59599423	664274561	278
59599463	664274674	276
59599471	664274727	278
59599475	664274874	240
59599456	664274925	232
59599523	664267576	437
59599543	664267680	341
59599575	664267775	337
59599573	664267835	333
59599577	664267957	329
59599525	664268051	329
59599532	664268168	323
59599531	664268265	324
59599524	664268341	326
59599543	664268431	324
59599571	664268525	328
59599525	664268672	328
59599575	664268761	329
59599576	664268879	329
59599530	664268926	328
59599575	664269030	329
59599534	664269129	330
59599573	664269236	325
59599530	664269328	322
59599575	664269456	324
59599560	664269581	321
59599569	664269628	321
59599565	664269726	320
59599573	664269871	318
59599574	664269973	316
59599529	664270035	313
59599581	664270146	313
59599525	664270229	291
59599573	664270372	292
59599524	664270430	291
59599531	664270572	290
59599548	664270673	286
59599527	664270747	296
59599533	664270873	285
59599531	664270935	289
59599571	664271067	291
59599522	664271172	285
59599531	664271263	285
59599572	664271367	290
59599546	664271431	292
59599509	664271520	293
59599561	664271627	1207
59599530	664271735	1224
59599526	664271874	1223
59599570	664271974	1209
59599575	664272027	1195
59599525	664272156	1171
59599570	664272222	1159
59599563	664272329	1143
59599534	664272470	1103
59599573	664272542	1084
59599546	664272626	1071
59599531	664272731	1050
59599530	664272870	1029
59599528	664272977	1017
59599562	664273028	1016
59599526	664273143	996
59599524	664273258	976
59599525	664273338	973
59599535	664273427	961
59599528	664273573	944
59599562	664273626	937
59599534	664273775	913
59599572	664273875	910
59599575	664273950	901
59599573	664274036	884
59599556	664274175	872
59599573	664274244	862
59599572	664274383	285
59599562	664274427	279
59599574	664274525	275
59599541	664274624	277
59599534	664274727	278
59599575	664274866	263
59599566	664274973	231
59599629	664267565	441
59599618	664267674	343
59599626	664267732	338
59599658	664267828	331
59599623	664267959	327
59599677	664268038	321
59599634	664268127	323
59599678	664268248	320
59599674	664268339	324
59599671	664268430	325
59599630	664268530	328
59599672	664268664	327
59599640	664268723	328
59599666	664268870	329
59599673	664268927	332
59599671	664269070	328
59599644	664269126	327
59599635	664269274	324
59599673	664269340	326
59599626	664269465	324
59599669	664269528	321
59599627	664269631	319
59599673	664269757	318
59599677	664269874	316
59599636	664269974	313
59599648	664270025	312
59599634	664270139	312
59599654	664270272	291
59599661	664270327	278
59599626	664270475	290
59599627	664270532	288
59599670	664270669	288
59599673	664270780	285
59599629	664270838	285
59599642	664270982	291
59599678	664271045	290
59599677	664271141	294
59599653	664271276	284
59599627	664271327	292
59599658	664271476	1174
59599663	664271527	384
59599625	664271651	1203
59599625	664271757	1217
59599669	664271872	1226
59599629	664271928	1214
59599626	664272059	1194
59599673	664272127	1188
59599671	664272272	1163
59599673	664272335	1155
59599675	664272440	1141
59599625	664272564	1083
59599634	664272674	1064
59599626	664272737	1055
59599671	664272836	1046
59599672	664272959	1030
59599670	664273066	1020
59599671	664273129	1012
59599668	664273269	989
59599635	664273327	980
59599634	664273474	963
59599670	664273570	956
59599641	664273625	948
59599633	664273732	933
59599631	664273829	920
59599666	664273972	900
59599673	664274037	895
59599661	664274175	876
59599668	664274228	653
59599660	664274363	289
59599666	664274467	280
59599668	664274569	273
59599627	664274669	275
59599672	664274730	271
59599623	664274857	274
59599630	664274950	252
59599770	664267582	440
59599780	664267653	437
59599771	664267760	337
59599759	664267871	329
59599746	664267974	322
59599727	664268066	321
59599752	664268125	323
59599725	664268274	323
59599725	664268362	323
59599761	664268420	323
59599757	664268523	324
59599773	664268665	326
59599760	664268768	329
59599739	664268830	330
59599765	664268924	330
59599726	664269073	329
59599772	664269167	326
59599730	664269231	328
59599733	664269328	326
59599743	664269472	324
59599749	664269526	324
59599722	664269633	322
59599725	664269732	317
59599760	664269831	316
59599765	664269977	313
59599727	664270025	312
59599727	664270162	312
59599727	664270227	318
59599749	664270325	297
59599731	664270468	291
59599728	664270568	289
59599730	664270649	293
59599726	664270737	287
59599726	664270892	287
59599729	664270974	292
59599734	664271069	293
59599725	664271132	296
59599770	664271230	1137
59599747	664271325	1142
59599746	664271421	1165
59599771	664271531	1175
59599729	664271631	1185
59599730	664271735	1208
59599771	664271827	1217
59599732	664271975	1217
59599725	664272029	1203
59599757	664272173	1185
59599754	664272273	1174
59599725	664272334	1163
59599773	664272445	1147
59599773	664272527	1136
59599772	664272643	1085
59599723	664272767	1066
59599759	664272824	1065
59599777	664272940	1048
59599727	664273025	1029
59599772	664273138	1021
59599730	664273261	998
59599776	664273323	997
59599771	664273471	972
59599763	664273528	968
59599738	664273628	954
59599773	664273737	940
59599726	664273838	922
59599762	664273926	913
59599767	664274022	901
59599732	664274170	885
59599773	664274268	874
59599722	664274363	287
59599738	664274470	284
59599754	664274534	276
59599766	664274675	273
59599732	664274730	271
59599730	664274843	272
59599732	664274965	266
59599875	664267540	441
59599883	664267615	437
59599835	664267734	331
59599851	664267825	348
59599830	664267974	324
59599844	664268074	322
59599845	664268175	322
59599874	664268225	321
59599872	664268355	322
59599867	664268465	325
59599865	664268571	325
59599830	664268637	327
59599862	664268769	328
59599842	664268873	330
59599864	664268979	330
59599870	664269077	331
59599829	664269138	330
59599844	664269267	326
59599826	664269374	325
59599862	664269472	321
59599837	664269569	323
59599827	664269682	318
59599828	664269775	318
59599834	664269826	317
59599870	664269928	314
59599828	664270031	312
59599827	664270158	310
59599821	664270229	313
59599841	664270370	299
59599836	664270472	294
59599833	664270530	291
59599835	664270632	283
59599875	664270725	295
59599837	664270884	288
59599825	664270946	289
59599874	664271023	1095
59599856	664271174	1111
59599834	664271227	1124
59599855	664271328	1136
59599874	664271473	1157
59599874	664271532	1167
59599834	664271635	1185
59599875	664271749	1194
59599874	664271872	1210
59599834	664271972	1226
59599864	664272070	1220
59599871	664272171	1198
59599829	664272274	1177
59599854	664272376	1162
59599828	664272468	1150
59599836	664272524	1139
59599842	664272673	1087
59599863	664272773	1080
59599824	664272875	1058
59599830	664272962	1047
59599833	664273068	1032
59599824	664273159	1025
59599824	664273239	1014
59599873	664273325	1005
59599846	664273473	983
59599877	664273543	979
59599832	664273668	959
59599828	664273764	945
59599825	664273832	929
59599826	664273967	913
59599874	664274067	906
59599873	664274124	899
59599868	664274269	880
59599823	664274358	857
59599847	664274477	287
59599832	664274573	274
59599872	664274630	274
59599834	664274730	272
59599828	664274831	272
59599830	664274934	270
59599968	664267530	443
59599926	664267634	436
59599977	664267769	352
59599932	664267875	333
59599972	664267964	323
59599930	664268028	323
59599951	664268177	323
59599937	664268226	320
59599918	664268380	318
59599963	664268432	323
59599949	664268525	324
59599931	664268627	326
59599934	664268733	327
59599960	664268822	328
59599941	664268976	330
59599926	664269065	332
59599951	664269179	327
59599973	664269232	330
59599957	664269316	324
59599926	664269434	323
59599933	664269577	319
59599963	664269671	316
59599934	664269772	315
59599917	664269848	314
59599931	664269944	314
59599955	664270073	309
59599974	664270161	308
59599968	664270272	310
59599924	664270334	315
59599921	664270478	288
59599927	664270570	296
59599939	664270678	294
59599903	664270735	292
59599928	664270832	1097
59599926	664270934	1082
59599943	664271074	1094
59599966	664271132	1094
59599976	664271224	1112
59599927	664271363	1130
59599927	664271466	1146
59599975	664271543	1160
59599944	664271671	1176
59599974	664271767	1188
59599939	664271826	1204
59599974	664271927	1209
59599970	664272030	1228
59599926	664272174	1201
59599935	664272228	1197
59599933	664272369	1170
59599962	664272428	1169
59599955	664272578	1144
59599973	664272661	1135
59599935	664272725	1091
59599971	664272839	1082
59599925	664272935	1061
59599926	664273069	1039
59599975	664273147	1037
59599974	664273226	1022
59599932	664273330	1010
59599966	664273432	996
59599929	664273565	978
59599966	664273671	967
59599930	664273770	952
59599969	664273832	949
59599973	664273968	925
59599974	664274074	915
59599971	664274127	907
59599930	664274230	890
59599973	664274338	877
59599952	664274497	280
59599929	664274523	279
59599967	664274671	275
59599938	664274726	272
59599935	664274876	273
59599929	664274974	269
59597383	664274009	245
59597373	664274281	233
59597382	664274584	236
59597341	664274689	236
59597331	664274766	237
59597366	664274855	236
59597329	664274963	238
59597453	664273070	279
59597490	664273238	275
59597428	664273451	270
59597419	664273522	268
59597464	664273641	263
59597434	664273777	254
59597483	664273889	252
59597468	664273924	251
59597468	664274068	240
59597473	664274180	237
59597447	664274226	238
59597457	664274324	237
59597483	664274426	236
59597456	664274512	239
59597459	664274682	239
59597443	664274746	238
59597477	664274831	237
59597473	664274950	232
59597573	664271826	671
59597546	664272168	298
59597559	664272322	714
59597574	664272448	637
59597507	664272564	293
59597527	664272650	292
59597520	664272756	684
59597544	664272877	697
59597525	664272964	654
59597553	664273023	639
59597582	664273126	282
59597578	664273250	281
59597525	664273351	275
59597563	664273431	270
59597522	664273565	270
59597589	664273678	263
59597526	664273729	265
59597517	664273854	256
59597533	664273923	252
59597527	664274077	233
59597539	664274168	235
59597558	664274276	238
59597528	664274372	237
59597523	664274433	235
59597525	664274579	239
59597540	664274651	239
59597549	664274770	233
59597516	664274806	233
59597519	664274977	233
59597683	664270964	279
59597676	664271043	423
59597680	664271145	696
59597621	664271258	696
59597673	664271356	284
59597690	664271489	282
59597628	664271563	632
59597678	664271624	647
59597652	664271728	723
59597679	664271825	712
59597615	664271911	286
59597690	664272021	278
59597637	664272123	285
59597648	664272224	657
59597614	664272346	715
59597686	664272484	648
59597684	664272567	293
59597667	664272626	294
59597633	664272743	644
59597666	664272843	695
59597675	664272918	699
59597678	664273075	651
59597684	664273117	584
59597635	664273217	281
59597677	664273366	276
59597610	664273429	272
59597672	664273525	268
59597669	664273662	264
59597633	664273774	261
59597682	664273836	260
59597641	664273984	254
59597620	664274019	246
59597662	664274120	234
59597680	664274233	239
59597671	664274386	246
59597664	664274427	237
59597682	664274545	237
59597635	664274612	239
59597622	664274764	234
59597679	664274834	1094
59597630	664274966	236
59597787	664269479	636
59597778	664269561	669
59597765	664269667	281
59597773	664269774	654
59597776	664269983	278
59597725	664270172	706
59597720	664270285	661
59597728	664270329	432
59597729	664270496	278
59597724	664270571	653
59597747	664270627	673
59597737	664270780	694
59597757	664270827	685
59597729	664270940	278
59597724	664271039	277
59597774	664271149	675
59597782	664271225	697
59597740	664271328	688
59597774	664271458	280
59597714	664271535	282
59597737	664271682	677
59597730	664271774	704
59597774	664271868	702
59597778	664271920	679
59597733	664272088	278
59597735	664272117	276
59597734	664272238	641
59597738	664272390	717
59597733	664272418	715
59597770	664272528	640
59597742	664272625	293
59597724	664272759	292
59597716	664272820	674
59597786	664272933	699
59597777	664273041	685
59597775	664273125	405
59597723	664273276	276
59597732	664273323	273
59597717	664273473	275
59597786	664273581	270
59597766	664273630	268
59597716	664273713	262
59597737	664273818	260
59597729	664273948	254
59597763	664274074	245
59597772	664274169	235
59597725	664274281	236
59597769	664274371	239
59597768	664274470	239
59597762	664274510	237
59597734	664274678	979
59597745	664274725	982
59597777	664274834	231
59597726	664274977	244
59597885	664268328	319
59597874	664268625	320
59597877	664268774	281
59597860	664268869	282
59597864	664268914	291
59597835	664269085	285
59597855	664269189	282
59597860	664269229	282
59597816	664269358	285
59597877	664269474	291
59597820	664269585	664
59597829	664269668	680
59597819	664269741	668
59597818	664269837	564
59597884	664269935	276
59597824	664270054	650
59597848	664270128	287
59597856	664270275	705
59597880	664270370	663
59597807	664270491	280
59597838	664270574	449
59597829	664270663	660
59597878	664270773	700
59597881	664270826	695
59597833	664270972	288
59597841	664271024	289
59597839	664271171	287
59597820	664271248	700
59597820	664271352	697
59597860	664271473	616
59597835	664271587	279
59597827	664271643	280
59597853	664271771	702
59597877	664271884	719
59597866	664271928	702
59597845	664272074	277
59597827	664272153	276
59597824	664272242	282
59597851	664272323	666
59597840	664272466	286
59597840	664272522	296
59597877	664272656	393
59597825	664272751	402
59597878	664272845	643
59597879	664272985	699
59597822	664273054	694
59597880	664273144	645
59597855	664273223	274
59597830	664273336	271
59597884	664273415	266
59597821	664273517	272
59597878	664273655	269
59597877	664273720	266
59597824	664273822	261
59597819	664273931	255
59597871	664274045	243
59597831	664274181	240
59597818	664274245	235
59597818	664274384	236
59597865	664274429	236
59597835	664274520	239
59597812	664274682	246
59597888	664274752	235
59597870	664274837	232
59597871	664274928	241
59597977	664267584	337
59597990	664267788	422
59597933	664267917	323
59597962	664268020	326
59597905	664268122	327
59597955	664268274	324
59597952	664268382	317
59597975	664268484	317
59597916	664268583	314
59597960	664268672	493
59597914	664268738	287
59597936	664268887	281
59597972	664268959	282
59597920	664269067	282
59597973	664269162	285
59597929	664269242	283
59597982	664269321	287
59597983	664269406	282
59597983	664269530	287
59597917	664269687	698
59597969	664269747	705
59597967	664269883	585
59597939	664269977	277
59597983	664270075	274
59597932	664270127	658
59597945	664270264	701
59597933	664270375	664
59597959	664270472	284
59597912	664270586	382
59597985	664270617	277
59597940	664270776	690
59597945	664270825	700
59597967	664270971	632
59597949	664271070	279
59597926	664271127	282
59597976	664271268	284
59597970	664271371	700
59597941	664271427	693
59597927	664271524	284
59597924	664271624	279
59597921	664271780	682
59597962	664271820	710
59597920	664271949	698
59597920	664272039	627
59597960	664272189	281
59597913	664272211	280
59597981	664272378	669
59597958	664272423	711
59597925	664272576	294
59597937	664272630	629
59597974	664272776	403
59597987	664272875	639
59597965	664272925	674
59597923	664273027	699
59597962	664273121	678
59597977	664273280	275
59597963	664273373	269
59597986	664273453	268
59597981	664273585	267
59597932	664273678	266
59597995	664273778	262
59597917	664273816	261
59597951	664273973	257
59597986	664274069	247
59597929	664274177	247
59597956	664274273	236
59597914	664274320	232
59597946	664274422	234
59597966	664274555	241
59597959	664274616	238
59597980	664274711	237
59597921	664274866	238
59597975	664274925	237
59598059	664267574	484
59598014	664267652	340
59598072	664267745	474
59598028	664267864	329
59598031	664267972	326
59598037	664268014	326
59598021	664268118	327
59598045	664268214	322
59598050	664268326	326
59598055	664268470	320
59598023	664268539	319
59598072	664268653	321
59598019	664268719	303
59598045	664268824	290
59598064	664268928	286
59598018	664269016	283
59598028	664269138	283
59598049	664269222	303
59598065	664269323	383
59598070	664269468	317
59598029	664269583	292
59598081	664269639	661
59598033	664269765	706
59598078	664269829	286
59598058	664269920	486
59598087	664270085	278
59598015	664270183	686
59598028	664270220	700
59598068	664270372	699
59598028	664270473	633
59598080	664270518	281
59598039	664270680	282
59598022	664270770	678
59598018	664270870	707
59598072	664270926	693
59598075	664271058	618
59598061	664271116	280
59598026	664271242	281
59598035	664271379	700
59598044	664271474	689
59598027	664271525	647
59598065	664271647	280
59598020	664271748	635
59598028	664271831	684
59598072	664271953	719
59598066	664272030	694
59598046	664272118	621
59598072	664272237	280
59598061	664272328	633
59598075	664272470	713
59598037	664272575	288
59598029	664272624	645
59598028	664272774	398
59598075	664272881	293
59598024	664272969	691
59598061	664273082	281
59598083	664273176	679
59598059	664273218	639
59598029	664273371	270
59598074	664273467	273
59598059	664273527	265
59598077	664273606	261
59598039	664273723	264
59598032	664273817	264
59598037	664273983	257
59598038	664274034	255
59598071	664274165	241
59598040	664274211	239
59598037	664274381	234
59598086	664274471	239
59598036	664274583	240
59598082	664274627	237
59598059	664274780	237
59598080	664274838	236
59598046	664274929	245
59598166	664267586	338
59598149	664267624	339
59598135	664267765	471
59598158	664267824	331
59598121	664267973	328
59598177	664268052	330
59598156	664268121	331
59598154	664268288	327
59598180	664268348	326
59598137	664268451	322
59598180	664268521	320
59598158	664268626	320
59598173	664268780	304
59598182	664268879	295
59598124	664268979	286
59598173	664269041	286
59598187	664269145	296
59598177	664269221	309
59598135	664269325	308
59598123	664269417	305
59598144	664269525	309
59598155	664269678	292
59598187	664269715	290
59598160	664269878	291
59598164	664269930	667
59598139	664270018	276
59598131	664270168	436
59598172	664270259	287
59598181	664270315	281
59598151	664270423	702
59598175	664270563	281
59598170	664270657	282
59598189	664270760	281
59598139	664270882	701
59598170	664270976	690
59598174	664271066	643
59598118	664271172	284
59598156	664271279	443
59598178	664271323	285
59598172	664271415	700
59598117	664271520	692
59598117	664271669	279
59598150	664271779	279
59598146	664271883	680
59598122	664271930	715
59598174	664272034	718
59598172	664272139	649
59598125	664272260	280
59598121	664272377	634
59598173	664272430	651
59598126	664272525	718
59598175	664272651	285
59598121	664272762	291
59598180	664272822	317
59598171	664272976	294
59598138	664273073	700
59598166	664273171	698
59598176	664273284	602
59598116	664273319	273
59598148	664273477	286
59598172	664273524	446
59598125	664273638	260
59598133	664273768	263
59598122	664273829	264
59598184	664273928	265
59598138	664274015	260
59598172	664274123	253
59598118	664274226	239
59598130	664274342	238
59598182	664274417	232
59598169	664274570	236
59598119	664274684	238
59598124	664274789	248
59598175	664274839	239
59598141	664274914	246
59598275	664267525	482
59598218	664267608	340
59598214	664267754	332
59598228	664267871	331
59598237	664267967	328
59598279	664268038	329
59598234	664268133	328
59598229	664268258	330
59598244	664268365	325
59598256	664268418	328
59598216	664268515	321
59598214	664268654	320
59598243	664268726	323
59598240	664268824	297
59598224	664268942	285
59598235	664269078	301
59598276	664269156	314
59598285	664269228	329
59598228	664269366	323
59598264	664269468	441
59598230	664269538	330
59598270	664269618	309
59598224	664269781	703
59598214	664269863	707
59598281	664269972	288
59598276	664270042	458
59598224	664270157	277
59598251	664270227	630
59598222	664270344	703
59598233	664270475	689
59598225	664270584	284
59598276	664270626	283
59598265	664270782	283
59598222	664270868	695
59598249	664270967	698
59598278	664271023	699
59598224	664271128	616
59598230	664271282	281
59598219	664271322	647
59598222	664271471	698
59598264	664271568	692
59598275	664271671	420
59598288	664271784	277
59598259	664271881	651
59598278	664271983	702
59598276	664272058	703
59598273	664272175	290
59598280	664272224	632
59598283	664272326	281
59598232	664272468	666
59598279	664272552	280
59598238	664272677	285
59598224	664272727	633
59598279	664272826	308
59598284	664272937	301
59598226	664273019	678
59598220	664273149	281
59598280	664273230	671
59598219	664273320	394
59598225	664273482	448
59598278	664273521	282
59598216	664273678	279
59598224	664273755	295
59598275	664273882	271
59598275	664273986	266
59598220	664274079	261
59598264	664274173	254
59598231	664274232	238
59598254	664274314	238
59598220	664274472	234
59598262	664274525	236
59598275	664274657	238
59598267	664274731	240
59598265	664274841	244
59598213	664274908	241
59598384	664267541	340
59598379	664267676	339
59598371	664267717	335
59598367	664267879	333
59598341	664267927	330
59598386	664268083	330
59598318	664268130	329
59598382	664268247	331
59598388	664268324	328
59598333	664268411	326
59598324	664268570	325
59598363	664268621	327
59598380	664268775	338
59598327	664268877	335
59598352	664268979	305
59598323	664269035	312
59598387	664269132	325
59598384	664269286	498
59598368	664269380	320
59598329	664269431	445
59598371	664269548	447
59598378	664269617	322
59598322	664269756	664
59598380	664269822	292
59598349	664269983	288
59598329	664270072	390
59598317	664270135	277
59598319	664270268	643
59598368	664270378	695
59598341	664270424	695
59598364	664270522	703
59598372	664270679	283
59598322	664270723	284
59598374	664270880	654
59598325	664270944	722
59598332	664271035	698
59598326	664271125	653
59598383	664271251	280
59598361	664271322	284
59598377	664271433	281
59598334	664271521	701
59598380	664271643	677
59598331	664271716	385
59598368	664271883	280
59598362	664271978	673
59598320	664272082	694
59598385	664272122	723
59598363	664272215	650
59598371	664272326	277
59598357	664272477	278
59598379	664272565	281
59598373	664272661	717
59598375	664272774	647
59598333	664272831	301
59598362	664272923	296
59598366	664273022	637
59598382	664273164	701
59598383	664273218	282
59598324	664273362	272
59598379	664273480	1016
59598381	664273563	276
59598361	664273614	274
59598358	664273783	274
59598322	664273873	270
59598371	664273956	271
59598379	664274022	273
59598351	664274173	263
59598343	664274279	241
59598340	664274376	237
59598375	664274469	236
59598377	664274582	236
59598381	664274625	239
59598330	664274772	242
59598323	664274813	235
59598319	664274990	243
59598456	664267513	343
59598454	664267682	338
59598477	664267765	334
59598468	664267828	335
59598474	664267956	335
59598404	664268022	331
59598466	664268156	332
59598482	664268265	333
59598431	664268364	333
59598467	664268476	332
59598418	664268516	330
59598483	664268651	328
59598465	664268778	412
59598435	664268823	337
59598463	664268928	503
59598476	664269045	501
59598417	664269179	335
59598444	664269276	499
59598416	664269329	497
59598437	664269477	452
59598427	664269537	449
59598470	664269686	316
59598471	664269768	291
59598474	664269874	290
59598431	664269927	282
59598420	664270020	689
59598479	664270127	284
59598421	664270260	278
59598435	664270318	283
59598473	664270474	281
59598441	664270576	704
59598469	664270631	660
59598465	664270731	283
59598469	664270823	289
59598479	664270984	702
59598465	664271020	701
59598431	664271135	680
59598434	664271272	283
59598421	664271332	280
59598429	664271462	282
59598484	664271534	279
59598433	664271626	699
59598490	664271772	402
59598413	664271889	282
59598463	664271974	647
59598427	664272068	696
59598455	664272175	699
59598437	664272219	659
59598416	664272367	275
59598474	664272442	275
59598459	664272522	278
59598424	664272686	708
59598429	664272770	285
59598459	664272822	294
59598472	664272964	297
59598440	664273035	298
59598424	664273134	656
59598426	664273267	618
59598473	664273336	1018
59598481	664273427	281
59598476	664273524	834
59598476	664273659	852
59598416	664273767	274
59598477	664273865	280
59598435	664273968	278
59598441	664274050	272
59598479	664274110	273
59598477	664274262	253
59598470	664274372	242
59598430	664274473	239
59598427	664274542	237
59598450	664274622	233
59598428	664274778	235
59598431	664274843	238
59598486	664274944	237
59598553	664267520	347
59598567	664267652	336
59598586	664267740	490
59598575	664267873	336
59598524	664267978	332
59598589	664268061	334
59598563	664268110	335
59598521	664268228	330
59598521	664268372	334
59598582	664268449	330
59598590	664268534	332
59598565	664268673	328
59598535	664268729	327
59598567	664268814	349
59598526	664268973	500
59598577	664269020	504
59598523	664269123	507
59598570	664269266	501
59598531	664269367	500
59598575	664269484	323
59598585	664269567	322
59598558	664269620	324
59598533	664269728	306
59598572	664269831	285
59598525	664269974	705
59598512	664270089	662
59598571	664270126	664
59598532	664270226	276
59598573	664270379	641
59598553	664270421	281
59598573	664270575	706
59598536	664270679	463
59598565	664270776	283
59598580	664270837	287
59598539	664270980	667
59598525	664271031	700
59598520	664271164	696
59598518	664271231	647
59598530	664271377	278
59598574	664271477	276
59598527	664271531	696
59598523	664271627	277
59598572	664271764	651
59598577	664271816	277
59598507	664271966	652
59598524	664272037	672
59598523	664272120	700
59598573	664272224	709
59598573	664272346	596
59598547	664272429	278
59598574	664272514	283
59598530	664272619	675
59598570	664272711	601
59598540	664272816	288
59598583	664272951	293
59598586	664273093	884
59598580	664273129	1017
59598536	664273269	1025
59598569	664273378	921
59598527	664273438	807
59598574	664273565	876
59598522	664273655	860
59598570	664273732	848
59598576	664273834	276
59598576	664273949	282
59598527	664274061	275
59598550	664274131	272
59598522	664274228	268
59598570	664274377	244
59598582	664274453	238
59598560	664274525	233
59598515	664274685	237
59598564	664274723	240
59598518	664274882	237
59598514	664274920	232
59598644	664267521	431
59598668	664267631	458
59598679	664267746	339
59598620	664267854	337
59598632	664267944	432
59598626	664268020	337
59598669	664268133	334
59598669	664268219	332
59598694	664268334	331
59598654	664268436	331
59598668	664268533	330
59598683	664268662	329
59598677	664268720	328
59598647	664268880	413
59598673	664268928	333
59598671	664269071	493
59598670	664269131	484
59598645	664269222	491
59598667	664269319	474
59598673	664269445	465
59598619	664269530	323
59598677	664269684	324
59598622	664269788	295
59598608	664269831	614
59598650	664269977	706
59598621	664270033	708
59598644	664270176	484
59598639	664270270	279
59598625	664270355	278
59598632	664270431	660
59598625	664270541	704
59598624	664270664	683
59598676	664270735	666
59598659	664270876	287
59598681	664270972	635
59598637	664271080	701
59598626	664271137	703
59598624	664271242	661
59598630	664271336	280
59598636	664271422	279
59598628	664271556	661
59598648	664271625	701
59598677	664271724	696
59598667	664271875	278
59598617	664271916	280
59598646	664272081	660
59598659	664272181	709
59598617	664272242	704
59598631	664272343	282
59598662	664272481	298
59598677	664272547	441
59598655	664272620	282
59598645	664272725	409
59598676	664272844	284
59598648	664272976	891
59598679	664273060	306
59598680	664273146	1014
59598674	664273278	989
59598646	664273379	902
59598622	664273421	902
59598648	664273577	875
59598671	664273681	868
59598627	664273723	860
59598695	664273822	845
59598677	664273930	283
59598677	664274021	285
59598613	664274109	275
59598674	664274275	273
59598618	664274341	255
59598667	664274416	245
59598667	664274570	232
59598623	664274615	231
59598666	664274773	242
59598662	664274870	235
59598620	664274977	232
59598727	664267552	416
59598768	664267653	337
59598783	664267745	339
59598743	664267880	337
59598779	664267920	336
59598739	664268068	332
59598721	664268156	332
59598706	664268217	330
59598755	664268360	332
59598756	664268478	331
59598787	664268536	331
59598785	664268689	335
59598760	664268718	331
59598773	664268819	333
59598724	664268964	334
59598781	664269055	463
59598773	664269120	457
59598726	664269229	458
59598788	664269379	325
59598722	664269473	326
59598723	664269574	323
59598777	664269653	324
59598769	664269772	329
59598737	664269881	438
59598776	664269950	658
59598776	664270076	708
59598756	664270125	706
59598777	664270229	288
59598742	664270313	280
59598725	664270468	285
59598717	664270560	704
59598733	664270628	708
59598784	664270727	701
59598778	664270826	285
59598783	664270931	290
59598732	664271030	290
59598776	664271138	702
59598764	664271217	702
59598770	664271323	657
59598726	664271452	277
59598719	664271551	277
59598772	664271689	681
59598736	664271773	683
59598782	664271821	691
59598769	664271995	280
59598741	664272026	282
59598723	664272137	651
59598710	664272265	516
59598786	664272367	283
59598775	664272416	282
59598722	664272572	444
59598773	664272657	286
59598738	664272784	1015
59598725	664272867	868
59598749	664272982	1038
59598728	664273071	343
59598775	664273172	941
59598730	664273235	928
59598729	664273377	907
59598770	664273455	901
59598767	664273533	892
59598762	664273679	874
59598773	664273724	874
59598775	664273865	399
59598782	664273920	299
59598759	664274085	285
59598720	664274153	279
59598759	664274243	278
59598726	664274376	257
59598718	664274437	242
59598781	664274550	240
59598738	664274663	227
59598720	664274718	365
59598735	664274824	237
59598767	664274957	236
59598830	664267580	341
59598879	664267647	339
59598834	664267767	341
59598855	664267875	339
59598881	664267973	335
59598854	664268026	333
59598846	664268113	331
59598878	664268289	337
59598822	664268397	334
59598822	664268445	334
59598867	664268525	335
59598810	664268696	335
59598861	664268756	334
59598875	664268842	335
59598867	664268930	511
59598827	664269081	457
59598828	664269132	327
59598857	664269213	329
59598837	664269375	327
59598809	664269429	326
59598860	664269522	324
59598882	664269651	323
59598867	664269741	324
59598812	664269863	303
59598831	664269972	290
59598879	664270061	708
59598825	664270118	709
59598816	664270267	289
59598893	664270348	283
59598843	664270430	280
59598871	664270520	651
59598837	664270626	709
59598840	664270773	679
59598875	664270864	286
59598827	664270932	286
59598875	664271059	640
59598873	664271149	672
59598824	664271241	691
59598821	664271336	666
59598810	664271431	277
59598834	664271581	622
59598814	664271672	280
59598855	664271721	692
59598884	664271819	699
59598819	664271930	542
59598817	664272047	283
59598820	664272184	418
59598834	664272262	412
59598814	664272313	285
59598847	664272426	287
59598875	664272574	295
59598828	664272668	1023
59598875	664272728	286
59598879	664272842	1069
59598825	664272958	1050
59598881	664273030	962
59598881	664273118	956
59598812	664273262	933
59598820	664273356	920
59598866	664273422	912
59598825	664273562	895
59598823	664273638	882
59598819	664273723	871
59598873	664273850	524
59598834	664273922	394
59598842	664274061	285
59598875	664274177	286
59598882	664274225	282
59598872	664274362	273
59598843	664274419	264
59598827	664274576	231
59598879	664274649	234
59598880	664274779	236
59598881	664274881	235
59598820	664274979	235
59598935	664267569	343
59598933	664267623	340
59598987	664267768	338
59598967	664267844	337
59598985	664267923	337
59598932	664268025	336
59598956	664268139	336
59598955	664268283	335
59598967	664268394	339
59598942	664268409	338
59598923	664268548	339
59598958	664268632	335
59598974	664268716	335
59598946	664268832	334
59598925	664268954	507
59598932	664269078	330
59598952	664269121	331
59598918	664269220	330
59598974	664269335	324
59598965	664269437	327
59598983	664269521	324
59598992	664269663	324
59598931	664269718	322
59598973	664269861	326
59598963	664269989	298
59598983	664270079	696
59598962	664270130	705
59598920	664270233	701
59598973	664270325	644
59598925	664270469	280
59598925	664270542	651
59598933	664270620	292
59598955	664270776	708
59598974	664270876	653
59598980	664270928	287
59598931	664271084	290
59598922	664271176	691
59598961	664271227	704
59598925	664271337	688
59598959	664271427	656
59598966	664271585	278
59598929	664271648	651
59598973	664271770	698
59598924	664271842	697
59598974	664271960	285
59598922	664272058	286
59598942	664272161	289
59598926	664272233	287
59598978	664272318	1005
59598924	664272468	1009
59598969	664272538	1118
59598980	664272673	1101
59598977	664272764	1008
59598921	664272835	992
59598978	664272977	975
59598920	664273085	961
59598927	664273144	953
59598976	664273239	945
59598927	664273363	922
59598978	664273457	911
59598979	664273565	899
59598969	664273684	885
59598920	664273722	877
59598978	664273880	867
59598923	664273978	400
59598975	664274062	399
59598924	664274154	288
59598946	664274220	285
59598923	664274316	284
59598988	664274430	273
59598982	664274548	246
59598925	664274630	236
59598973	664274745	232
59598923	664274888	247
59598978	664274983	240
59599021	664267550	341
59599066	664267617	341
59599094	664267714	338
59599087	664267885	335
59599073	664267967	336
59599090	664268023	335
59599035	664268128	334
59599019	664268294	336
59599010	664268382	336
59599023	664268444	338
59599046	664268525	337
59599027	664268613	337
59599050	664268725	335
59599008	664268828	335
59599077	664268915	337
59599077	664269073	348
59599076	664269156	343
59599059	664269276	328
59599083	664269343	327
59599040	664269412	325
59599040	664269560	321
59599069	664269634	325
59599043	664269765	323
59599040	664269870	324
59599059	664269920	327
59599022	664270071	669
59599055	664270122	703
59599076	664270272	705
59599071	664270335	662
59599022	664270471	282
59599053	664270518	283
59599069	664270671	688
59599060	664270727	703
59599016	664270861	286
59599029	664270921	290
59599083	664271043	283
59599068	664271171	661
59599029	664271226	684
59599031	664271328	696
59599025	664271423	664
59599067	664271524	277
59599085	664271686	618
59599063	664271730	653
59599078	664271827	686
59599024	664271931	684
59599073	664272029	286
59599076	664272123	1004
59599039	664272274	874
59599078	664272330	289
59599029	664272458	1134
59599069	664272528	1100
59599020	664272617	1100
59599041	664272771	1010
59599025	664272830	1003
59599018	664272977	982
59599079	664273031	976
59599034	664273139	960
59599020	664273264	943
59599031	664273375	934
59599033	664273482	910
59599078	664273564	906
59599076	664273618	902
59599072	664273730	889
59599024	664273828	869
59599025	664273940	867
59599035	664274026	402
59599014	664274184	289
59599078	664274219	293
59599082	664274383	287
59599039	664274477	279
59599038	664274572	248
59599010	664274632	241
59599032	664274726	240
59599056	664274805	239
59599025	664274934	230
59599138	664267527	430
59599153	664267661	342
59599138	664267788	339
59599113	664267835	336
59599175	664267931	344
59599129	664268041	403
59599158	664268118	336
59599127	664268245	333
59599154	664268337	334
59599143	664268462	335
59599185	664268554	336
59599136	664268638	340
59599107	664268772	334
59599136	664268882	335
59599128	664268930	338
59599150	664269082	347
59599126	664269183	336
59599119	664269238	331
59599152	664269356	327
59599126	664269480	322
59599139	664269534	327
59599177	664269679	323
59599165	664269776	326
59599139	664269827	322
59599139	664269932	326
59599186	664270039	297
59599177	664270163	693
59599123	664270239	704
59599153	664270326	295
59599121	664270473	282
59599110	664270542	284
59599134	664270630	649
59599176	664270781	697
59599177	664270864	695
59599143	664270979	425
59599119	664271063	286
59599121	664271165	627
59599159	664271274	683
59599134	664271329	698
59599167	664271425	687
59599171	664271524	660
59599171	664271625	432
59599127	664271730	637
59599141	664271843	675
59599176	664271935	284
59599138	664272085	1010
59599126	664272116	284
59599125	664272275	1168
59599164	664272369	1163
59599166	664272427	1073
59599127	664272575	1047
59599167	664272626	1038
59599154	664272718	1027
59599135	664272871	1006
59599122	664272918	995
59599122	664273066	982
59599174	664273178	958
59599166	664273277	953
59599166	664273332	943
59599177	664273431	932
59599162	664273573	911
59599126	664273646	896
59599182	664273776	892
59599154	664273821	881
59599131	664273965	859
59599173	664274048	851
59599118	664274118	380
59599125	664274235	291
59599140	664274328	288
59599192	664274429	285
59599151	664274578	274
59599174	664274634	263
59599116	664274744	238
59599117	664274824	238
59599161	664274975	232
59599284	664267511	440
59599274	664267669	345
59599220	664267773	339
59599218	664267867	477
59599255	664267922	476
59599241	664268078	413
59599224	664268175	333
59599210	664268205	333
59599218	664268317	332
59599294	664268464	332
59599263	664268556	337
59599252	664268625	333
59599238	664268775	333
59599217	664268834	330
59599230	664268928	342
59599265	664269074	333
59599222	664269181	332
59599277	664269221	332
59599218	664269383	327
59599293	664269447	323
59599272	664269571	324
59599263	664269650	324
59599212	664269751	322
59599270	664269878	323
59599245	664269979	325
59599232	664270020	317
59599267	664270173	662
59599217	664270270	688
59599243	664270374	698
59599273	664270465	659
59599278	664270556	282
59599223	664270672	285
59599272	664270721	291
59599264	664270829	697
59599222	664270932	673
59599264	664271085	288
59599234	664271117	287
59599234	664271272	663
59599225	664271316	685
59599225	664271474	687
59599236	664271524	680
59599274	664271651	290
59599270	664271727	1002
59599224	664271821	1005
59599286	664271953	1225
59599272	664272082	1208
59599283	664272186	1151
59599268	664272277	1128
59599220	664272325	1098
59599248	664272476	1066
59599257	664272576	1047
59599277	664272621	1051
59599220	664272723	1030
59599222	664272842	1014
59599279	664272923	1002
59599236	664273075	984
59599277	664273126	974
59599245	664273224	959
59599229	664273318	948
59599280	664273477	930
59599240	664273573	912
59599273	664273674	906
59599231	664273774	891
59599278	664273863	886
59599239	664273924	873
59599222	664274044	863
59599274	664274137	402
59599279	664274270	292
59599265	664274314	293
59599254	664274477	284
59599255	664274542	284
59599229	664274668	271
59599225	664274723	246
59599217	664274877	238
59599287	664274955	322
59599373	664267564	436
59599366	664267621	348
59599313	664267728	343
59599327	664267829	479
59599317	664267976	339
59599385	664268019	339
59599368	664268173	429
59599380	664268260	330
59599371	664268349	331
59599346	664268486	330
59599347	664268515	332
59599363	664268671	334
59599352	664268728	334
59599320	664268825	326
59599377	664268966	516
59599379	664269073	337
59599325	664269177	337
59599367	664269275	330
59599380	664269363	326
59599325	664269470	326
59599373	664269549	323
59599379	664269668	324
59599379	664269765	322
59599319	664269842	322
59599377	664269937	318
59599371	664270076	317
59599381	664270173	291
59599354	664270277	295
59599338	664270321	703
59599341	664270467	668
59599379	664270533	410
59599340	664270677	286
59599323	664270760	295
59599324	664270866	700
59599345	664270916	696
59599375	664271032	656
59599342	664271175	289
59599377	664271232	291
59599318	664271366	693
59599383	664271460	658
59599319	664271538	662
59599371	664271643	998
59599325	664271747	302
59599370	664271870	1242
59599332	664271978	1222
59599316	664272027	1205
59599380	664272180	1159
59599317	664272228	1140
59599382	664272384	1109
59599329	664272480	1069
59599329	664272516	1066
59599320	664272639	1048
59599360	664272722	1038
59599343	664272877	1017
59599367	664272980	998
59599350	664273073	991
59599329	664273152	974
59599332	664273224	969
59599326	664273372	950
59599319	664273478	936
59599321	664273532	927
59599364	664273619	925
59599376	664273717	912
59599326	664273880	887
59599320	664273927	883
59599329	664274035	871
59599373	664274178	401
59599342	664274226	397
59599337	664274370	288
59599371	664274481	283
59599383	664274589	281
59599327	664274693	281
59599373	664274749	273
59599320	664274850	238
59599349	664274985	233
59599476	664267551	437
59599477	664267632	456
59599443	664267762	337
59599442	664267878	498
59599483	664267978	495
59599444	664268026	486
59599483	664268183	335
59599468	664268227	423
59599467	664268316	327
59599474	664268471	329
59599481	664268576	333
59599475	664268645	330
59599471	664268741	332
59599483	664268887	329
59599445	664268982	539
59599422	664269033	336
59599484	664269163	332
59599487	664269284	329
59599439	664269318	328
59599419	664269442	324
59599481	664269590	324
59599478	664269613	323
59599470	664269722	323
59599425	664269869	319
59599422	664269956	317
59599482	664270024	316
59599466	664270188	322
59599480	664270281	289
59599422	664270318	706
59599430	664270424	702
59599470	664270558	632
59599459	664270676	287
59599433	664270726	286
59599475	664270865	682
59599433	664270967	688
59599474	664271052	425
59599431	664271129	291
59599476	664271272	290
59599473	664271375	1017
59599466	664271434	1014
59599430	664271574	297
59599463	664271630	300
59599471	664271769	1238
59599423	664271837	1244
59599479	664271925	1206
59599424	664272029	1186
59599468	664272122	1176
59599422	664272274	1140
59599483	664272333	1139
59599463	664272467	1077
59599477	664272524	1072
59599481	664272682	1057
59599426	664272723	1046
59599468	664272821	1038
59599435	664272977	1011
59599437	664273077	999
59599482	664273168	986
59599425	664273276	969
59599477	664273320	969
59599483	664273469	948
59599412	664273529	937
59599423	664273640	925
59599420	664273727	911
59599480	664273827	898
59599462	664273923	894
59599485	664274066	878
59599423	664274143	702
59599421	664274218	401
59599428	664274375	288
59599480	664274453	282
59599456	664274540	284
59599416	664274610	281
59599453	664274786	279
59599424	664274840	256
59599418	664274967	233
59599594	664267527	440
59599567	664267623	435
59599520	664267717	457
59599518	664267874	494
59599548	664267924	492
59599548	664268074	436
59599570	664268141	433
59599570	664268272	327
59599584	664268378	328
59599534	664268475	329
59599550	664268589	330
59599570	664268637	330
59599537	664268769	334
59599559	664268816	332
59599591	664268957	331
59599533	664269080	332
59599577	664269156	330
59599516	664269259	329
59599537	664269366	324
59599546	664269417	325
59599520	664269512	324
59599517	664269674	322
59599544	664269776	322
59599518	664269825	321
59599531	664269970	318
59599508	664270093	318
59599561	664270116	316
59599580	664270274	446
59599527	664270347	292
59599577	664270458	291
59599576	664270520	292
59599569	664270640	285
59599580	664270719	309
59599526	664270820	289
59599520	664270979	288
59599566	664271044	291
59599575	664271152	290
59599575	664271244	887
59599526	664271338	876
59599529	664271472	304
59599550	664271573	1224
59599532	664271682	1221
59599580	664271781	1226
59599571	664271824	1226
59599547	664271925	1211
59599521	664272082	1181
59599574	664272178	1164
59599543	664272284	1149
59599537	664272378	1133
59599584	664272416	1132
59599522	664272556	1070
59599524	664272670	1059
59599572	664272765	1050
59599553	664272827	1039
59599581	664272922	1024
59599535	664273078	1007
59599542	664273180	997
59599567	664273235	988
59599562	664273375	974
59599579	664273477	956
59599555	664273522	950
59599521	664273682	928
59599558	664273724	925
59599529	664273838	910
59599525	664273922	900
59599526	664274078	878
59599531	664274137	873
59599517	664274220	857
59599522	664274332	312
59599529	664274472	279
59599518	664274570	279
59599577	664274678	280
59599545	664274778	278
59599516	664274833	270
59599517	664274930	244
59599656	664267576	440
59599675	664267668	432
59599686	664267742	340
59599626	664267860	335
59599678	664267935	496
59599627	664268034	485
59599680	664268133	326
59599638	664268275	328
59599614	664268389	325
59599650	664268481	325
59599689	664268562	327
59599616	664268617	331
59599618	664268776	331
59599614	664268838	334
59599646	664268978	331
59599657	664269019	328
59599692	664269184	332
59599664	664269237	329
59599612	664269338	329
59599654	664269410	326
59599651	664269570	326
59599672	664269672	323
59599631	664269759	320
59599626	664269898	315
59599675	664269947	321
59599621	664270071	314
59599630	664270174	316
59599675	664270219	310
59599633	664270361	659
59599670	664270426	295
59599676	664270573	292
59599633	664270615	291
59599643	664270722	295
59599675	664270835	292
59599637	664270924	291
59599649	664271025	863
59599625	664271171	292
59599678	664271221	1162
59599672	664271336	1177
59599617	664271436	1199
59599622	664271568	1189
59599665	664271634	1198
59599678	664271775	1217
59599671	664271832	1224
59599677	664271951	1218
59599676	664272035	1194
59599621	664272158	1175
59599626	664272237	1163
59599626	664272366	1141
59599628	664272479	1128
59599688	664272534	1125
59599680	664272625	1070
59599677	664272760	1056
59599645	664272873	1042
59599618	664272924	1028
59599617	664273024	1026
59599630	664273165	1004
59599620	664273264	990
59599620	664273376	975
59599665	664273424	968
59599626	664273518	955
59599681	664273679	944
59599627	664273778	925
59599662	664273871	916
59599633	664273926	907
59599627	664274084	886
59599654	664274124	883
59599625	664274273	398
59599618	664274316	392
59599626	664274450	287
59599634	664274519	278
59599654	664274627	275
59599620	664274768	276
59599682	664274842	277
59599678	664274930	271
59599732	664267532	440
59599724	664267674	436
59599783	664267714	430
59599731	664267834	491
59599752	664267931	495
59599780	664268027	325
59599782	664268176	324
59599736	664268231	326
59599774	664268312	327
59599765	664268469	329
59599743	664268584	329
59599796	664268606	329
59599778	664268723	331
59599725	664268885	333
59599752	664268953	333
59599772	664269031	333
59599718	664269134	335
59599772	664269277	328
59599758	664269365	330
59599732	664269414	327
59599730	664269569	323
59599779	664269658	323
59599777	664269753	319
59599729	664269844	322
59599773	664269928	314
59599778	664270053	313
59599753	664270113	314
59599725	664270269	301
59599770	664270365	302
59599767	664270479	295
59599736	664270525	292
59599778	664270672	293
59599767	664270725	290
59599773	664270824	1008
59599730	664270929	1017
59599777	664271074	1077
59599775	664271153	304
59599734	664271286	1157
59599725	664271372	1159
59599717	664271474	1167
59599738	664271582	1180
59599772	664271671	1193
59599779	664271756	1205
59599750	664271876	1230
59599783	664271923	1227
59599776	664272079	1205
59599750	664272126	1191
59599779	664272224	1180
59599761	664272328	1162
59599721	664272423	1149
59599747	664272574	1119
59599730	664272647	1076
59599779	664272761	1071
59599730	664272880	1051
59599734	664272963	1038
59599776	664273070	1029
59599723	664273167	1010
59599771	664273221	1010
59599742	664273371	985
59599739	664273428	978
59599736	664273578	959
59599772	664273661	957
59599740	664273776	939
59599757	664273877	923
59599734	664273977	911
59599719	664274062	892
59599775	664274166	884
59599728	664274263	651
59599771	664274335	863
59599793	664274427	289
59599730	664274556	279
59599767	664274609	275
59599771	664274780	273
59599786	664274886	276
59599774	664274983	270
59599820	664267554	441
59599831	664267638	441
59599880	664267755	450
59599821	664267876	452
59599867	664267918	330
59599841	664268015	325
59599892	664268109	323
59599827	664268269	323
59599822	664268327	323
59599831	664268408	322
59599884	664268519	328
59599831	664268621	331
59599884	664268712	329
59599829	664268804	334
59599825	664268929	334
59599836	664269060	332
59599857	664269185	330
59599881	664269221	532
59599823	664269316	327
59599887	664269414	326
59599824	664269534	324
59599855	664269626	321
59599888	664269719	320
59599829	664269860	318
59599850	664269977	313
59599889	664270045	312
59599875	664270152	312
59599876	664270252	318
59599815	664270312	313
59599863	664270416	297
59599873	664270575	997
59599868	664270681	298
59599822	664270755	1002
59599867	664270828	293
59599876	664270924	1107
59599817	664271085	1130
59599879	664271121	1104
59599875	664271281	1129
59599834	664271379	1147
59599832	664271417	1153
59599822	664271576	1182
59599885	664271678	1182
59599834	664271780	1207
59599827	664271846	1210
59599871	664271924	1225
59599838	664272022	1217
59599833	664272123	1198
59599851	664272220	1193
59599863	664272319	1173
59599873	664272468	1152
59599876	664272555	1142
59599877	664272639	1125
59599820	664272741	1078
59599845	664272822	1067
59599878	664272922	1056
59599876	664273042	1041
59599866	664273134	1031
59599881	664273273	1009
59599840	664273375	991
59599820	664273424	982
59599824	664273520	981
59599854	664273624	968
59599873	664273721	952
59599866	664273879	932
59599865	664273922	924
59599823	664274045	906
59599844	664274173	892
59599818	664274226	881
59599875	664274381	861
59599867	664274428	290
59599839	664274539	285
59599830	664274648	275
59599856	664274795	272
59599884	664274830	272
59599875	664274961	271
59599926	664267582	442
59599916	664267673	438
59599925	664267773	481
59599948	664267824	343
59599960	664267956	328
59599975	664268055	323
59599936	664268120	320
59599934	664268296	325
59599936	664268330	322
59599941	664268485	324
59599973	664268586	325
59599958	664268672	330
59599984	664268758	330
59599943	664268854	331
59599948	664268918	331
59599943	664269008	333
59599972	664269129	329
59599930	664269230	329
59599970	664269380	328
59599990	664269478	333
59599966	664269525	344
59599987	664269658	325
59599995	664269784	316
59599975	664269836	315
59599964	664269985	400
59599964	664270032	309
59599925	664270164	309
59599935	664270278	329
59599987	664270387	302
59599983	664270429	874
59599932	664270526	299
59599980	664270616	300
59599966	664270727	1070
59599957	664270874	1075
59599973	664270977	1075
59599955	664271023	1085
59599920	664271174	1105
59599919	664271280	1124
59599950	664271325	1127
59599971	664271438	1144
59599924	664271570	1169
59599965	664271621	1171
59599924	664271740	1190
59599969	664271867	1205
59599917	664271968	1223
59599943	664272079	1212
59599978	664272128	1216
59599970	664272277	1193
59599957	664272325	1179
59599917	664272453	1160
59599968	664272520	1156
59599924	664272665	1131
59599945	664272777	1079
59599945	664272877	1067
59599972	664272960	1060
59599982	664273025	1055
59599922	664273171	1025
59599917	664273278	1012
59599977	664273359	1008
59599961	664273488	989
59599983	664273517	985
59599927	664273621	974
59599969	664273731	958
59599924	664273876	929
59599923	664273918	928
59599929	664274020	913
59599922	664274169	892
59599968	664274273	884
59599921	664274343	873
59599928	664274436	857
59599945	664274584	277
59599914	664274691	274
59599908	664274754	272
59599983	664274817	272
59599962	664274922	273
59598074	664266273	1323
59598055	664266526	1279
59598072	664266645	1265
59598041	664266778	1243
59598055	664266872	439
59598053	664266928	440
59598023	664267073	435
59598025	664267123	435
59598029	664267270	350
59598074	664267353	340
59598073	664267462	341
59598166	664265205	326
59598174	664265359	1259
59598171	664265427	1270
59598152	664265673	1305
59598126	664265779	1325
59598149	664265820	1326
59598130	664265935	1344
59598127	664266044	1356
59598168	664266175	1338
59598126	664266240	1330
59598170	664266329	1322
59598150	664266427	1297
59598151	664266578	1277
59598149	664266679	1261
59598131	664266735	1252
59598106	664266878	442
59598163	664266918	441
59598176	664267038	454
59598133	664267120	446
59598151	664267286	344
59598130	664267377	339
59598136	664267466	339
59598269	664264128	314
59598280	664264235	315
59598268	664264373	310
59598224	664264645	314
59598237	664264776	317
59598253	664264880	316
59598273	664264929	318
59598260	664265023	838
59598213	664265190	327
59598269	664265224	327
59598232	664265321	1251
59598227	664265463	1274
59598272	664265566	1287
59598232	664265662	1299
59598231	664265737	1311
59598241	664265871	1329
59598271	664265976	1344
59598266	664266028	1349
59598224	664266128	1350
59598269	664266233	1338
59598274	664266361	1316
59598260	664266474	1296
59598272	664266530	1292
59598230	664266633	1276
59598223	664266772	1259
59598267	664266871	1245
59598266	664266927	441
59598222	664267034	436
59598266	664267174	438
59598288	664267226	441
59598251	664267324	352
59598237	664267423	337
59598366	664263032	277
59598374	664263361	293
59598326	664263426	291
59598330	664263535	311
59598372	664263629	321
59598370	664263736	319
59598327	664263830	316
59598319	664263963	317
59598338	664264059	313
59598375	664264174	316
59598354	664264224	315
59598329	664264332	313
59598375	664264446	311
59598344	664264569	315
59598328	664264644	315
59598328	664264729	319
59598329	664264869	319
59598360	664264925	317
59598345	664265034	325
59598371	664265172	1102
59598327	664265273	330
59598332	664265375	1254
59598366	664265474	1269
59598344	664265527	1276
59598367	664265680	1295
59598373	664265773	1310
59598331	664265871	1324
59598355	664265975	1340
59598371	664266076	1350
59598358	664266172	1348
59598327	664266270	1330
59598334	664266328	1328
59598374	664266462	1305
59598324	664266567	1289
59598365	664266623	1282
59598349	664266723	1268
59598368	664266874	1247
59598330	664266965	439
59598374	664267064	438
59598328	664267184	437
59598330	664267249	440
59598365	664267378	335
59598344	664267469	338
59598477	664261859	177
59598471	664262243	151
59598447	664262368	162
59598468	664262441	162
59598451	664262520	165
59598445	664262675	291
59598426	664262756	287
59598432	664262831	285
59598469	664262928	281
59598435	664263027	277
59598433	664263172	275
59598433	664263274	292
59598428	664263362	291
59598473	664263431	293
59598477	664263534	294
59598429	664263657	325
59598449	664263769	318
59598431	664263873	318
59598459	664263973	322
59598481	664264075	319
59598434	664264124	315
59598424	664264231	315
59598433	664264375	314
59598426	664264473	315
59598432	664264530	314
59598428	664264676	316
59598476	664264724	315
59598422	664264858	318
59598471	664264923	318
59598425	664265028	323
59598426	664265130	1098
59598434	664265266	324
59598485	664265340	331
59598428	664265427	1255
59598431	664265535	1270
59598473	664265676	1289
59598472	664265725	1302
59598430	664265829	1317
59598434	664265975	1332
59598429	664266034	1341
59598427	664266172	1349
59598431	664266274	1333
59598474	664266362	1325
59598475	664266425	1317
59598440	664266575	1287
59598471	664266668	1280
59598423	664266769	1266
59598468	664266827	1261
59598460	664266967	439
59598428	664267032	439
59598416	664267133	440
59598485	664267239	437
59598471	664267378	333
59598436	664267471	342
59598568	664260833	234
59598565	664260932	226
59598539	664261121	203
59598569	664261274	211
59598573	664261330	208
59598530	664261432	202
59598563	664261563	191
59598572	664261646	188
59598581	664261775	181
59598556	664261823	179
59598557	664261929	168
59598570	664262027	167
59598529	664262169	157
59598573	664262233	151
59598568	664262365	153
59598525	664262469	162
59598574	664262537	158
59598570	664262674	294
59598532	664262776	291
59598570	664262833	288
59598576	664262938	288
59598533	664263080	279
59598575	664263142	282
59598530	664263269	283
59598524	664263352	289
59598539	664263427	293
59598555	664263576	300
59598559	664263674	321
59598525	664263726	324
59598511	664263897	316
59598573	664263930	630
59598517	664264070	317
59598531	664264177	316
59598563	664264231	315
59598562	664264327	316
59598524	664264456	313
59598528	664264539	315
59598533	664264625	312
59598534	664264772	315
59598556	664264876	316
59598564	664264928	316
59598572	664265029	325
59598568	664265169	844
59598570	664265279	327
59598532	664265324	328
59598568	664265472	1259
59598535	664265528	1268
59598532	664265632	1283
59598575	664265768	1297
59598566	664265832	1310
59598575	664265958	1328
59598529	664266027	1337
59598525	664266171	1356
59598571	664266263	1342
59598533	664266337	1333
59598555	664266476	1317
59598531	664266530	1303
59598569	664266633	1295
59598575	664266751	1275
59598571	664266871	1260
59598539	664266953	441
59598572	664267043	437
59598535	664267132	439
59598536	664267267	432
59598578	664267376	425
59598565	664267429	346
59598646	664260174	271
59598626	664260238	266
59598626	664260361	261
59598629	664260468	251
59598618	664260546	248
59598665	664260674	241
59598623	664260754	235
59598672	664260872	227
59598643	664260922	223
59598621	664261057	220
59598639	664261172	192
59598623	664261229	201
59598624	664261358	206
59598675	664261453	198
59598672	664261541	191
59598625	664261643	188
59598676	664261771	179
59598655	664261825	175
59598664	664261970	163
59598623	664262044	165
59598675	664262123	154
59598665	664262276	146
59598667	664262376	144
59598640	664262471	153
59598649	664262575	152
59598635	664262656	296
59598670	664262728	297
59598676	664262864	287
59598666	664262968	286
59598624	664263071	278
59598630	664263130	281
59598650	664263279	280
59598660	664263374	293
59598667	664263429	294
59598621	664263578	298
59598628	664263663	319
59598630	664263768	324
59598632	664263848	321
59598672	664263971	666
59598627	664264047	333
59598674	664264134	321
59598627	664264229	318
59598667	664264375	314
59598657	664264433	314
59598674	664264537	314
59598627	664264636	315
59598630	664264772	315
59598666	664264827	316
59598671	664264973	316
59598624	664265035	318
59598605	664265127	327
59598674	664265261	1100
59598678	664265325	329
59598635	664265430	1248
59598671	664265568	1269
59598672	664265669	1278
59598659	664265725	1288
59598668	664265828	1305
59598674	664265951	1322
59598674	664266027	1331
59598670	664266127	1345
59598671	664266251	1354
59598676	664266354	1337
59598663	664266426	1326
59598633	664266573	1299
59598675	664266669	1290
59598627	664266736	1274
59598673	664266863	1261
59598605	664266994	440
59598628	664267066	437
59598630	664267164	436
59598639	664267226	445
59598674	664267343	432
59598625	664267439	347
59598736	664260035	279
59598727	664260144	271
59598730	664260276	261
59598771	664260340	257
59598728	664260443	251
59598776	664260524	248
59598733	664260627	242
59598731	664260727	235
59598766	664260868	227
59598728	664260970	219
59598729	664261026	217
59598726	664261130	216
59598765	664261239	197
59598752	664261375	202
59598763	664261426	196
59598728	664261562	188
59598730	664261626	181
59598776	664261725	178
59598769	664261868	170
59598745	664261924	164
59598758	664262027	161
59598729	664262144	156
59598721	664262269	142
59598764	664262335	142
59598759	664262425	140
59598775	664262540	149
59598753	664262615	149
59598721	664262755	297
59598777	664262867	295
59598736	664262926	290
59598743	664263028	288
59598765	664263172	285
59598737	664263225	282
59598722	664263373	293
59598753	664263472	294
59598776	664263526	297
59598766	664263630	294
59598774	664263760	326
59598766	664263839	325
59598765	664263913	330
59598774	664264047	726
59598772	664264174	319
59598772	664264237	319
59598729	664264340	316
59598725	664264471	314
59598758	664264576	316
59598776	664264651	311
59598769	664264772	313
59598761	664264825	318
59598766	664264965	317
59598775	664265059	322
59598763	664265104	318
59598751	664265226	1097
59598733	664265348	329
59598741	664265416	330
59598776	664265542	1259
59598771	664265627	1271
59598762	664265774	1293
59598773	664265834	1300
59598768	664265975	1316
59598775	664266070	1329
59598725	664266134	1343
59598724	664266276	1356
59598733	664266332	1339
59598727	664266433	1329
59598755	664266573	1309
59598734	664266627	1299
59598728	664266725	1286
59598773	664266824	1274
59598773	664266939	1254
59598763	664267062	438
59598750	664267171	438
59598778	664267245	446
59598759	664267326	435
59598734	664267463	346
59598844	664260075	270
59598831	664260164	266
59598862	664260225	260
59598839	664260375	254
59598873	664260432	250
59598828	664260573	243
59598842	664260620	242
59598849	664260727	231
59598837	664260820	228
59598842	664260978	216
59598827	664261023	215
59598879	664261120	210
59598833	664261265	218
59598825	664261356	200
59598846	664261425	195
59598835	664261576	184
59598841	664261668	176
59598870	664261775	173
59598862	664261828	170
59598824	664261945	163
59598826	664262031	156
59598872	664262130	152
59598826	664262263	144
59598829	664262339	135
59598853	664262476	142
59598834	664262576	147
59598823	664262658	151
59598878	664262768	301
59598836	664262827	295
59598872	664262966	293
59598870	664263026	288
59598836	664263170	284
59598855	664263275	283
59598870	664263366	287
59598871	664263435	295
59598865	664263567	298
59598871	664263672	299
59598826	664263781	325
59598872	664263860	328
59598875	664263951	321
59598869	664264027	325
59598864	664264150	315
59598825	664264258	319
59598872	664264361	316
59598824	664264445	315
59598832	664264572	317
59598875	664264636	317
59598873	664264763	315
59598861	664264838	312
59598842	664264927	313
59598859	664265022	315
59598854	664265120	323
59598872	664265278	1101
59598836	664265391	328
59598815	664265426	328
59598831	664265565	1263
59598829	664265635	1270
59598828	664265735	1280
59598841	664265880	1303
59598873	664265934	1308
59598861	664266072	1332
59598835	664266124	1341
59598830	664266262	1354
59598874	664266330	1351
59598869	664266436	1337
59598830	664266567	1315
59598872	664266654	1305
59598872	664266772	1287
59598831	664266874	1269
59598869	664266970	1257
59598816	664267085	439
59598836	664267129	436
59598857	664267217	441
59598874	664267331	436
59598824	664267459	358
59598971	664260072	279
59598972	664260171	259
59598975	664260267	259
59598934	664260329	254
59598967	664260469	244
59598957	664260575	235
59598926	664260636	234
59598959	664260774	226
59598950	664260876	218
59598952	664260976	215
59598960	664261076	209
59598934	664261154	205
59598944	664261275	200
59598922	664261327	196
59598938	664261474	188
59598976	664261523	187
59598931	664261628	175
59598932	664261722	170
59598963	664261824	168
59598928	664261929	161
59598934	664262073	152
59598958	664262126	146
59598977	664262235	143
59598960	664262334	136
59598957	664262430	128
59598926	664262561	138
59598935	664262630	142
59598964	664262783	299
59598935	664262832	300
59598933	664262926	296
59598973	664263031	290
59598933	664263124	291
59598951	664263272	285
59598969	664263366	285
59598961	664263419	290
59598972	664263573	298
59598928	664263669	297
59598973	664263733	309
59598948	664263875	329
59598976	664263967	326
59598923	664264069	325
59598944	664264168	324
59598959	664264267	320
59598931	664264340	318
59598943	664264484	316
59598974	664264540	317
59598929	664264646	313
59598940	664264719	310
59598925	664264838	315
59598930	664264941	318
59598975	664265038	320
59598939	664265128	320
59598968	664265226	1097
59598973	664265364	1098
59598975	664265461	330
59598964	664265533	1250
59598936	664265628	1262
59598963	664265775	1283
59598926	664265838	1292
59598936	664265927	1308
59598973	664266061	1320
59598968	664266134	1337
59598960	664266262	1352
59598964	664266329	1354
59598973	664266455	1341
59598963	664266571	1322
59598925	664266633	1312
59598976	664266756	1297
59598959	664266824	1283
59598961	664266926	1270
59598937	664267025	1255
59598943	664267174	435
59598928	664267272	439
59598928	664267327	437
59598924	664267434	435
59599078	664260029	280
59599038	664260165	263
59599024	664260250	257
59599026	664260343	250
59599073	664260442	248
59599060	664260531	239
59599073	664260655	231
59599030	664260758	225
59599042	664260830	222
59599073	664260965	215
59599030	664261069	211
59599066	664261132	205
59599079	664261244	194
59599061	664261376	187
59599040	664261427	188
59599037	664261527	181
59599079	664261618	173
59599023	664261768	169
59599060	664261877	160
59599037	664261970	156
59599027	664262071	149
59599029	664262172	145
59599033	664262230	138
59599062	664262374	130
59599065	664262472	123
59599046	664262527	134
59599072	664262670	136
59599064	664262727	135
59599069	664262824	302
59599041	664262969	295
59599071	664263027	299
59599072	664263157	292
59599025	664263272	287
59599065	664263366	285
59599031	664263430	288
59599050	664263532	299
59599024	664263666	302
59599025	664263747	303
59599027	664263869	328
59599037	664263930	326
59599024	664264014	326
59599023	664264111	323
59599067	664264226	319
59599059	664264335	320
59599030	664264462	318
59599067	664264523	316
59599025	664264619	315
59599047	664264732	315
59599065	664264873	317
59599027	664264937	319
59599037	664265075	319
59599043	664265171	323
59599016	664265240	327
59599070	664265364	856
59599051	664265483	324
59599081	664265506	330
59599066	664265675	1269
59599065	664265774	1276
59599046	664265827	1287
59599061	664265979	1304
59599029	664266067	1320
59599063	664266174	1337
59599028	664266232	1350
59599067	664266373	1354
59599025	664266477	1341
59599065	664266569	1330
59599028	664266657	1314
59599039	664266730	1301
59599030	664266828	1279
59599057	664266978	1262
59599072	664267038	1256
59599060	664267165	441
59599063	664267273	438
59599041	664267327	437
59599041	664267475	432
59599174	664260026	285
59599135	664260133	266
59599130	664260230	253
59599138	664260328	251
59599127	664260433	243
59599132	664260530	237
59599175	664260656	229
59599174	664260753	222
59599135	664260880	218
59599169	664260925	212
59599169	664261057	204
59599127	664261139	202
59599125	664261224	196
59599142	664261325	188
59599152	664261426	183
59599168	664261574	175
59599177	664261670	168
59599169	664261773	162
59599166	664261871	156
59599140	664261930	154
59599127	664262069	144
59599163	664262124	144
59599126	664262224	137
59599136	664262363	129
59599175	664262417	121
59599155	664262569	129
59599170	664262645	131
59599129	664262730	135
59599175	664262866	304
59599134	664262928	305
59599127	664263051	295
59599136	664263131	293
59599168	664263269	292
59599134	664263330	290
59599137	664263472	292
59599180	664263573	304
59599145	664263672	300
59599175	664263746	306
59599169	664263873	324
59599137	664263973	327
59599129	664264023	327
59599134	664264125	660
59599175	664264271	317
59599145	664264326	320
59599172	664264431	318
59599163	664264575	318
59599171	664264626	315
59599135	664264731	314
59599175	664264848	316
59599124	664264967	316
59599127	664265028	313
59599154	664265175	316
59599174	664265255	322
59599122	664265347	324
59599121	664265460	333
59599160	664265529	325
59599160	664265629	1251
59599166	664265727	1265
59599130	664265831	1282
59599129	664265929	1299
59599128	664266036	1315
59599163	664266175	1331
59599156	664266274	1346
59599174	664266352	1351
59599144	664266471	1347
59599175	664266562	1333
59599173	664266632	1324
59599138	664266722	1310
59599133	664266872	1282
59599126	664266934	1274
59599124	664267065	1258
59599110	664267193	443
59599135	664267272	440
59599174	664267333	438
59599164	664267444	432
59599225	664260053	278
59599248	664260175	256
59599276	664260235	250
59599277	664260332	246
59599224	664260459	240
59599229	664260541	234
59599227	664260676	223
59599232	664260773	220
59599231	664260868	214
59599232	664260964	210
59599273	664261052	206
59599276	664261155	195
59599224	664261255	190
59599261	664261375	178
59599263	664261427	176
59599270	664261537	172
59599231	664261631	169
59599271	664261767	159
59599267	664261829	154
59599232	664261931	153
59599268	664262046	142
59599255	664262173	136
59599227	664262229	134
59599261	664262376	124
59599275	664262424	121
59599225	664262534	115
59599227	664262667	126
59599257	664262779	130
59599233	664262888	306
59599230	664262953	301
59599275	664263064	305
59599249	664263175	294
59599241	664263229	296
59599274	664263362	293
59599263	664263473	287
59599248	664263573	301
59599218	664263643	305
59599231	664263754	305
59599238	664263875	320
59599227	664263929	331
59599281	664264031	327
59599281	664264167	324
59599259	664264264	325
59599269	664264360	320
59599257	664264474	317
59599238	664264532	320
59599225	664264649	316
59599242	664264776	314
59599228	664264831	316
59599255	664264975	315
59599238	664265075	315
59599227	664265138	318
59599246	664265225	318
59599282	664265301	324
59599275	664265450	840
59599240	664265573	335
59599272	664265637	1247
59599230	664265737	1265
59599234	664265875	1284
59599238	664265970	1299
59599264	664266028	1302
59599272	664266163	1323
59599229	664266266	1342
59599266	664266371	1350
59599267	664266427	1357
59599274	664266533	1341
59599275	664266658	1326
59599271	664266766	1302
59599274	664266872	1290
59599283	664266955	1280
59599228	664267060	1264
59599245	664267175	1245
59599254	664267226	440
59599228	664267361	438
59599228	664267423	439
59599368	664260076	276
59599365	664260128	265
59599319	664260230	252
59599331	664260338	243
59599360	664260466	234
59599372	664260564	229
59599376	664260620	227
59599349	664260771	216
59599373	664260848	212
59599374	664260945	207
59599324	664261071	200
59599337	664261164	193
59599349	664261221	192
59599366	664261338	180
59599365	664261477	169
59599374	664261538	172
59599359	664261625	165
59599371	664261774	156
59599376	664261841	154
59599327	664261932	150
59599328	664262055	142
59599331	664262133	136
59599333	664262269	130
59599330	664262374	121
59599373	664262468	114
59599329	664262574	110
59599371	664262629	111
59599327	664262733	122
59599369	664262822	124
59599366	664262928	308
59599374	664263037	303
59599333	664263121	299
59599360	664263219	296
59599322	664263353	293
59599328	664263452	292
59599332	664263565	296
59599345	664263626	303
59599335	664263720	307
59599324	664263832	311
59599363	664263978	330
59599335	664264053	322
59599356	664264149	322
59599394	664264231	324
59599383	664264368	320
59599362	664264478	319
59599371	664264563	318
59599371	664264627	316
59599338	664264725	318
59599371	664264837	316
59599375	664264943	313
59599360	664265019	314
59599375	664265149	318
59599370	664265265	319
59599337	664265324	322
59599327	664265472	838
59599387	664265572	330
59599347	664265618	333
59599370	664265770	1261
59599378	664265839	1268
59599333	664265931	1289
59599366	664266071	1302
59599326	664266172	1321
59599342	664266223	1330
59599327	664266358	1347
59599369	664266471	1359
59599340	664266527	1348
59599370	664266628	1334
59599329	664266729	1313
59599338	664266872	1293
59599374	664266952	1283
59599371	664267055	1266
59599325	664267168	1253
59599332	664267275	441
59599322	664267365	439
59599326	664267469	435
59599476	664260061	278
59599466	664260128	266
59599476	664260224	253
59599424	664260383	238
59599479	664260418	235
59599461	664260576	227
59599427	664260648	224
59599423	664260720	220
59599425	664260870	209
59599422	664260971	203
59599482	664261066	193
59599425	664261158	193
59599425	664261244	185
59599422	664261359	179
59599426	664261437	173
59599426	664261529	169
59599434	664261673	161
59599429	664261737	155
59599430	664261827	149
59599430	664261967	144
59599429	664262028	140
59599433	664262124	136
59599449	664262277	123
59599429	664262351	119
59599472	664262465	110
59599475	664262559	106
59599424	664262647	105
59599441	664262734	114
59599477	664262864	120
59599455	664262975	307
59599468	664263069	307
59599433	664263127	303
59599473	664263263	296
59599441	664263374	293
59599424	664263457	296
59599454	664263575	290
59599437	664263675	306
59599474	664263736	303
59599429	664263853	314
59599433	664263969	321
59599457	664264028	330
59599418	664264156	327
59599479	664264220	324
59599439	664264322	325
59599471	664264459	322
59599459	664264578	318
59599439	664264626	317
59599435	664264778	317
59599476	664264864	315
59599473	664264973	317
59599445	664265026	316
59599428	664265171	313
59599478	664265229	318
59599423	664265331	326
59599495	664265423	327
59599412	664265586	326
59599450	664265662	329
59599435	664265745	1254
59599428	664265866	1273
59599433	664265973	1291
59599444	664266026	1297
59599472	664266129	1312
59599473	664266270	1334
59599473	664266367	1341
59599464	664266428	1354
59599444	664266525	1354
59599473	664266649	1329
59599437	664266726	1325
59599431	664266834	1301
59599425	664266945	1291
59599465	664267032	1276
59599464	664267126	1263
59599415	664267296	441
59599427	664267327	439
59599426	664267430	438
59599565	664260030	272
59599545	664260125	263
59599569	664260274	239
59599517	664260373	236
59599534	664260424	233
59599546	664260578	223
59599559	664260629	222
59599525	664260740	218
59599543	664260875	206
59599563	664260976	201
59599534	664261061	196
59599539	664261142	189
59599534	664261231	182
59599569	664261322	176
59599523	664261431	170
59599526	664261538	164
59599563	664261631	159
59599518	664261757	152
59599576	664261879	145
59599578	664261967	138
59599522	664262075	132
59599522	664262155	129
59599564	664262276	120
59599572	664262379	118
59599574	664262441	110
59599543	664262527	107
59599537	664262665	98
59599532	664262739	110
59599577	664262844	110
59599588	664262907	108
59599576	664263039	310
59599530	664263160	308
59599523	664263247	300
59599561	664263376	298
59599538	664263426	296
59599553	664263529	293
59599539	664263674	302
59599561	664263727	306
59599573	664263840	308
59599567	664263973	317
59599533	664264066	325
59599571	664264137	325
59599525	664264272	323
59599533	664264364	321
59599555	664264425	317
59599525	664264545	319
59599575	664264665	319
59599535	664264728	317
59599529	664264828	315
59599532	664264964	313
59599586	664265030	315
59599577	664265121	318
59599524	664265248	320
59599534	664265333	318
59599596	664265434	328
59599535	664265530	842
59599574	664265655	329
59599559	664265728	1244
59599526	664265858	1272
59599573	664265932	1278
59599529	664266025	1289
59599548	664266124	1307
59599566	664266228	1317
59599541	664266377	1342
59599529	664266431	1351
59599526	664266537	1359
59599526	664266672	1329
59599531	664266770	1318
59599535	664266882	1302
59599520	664266960	1294
59599525	664267062	1276
59599574	664267172	1266
59599531	664267275	1248
59599568	664267362	439
59599530	664267427	439
59599661	664260073	270
59599660	664260132	265
59599673	664260273	247
59599666	664260326	236
59599679	664260433	227
59599677	664260523	223
59599655	664260680	214
59599668	664260772	209
59599622	664260850	208
59599640	664260927	199
59599672	664261073	193
59599668	664261128	189
59599669	664261234	181
59599627	664261337	173
59599639	664261440	166
59599632	664261577	155
59599649	664261625	158
59599671	664261750	148
59599637	664261872	144
59599654	664261975	136
59599662	664262024	132
59599663	664262174	127
59599665	664262274	120
59599645	664262382	114
59599627	664262458	105
59599629	664262521	104
59599637	664262622	93
59599665	664262731	97
59599671	664262877	101
59599677	664262918	105
59599627	664263067	311
59599627	664263173	308
59599653	664263276	305
59599634	664263327	298
59599666	664263466	298
59599660	664263572	298
59599630	664263668	300
59599670	664263734	301
59599634	664263827	314
59599634	664263978	311
59599674	664264058	324
59599632	664264160	322
59599641	664264286	315
59599677	664264337	326
59599663	664264470	314
59599633	664264525	318
59599627	664264669	316
59599672	664264737	317
59599654	664264825	312
59599645	664264974	314
59599625	664265023	315
59599629	664265130	319
59599633	664265219	322
59599637	664265376	319
59599636	664265436	331
59599657	664265576	1100
59599630	664265678	327
59599630	664265703	329
59599673	664265827	1255
59599673	664265939	1274
59599627	664266073	1293
59599629	664266164	1307
59599672	664266273	1321
59599675	664266335	1332
59599627	664266473	1352
59599623	664266529	1360
59599632	664266627	1346
59599627	664266771	1325
59599639	664266873	1314
59599672	664266929	1304
59599630	664267034	1287
59599634	664267168	1265
59599632	664267234	1255
59599620	664267384	441
59599635	664267472	437
59599773	664260026	275
59599760	664260173	262
59599727	664260269	244
59599768	664260333	235
59599723	664260440	228
59599770	664260573	218
59599774	664260633	216
59599722	664260751	209
59599761	664260827	203
59599774	664260926	199
59599725	664261036	193
59599773	664261142	183
59599776	664261269	173
59599767	664261324	169
59599766	664261427	168
59599729	664261555	156
59599773	664261659	151
59599760	664261721	144
59599727	664261864	141
59599723	664261924	135
59599760	664262072	128
59599757	664262126	127
59599735	664262265	117
59599769	664262368	107
59599769	664262436	104
59599774	664262537	99
59599738	664262674	89
59599767	664262774	90
59599769	664262846	97
59599774	664262971	106
59599762	664263077	313
59599776	664263147	313
59599758	664263224	307
59599729	664263372	304
59599724	664263442	301
59599732	664263531	299
59599720	664263620	297
59599725	664263755	307
59599749	664263828	312
59599768	664263926	314
59599724	664264071	325
59599769	664264129	329
59599775	664264245	322
59599729	664264375	577
59599723	664264466	319
59599744	664264526	318
59599771	664264668	317
59599722	664264720	313
59599765	664264871	312
59599726	664264935	316
59599771	664265028	315
59599727	664265136	314
59599761	664265216	322
59599764	664265371	322
59599770	664265432	324
59599724	664265563	326
59599746	664265685	332
59599764	664265730	329
59599732	664265865	1261
59599728	664265962	1272
59599725	664266072	1287
59599775	664266140	1300
59599724	664266239	1314
59599756	664266326	1323
59599724	664266459	1345
59599727	664266527	1354
59599776	664266674	1346
59599735	664266774	1326
59599727	664266825	1321
59599770	664266934	1308
59599774	664267035	1292
59599727	664267165	1270
59599727	664267242	1258
59599771	664267335	1252
59599726	664267426	445
59599824	664260045	272
59599852	664260175	256
59599868	664260276	246
59599833	664260342	232
59599860	664260430	222
59599827	664260532	220
59599868	664260626	209
59599861	664260772	204
59599825	664260830	196
59599879	664260918	192
59599834	664261031	187
59599827	664261124	184
59599871	664261275	167
59599829	664261368	168
59599867	664261481	156
59599870	664261569	148
59599872	664261632	145
59599870	664261777	139
59599845	664261825	138
59599861	664261928	136
59599855	664262072	123
59599869	664262137	120
59599872	664262248	111
59599871	664262374	105
59599844	664262426	106
59599825	664262564	96
59599856	664262671	87
59599872	664262761	83
59599827	664262869	92
59599822	664262925	97
59599823	664263089	321
59599827	664263171	312
59599868	664263230	310
59599847	664263374	303
59599826	664263424	304
59599868	664263569	302
59599824	664263637	298
59599841	664263771	303
59599822	664263863	314
59599872	664263930	314
59599828	664264054	317
59599856	664264127	327
59599827	664264267	325
59599882	664264334	321
59599855	664264476	580
59599825	664264535	316
59599834	664264673	314
59599826	664264753	317
59599836	664264872	312
59599867	664264962	313
59599823	664265066	312
59599827	664265160	317
59599819	664265254	324
59599841	664265369	321
59599826	664265454	323
59599840	664265512	328
59599856	664265625	844
59599821	664265754	334
59599826	664265841	1250
59599874	664265947	1267
59599825	664266043	1281
59599826	664266127	1291
59599876	664266239	1307
59599834	664266367	1326
59599875	664266442	1332
59599860	664266572	1351
59599849	664266673	1355
59599824	664266732	1340
59599867	664266871	1324
59599860	664266926	1314
59599873	664267066	1294
59599823	664267168	1267
59599825	664267232	1270
59599844	664267325	1252
59599873	664267467	1228
59599931	664260042	268
59599946	664260171	252
59599928	664260267	246
59599966	664260329	236
59599930	664260473	218
59599956	664260579	214
59599931	664260627	212
59599930	664260761	200
59599934	664260870	195
59599932	664260938	191
59599969	664261031	188
59599928	664261130	181
59599974	664261257	167
59599971	664261374	165
59599974	664261445	157
59599936	664261567	149
59599925	664261671	141
59599966	664261725	138
59599926	664261875	132
59599933	664261935	128
59599969	664262030	121
59599946	664262172	115
59599927	664262259	110
59599969	664262329	104
59599963	664262472	97
59599935	664262538	93
59599973	664262643	85
59599929	664262776	81
59599930	664262876	86
59599926	664262948	90
59599951	664263005	94
59599975	664263161	321
59599926	664263253	313
59599972	664263339	311
59599976	664263429	306
59599925	664263563	304
59599930	664263637	302
59599971	664263753	297
59599968	664263857	307
59599974	664263964	315
59599936	664264026	315
59599930	664264171	322
59599967	664264241	324
59599971	664264363	322
59599994	664264462	320
59599929	664264578	314
59599946	664264675	316
59599934	664264728	315
59599975	664264863	315
59599975	664264958	313
59599967	664265065	314
59599929	664265160	313
59599975	664265235	318
59599931	664265343	319
59599963	664265427	320
59599976	664265536	319
59599927	664265635	840
59599921	664265732	330
59599950	664265814	332
59599925	664265969	1264
59599960	664266074	1281
59599930	664266169	1290
59599930	664266268	1308
59599961	664266325	1312
59599931	664266465	1335
59599975	664266555	1349
59599923	664266634	1363
59599924	664266762	1345
59599962	664266827	1330
59599969	664266930	1320
59599929	664267028	1303
59599925	664267163	1284
59599975	664267233	1267
59599973	664267376	1253
59599971	664267466	1238
59597970	664267345	344
59598088	664266141	1342
59598060	664266382	1305
59598087	664266487	1291
59598034	664266714	1255
59598074	664266820	1243
59598072	664266945	449
59598068	664267073	461
59598084	664267149	451
59598072	664267238	433
59598027	664267369	344
59598033	664267471	343
59598148	664265480	1280
59598181	664265548	1286
59598127	664265617	1299
59598182	664265727	1309
59598156	664265884	1334
59598169	664265946	1342
59598179	664266068	1356
59598144	664266126	1342
59598176	664266274	1324
59598125	664266340	1314
59598145	664266479	1293
59598148	664266530	1283
59598137	664266634	1268
59598178	664266761	1253
59598161	664266826	1244
59598124	664266976	637
59598148	664267079	481
59598138	664267172	458
59598128	664267219	462
59598181	664267325	459
59598133	664267428	434
59598281	664264053	317
59598263	664264272	319
59598290	664264376	316
59598268	664264430	315
59598272	664264571	321
59598274	664264666	320
59598283	664264707	318
59598234	664264833	320
59598220	664264967	1096
59598217	664265074	840
59598228	664265118	1102
59598237	664265270	1244
59598226	664265381	1260
59598274	664265440	1269
59598220	664265544	1283
59598280	664265643	1299
59598236	664265784	1319
59598228	664265822	1326
59598222	664265965	1342
59598220	664266076	1357
59598280	664266163	1349
59598225	664266225	1339
59598222	664266357	1317
59598241	664266432	1305
59598254	664266575	1280
59598282	664266671	1272
59598262	664266721	1263
59598220	664266820	1250
59598221	664266930	444
59598282	664267082	439
59598263	664267128	450
59598218	664267267	468
59598268	664267372	486
59598251	664267475	346
59598372	664263169	276
59598337	664263373	296
59598381	664263475	292
59598336	664263580	322
59598341	664263634	328
59598325	664263750	910
59598334	664263886	905
59598380	664263924	321
59598357	664264086	319
59598330	664264138	319
59598333	664264277	316
59598373	664264334	317
59598330	664264437	316
59598323	664264522	318
59598370	664264672	321
59598384	664264779	321
59598375	664264851	320
59598322	664264975	839
59598368	664265068	836
59598330	664265121	839
59598344	664265224	1104
59598337	664265318	1244
59598338	664265428	1258
59598323	664265577	1281
59598315	664265624	1289
59598335	664265770	1311
59598352	664265821	1317
59598337	664265923	1333
59598331	664266021	1349
59598321	664266127	1351
59598373	664266251	1341
59598364	664266376	1318
59598317	664266438	1302
59598367	664266521	1297
59598339	664266681	1271
59598359	664266781	1260
59598320	664266838	1249
59598376	664266923	1237
59598319	664267080	438
59598358	664267127	461
59598373	664267267	481
59598374	664267331	487
59598380	664267431	458
59598485	664261762	308
59598465	664262114	167
59598425	664262350	165
59598430	664262431	167
59598469	664262565	322
59598474	664262615	303
59598473	664262781	288
59598431	664262876	287
59598448	664262977	283
59598486	664263055	282
59598469	664263145	280
59598473	664263228	281
59598445	664263331	293
59598441	664263474	296
59598422	664263546	309
59598450	664263632	323
59598485	664263743	901
59598428	664263822	332
59598468	664263909	907
59598439	664264022	327
59598419	664264182	319
59598449	664264281	316
59598473	664264321	317
59598466	664264435	316
59598430	664264567	315
59598430	664264638	319
59598477	664264761	320
59598491	664264875	323
59598426	664264971	1096
59598473	664265075	331
59598480	664265181	837
59598471	664265232	831
59598433	664265370	1249
59598465	664265481	1265
59598476	664265578	1279
59598437	664265620	1286
59598429	664265780	1306
59598465	664265878	1317
59598474	664265924	1325
59598478	664266049	1343
59598482	664266123	1353
59598462	664266227	1348
59598433	664266315	1330
59598431	664266466	1311
59598476	664266550	1301
59598416	664266645	1282
59598461	664266732	1270
59598422	664266860	1247
59598421	664266935	1243
59598485	664267057	442
59598471	664267145	449
59598439	664267229	441
59598431	664267334	462
59598475	664267428	518
59598583	664260985	225
59598568	664261068	240
59598572	664261166	332
59598533	664261243	230
59598552	664261380	207
59598576	664261460	204
59598530	664261529	199
59598513	664261656	194
59598561	664261723	330
59598531	664261872	177
59598536	664261940	171
59598530	664262075	168
59598574	664262155	161
59598543	664262250	155
59598527	664262320	156
59598546	664262419	157
59598554	664262576	353
59598535	664262626	299
59598563	664262722	298
59598525	664262880	288
59598510	664262944	284
59598524	664263039	287
59598521	664263184	278
59598583	664263271	284
59598577	664263385	294
59598525	664263487	297
59598523	664263527	299
59598544	664263627	320
59598580	664263739	327
59598571	664263823	329
59598535	664263977	627
59598549	664264029	907
59598569	664264189	318
59598517	664264282	318
59598528	664264369	319
59598568	664264423	317
59598580	664264581	316
59598535	664264683	319
59598581	664264726	321
59598528	664264828	315
59598519	664264972	320
59598531	664265064	838
59598526	664265127	837
59598533	664265233	1101
59598580	664265379	387
59598526	664265421	1251
59598558	664265580	1275
59598557	664265674	1286
59598524	664265746	1299
59598531	664265877	1316
59598523	664265923	1320
59598540	664266076	1347
59598574	664266144	1354
59598522	664266244	1349
59598582	664266364	1334
59598542	664266415	1327
59598577	664266536	1305
59598519	664266626	1289
59598518	664266781	1268
59598520	664266843	1255
59598569	664266970	1241
59598508	664267022	440
59598588	664267175	460
59598561	664267227	444
59598537	664267393	435
59598580	664267468	348
59598675	664260079	280
59598636	664260123	277
59598674	664260246	265
59598647	664260311	263
59598668	664260431	255
59598662	664260542	325
59598685	664260619	333
59598669	664260780	237
59598649	664260829	231
59598617	664260960	226
59598668	664261077	227
59598676	664261128	204
59598682	664261279	218
59598652	664261314	209
59598602	664261411	206
59598639	664261576	197
59598632	664261677	189
59598676	664261726	185
59598633	664261875	173
59598617	664261919	354
59598655	664262046	166
59598625	664262174	157
59598651	664262233	153
59598670	664262318	147
59598663	664262453	155
59598645	664262523	161
59598669	664262640	316
59598614	664262745	294
59598632	664262832	293
59598631	664262925	290
59598680	664263024	287
59598683	664263181	283
59598627	664263229	280
59598624	664263320	288
59598633	664263426	298
59598646	664263530	299
59598675	664263611	299
59598659	664263770	330
59598679	664263879	912
59598633	664263920	657
59598675	664264053	622
59598618	664264115	323
59598675	664264234	320
59598624	664264317	318
59598634	664264429	319
59598619	664264578	315
59598685	664264667	318
59598662	664264728	318
59598652	664264875	322
59598620	664264952	319
59598670	664265065	1095
59598629	664265171	1099
59598627	664265221	1103
59598650	664265380	1241
59598622	664265473	1252
59598620	664265532	1261
59598646	664265626	1274
59598678	664265780	1294
59598637	664265879	1312
59598624	664265928	1319
59598625	664266079	1337
59598632	664266159	1355
59598621	664266223	1353
59598621	664266330	1340
59598642	664266478	1318
59598657	664266519	1315
59598628	664266644	1294
59598674	664266772	1277
59598627	664266838	1264
59598663	664266921	1254
59598661	664267024	1238
59598681	664267126	442
59598620	664267236	451
59598643	664267352	434
59598662	664267484	364
59598780	664260043	285
59598774	664260142	269
59598745	664260236	267
59598750	664260389	257
59598780	664260479	252
59598730	664260572	247
59598755	664260677	238
59598776	664260744	238
59598786	664260819	230
59598749	664260924	228
59598763	664261095	217
59598767	664261173	212
59598727	664261266	222
59598730	664261348	206
59598738	664261474	197
59598761	664261570	190
59598717	664261673	184
59598727	664261748	183
59598769	664261827	178
59598786	664261974	163
59598746	664262076	162
59598750	664262169	159
59598774	664262241	150
59598714	664262359	144
59598718	664262477	156
59598746	664262566	155
59598743	664262679	305
59598761	664262724	300
59598712	664262825	295
59598736	664262970	291
59598775	664263074	289
59598729	664263127	286
59598729	664263267	283
59598761	664263323	285
59598751	664263410	298
59598726	664263524	297
59598741	664263675	318
59598717	664263733	329
59598718	664263882	912
59598727	664263964	910
59598724	664264064	727
59598723	664264129	907
59598727	664264256	321
59598777	664264366	316
59598782	664264418	317
59598763	664264517	318
59598716	664264630	316
59598730	664264724	318
59598732	664264881	320
59598778	664264938	320
59598717	664265078	578
59598771	664265178	1096
59598777	664265278	1101
59598775	664265367	599
59598775	664265447	1247
59598722	664265537	1258
59598721	664265670	1278
59598718	664265730	1290
59598724	664265853	1305
59598738	664265922	1313
59598726	664266049	1332
59598775	664266161	1344
59598780	664266235	1354
59598765	664266368	1343
59598770	664266466	1327
59598777	664266521	1320
59598740	664266680	1291
59598778	664266737	1286
59598715	664266878	1266
59598725	664266959	1254
59598722	664267025	444
59598705	664267129	439
59598713	664267263	441
59598720	664267375	433
59598774	664267426	436
59598892	664260014	294
59598857	664260133	267
59598847	664260279	261
59598861	664260322	258
59598809	664260417	255
59598881	664260522	248
59598820	664260691	236
59598828	664260766	233
59598888	664260860	226
59598813	664260915	225
59598886	664261048	215
59598818	664261184	321
59598861	664261224	315
59598867	664261321	206
59598810	664261452	196
59598833	664261527	195
59598864	664261635	183
59598823	664261750	177
59598837	664261876	171
59598871	664261968	181
59598875	664262080	158
59598851	664262180	151
59598853	664262214	152
59598876	664262354	139
59598829	664262443	142
59598850	664262545	147
59598874	664262665	367
59598845	664262726	307
59598877	664262857	302
59598813	664262932	294
59598845	664263018	293
59598872	664263127	290
59598826	664263251	285
59598834	664263312	287
59598815	664263473	300
59598818	664263521	301
59598821	664263626	301
59598853	664263720	317
59598830	664263871	915
59598819	664263920	730
59598829	664264069	726
59598823	664264134	725
59598878	664264225	325
59598866	664264317	319
59598875	664264469	318
59598841	664264518	320
59598838	664264677	316
59598831	664264740	318
59598823	664264859	322
59598882	664264975	323
59598822	664265086	1097
59598868	664265172	1097
59598818	664265274	1099
59598831	664265327	1102
59598830	664265471	1246
59598877	664265557	1255
59598880	664265657	1270
59598879	664265736	1283
59598867	664265818	1291
59598825	664265941	1313
59598831	664266020	1320
59598873	664266181	1348
59598885	664266217	1352
59598835	664266376	1342
59598852	664266479	1334
59598869	664266536	1324
59598820	664266632	1304
59598843	664266725	1290
59598852	664266821	1277
59598823	664266923	1262
59598855	664267026	1250
59598892	664267139	449
59598826	664267272	445
59598830	664267320	437
59598877	664267481	353
59598991	664260010	291
59598926	664260166	263
59598912	664260232	263
59598981	664260354	255
59598921	664260457	247
59598969	664260533	245
59598949	664260666	237
59598914	664260719	237
59598986	664260834	228
59598920	664260961	220
59598976	664261017	214
59598937	664261178	211
59598964	664261226	210
59598976	664261368	198
59598976	664261442	193
59598936	664261571	187
59598971	664261676	176
59598975	664261790	173
59598979	664261872	164
59598941	664261975	162
59598973	664262048	157
59598924	664262184	149
59598929	664262253	146
59598928	664262367	139
59598935	664262484	141
59598959	664262563	141
59598948	664262674	352
59598921	664262725	335
59598932	664262880	301
59598932	664262980	298
59598908	664263087	290
59598979	664263173	295
59598977	664263230	289
59598941	664263357	288
59598917	664263466	297
59598931	664263519	299
59598952	664263622	301
59598964	664263765	321
59598935	664263825	329
59598919	664263927	726
59598966	664264027	728
59598976	664264118	725
59598917	664264228	715
59598986	664264366	321
59598970	664264423	319
59598918	664264575	315
59598926	664264662	317
59598965	664264767	318
59598983	664264885	321
59598969	664264913	321
59598922	664265073	321
59598973	664265173	1095
59598931	664265274	1099
59598937	664265373	1101
59598923	664265426	1100
59598943	664265583	1258
59598930	664265678	1269
59598916	664265717	1274
59598963	664265875	1299
59598984	664265981	1312
59598922	664266040	1318
59598924	664266163	1338
59598914	664266237	1351
59598924	664266351	1354
59598922	664266434	1341
59598959	664266524	1330
59598976	664266654	1313
59598914	664266720	1295
59598924	664266865	1275
59598933	664266969	1262
59598972	664267061	1249
59598967	664267126	1239
59598969	664267244	446
59598971	664267330	441
59598979	664267479	432
59599018	664260028	288
59599084	664260185	263
59599079	664260269	257
59599071	664260371	250
59599044	664260423	250
59599015	664260592	236
59599065	664260616	234
59599082	664260722	229
59599080	664260818	226
59599027	664260919	220
59599071	664261062	212
59599014	664261110	209
59599028	664261284	205
59599042	664261322	341
59599046	664261475	188
59599028	664261545	185
59599033	664261683	173
59599069	664261760	173
59599032	664261815	170
59599082	664261961	163
59599059	664262037	152
59599018	664262135	150
59599015	664262283	146
59599060	664262343	138
59599015	664262452	132
59599008	664262549	140
59599016	664262682	143
59599078	664262770	347
59599067	664262867	306
59599037	664262925	303
59599054	664263082	296
59599029	664263131	297
59599090	664263220	296
59599074	664263315	292
59599065	664263466	294
59599090	664263592	303
59599024	664263609	303
59599077	664263771	309
59599080	664263827	324
59599012	664263978	726
59599071	664264072	728
59599069	664264168	724
59599016	664264238	721
59599039	664264383	320
59599057	664264409	322
59599061	664264581	316
59599067	664264683	318
59599060	664264765	317
59599081	664264835	321
59599078	664264959	323
59599057	664265025	322
59599052	664265120	320
59599081	664265277	334
59599017	664265338	1098
59599074	664265438	581
59599027	664265553	1250
59599082	664265614	1252
59599040	664265725	1275
59599031	664265882	1299
59599037	664265935	1301
59599080	664266040	1313
59599078	664266133	1330
59599078	664266278	1351
59599054	664266325	1359
59599018	664266417	1349
59599018	664266525	1326
59599081	664266626	1319
59599081	664266767	1298
59599059	664266878	1280
59599049	664266917	1270
59599038	664267066	1252
59599017	664267117	1239
59599085	664267244	441
59599009	664267331	442
59599077	664267438	438
59599133	664260041	284
59599119	664260172	262
59599174	664260258	255
59599119	664260330	255
59599178	664260425	243
59599158	664260584	236
59599146	664260636	235
59599133	664260716	231
59599184	664260834	225
59599112	664260977	217
59599126	664261029	207
59599172	664261178	202
59599164	664261272	195
59599165	664261365	187
59599186	664261454	182
59599128	664261516	182
59599133	664261640	173
59599129	664261735	169
59599133	664261858	165
59599171	664261935	154
59599130	664262033	153
59599115	664262190	142
59599176	664262251	138
59599169	664262349	137
59599157	664262466	123
59599112	664262571	134
59599158	664262684	133
59599176	664262763	379
59599122	664262860	305
59599181	664262959	305
59599146	664263059	297
59599155	664263161	299
59599121	664263217	293
59599163	664263382	292
59599156	664263435	287
59599130	664263523	304
59599164	664263611	305
59599124	664263723	308
59599129	664263831	325
59599174	664263915	330
59599159	664264076	656
59599176	664264171	724
59599165	664264220	725
59599151	664264341	325
59599150	664264481	320
59599130	664264530	318
59599141	664264665	318
59599182	664264735	317
59599121	664264873	316
59599174	664264936	319
59599188	664265062	323
59599159	664265126	326
59599125	664265239	846
59599166	664265331	1099
59599177	664265453	1102
59599121	664265562	1246
59599178	664265666	1254
59599146	664265776	1273
59599173	664265863	1287
59599181	664265933	1296
59599179	664266081	1319
59599125	664266119	1322
59599176	664266222	1338
59599119	664266328	1353
59599166	664266418	1356
59599123	664266524	1336
59599130	664266664	1319
59599140	664266767	1299
59599179	664266820	1295
59599167	664266959	1271
59599154	664267029	1262
59599152	664267124	1247
59599148	664267215	1240
59599133	664267364	445
59599132	664267435	443
59599287	664260054	285
59599209	664260150	273
59599280	664260292	249
59599215	664260310	254
59599271	664260474	238
59599280	664260550	237
59599275	664260670	228
59599266	664260734	224
59599291	664260837	218
59599253	664260914	215
59599224	664261025	208
59599228	664261130	202
59599272	664261263	318
59599282	664261316	299
59599238	664261481	180
59599236	664261561	178
59599206	664261687	173
59599213	664261753	167
59599227	664261828	163
59599263	664261978	153
59599249	664262033	151
59599218	664262145	144
59599283	664262295	130
59599222	664262332	128
59599211	664262487	121
59599289	664262569	115
59599271	664262639	128
59599266	664262724	128
59599256	664262824	367
59599282	664262969	307
59599208	664263059	302
59599247	664263117	302
59599259	664263273	295
59599208	664263371	293
59599273	664263428	293
59599239	664263532	297
59599281	664263635	310
59599282	664263776	309
59599284	664263819	312
59599286	664263942	333
59599233	664264080	476
59599223	664264122	665
59599284	664264215	722
59599255	664264321	404
59599228	664264458	320
59599238	664264577	321
59599260	664264627	319
59599279	664264734	319
59599274	664264855	318
59599276	664264926	320
59599269	664265037	321
59599251	664265132	321
59599231	664265271	838
59599248	664265374	839
59599224	664265428	837
59599280	664265533	1104
59599216	664265664	1255
59599281	664265739	1265
59599257	664265816	1272
59599260	664265918	1289
59599226	664266038	1307
59599223	664266117	1318
59599266	664266219	1332
59599276	664266323	1346
59599223	664266439	1349
59599239	664266578	1335
59599219	664266634	1325
59599233	664266730	1311
59599225	664266845	1293
59599235	664266916	1277
59599279	664267017	1271
59599237	664267119	1254
59599243	664267268	444
59599283	664267353	446
59599244	664267487	438
59599328	664260042	283
59599340	664260180	264
59599371	664260260	249
59599373	664260377	245
59599329	664260420	242
59599387	664260511	237
59599371	664260684	228
59599359	664260727	228
59599382	664260879	212
59599335	664260920	213
59599332	664261049	207
59599390	664261133	196
59599383	664261268	192
59599336	664261326	281
59599354	664261424	180
59599327	664261559	170
59599337	664261679	164
59599318	664261735	167
59599331	664261873	156
59599321	664261946	152
59599372	664262024	148
59599345	664262173	137
59599393	664262228	138
59599338	664262338	126
59599334	664262420	123
59599359	664262551	114
59599326	664262663	125
59599373	664262732	121
59599324	664262870	328
59599327	664262963	309
59599365	664263070	307
59599392	664263165	301
59599344	664263283	298
59599390	664263309	299
59599384	664263464	295
59599356	664263518	291
59599382	664263678	312
59599397	664263755	310
59599376	664263855	316
59599346	664263918	324
59599374	664264067	730
59599334	664264169	415
59599335	664264235	722
59599326	664264327	722
59599360	664264430	325
59599325	664264567	321
59599340	664264621	320
59599343	664264770	318
59599324	664264877	317
59599327	664264948	319
59599342	664265071	327
59599360	664265178	321
59599318	664265280	836
59599357	664265378	838
59599380	664265423	842
59599322	664265526	1102
59599385	664265683	1250
59599324	664265745	1263
59599341	664265864	1278
59599366	664265963	1288
59599347	664266022	1300
59599372	664266117	1313
59599368	664266262	1332
59599372	664266323	1344
59599323	664266418	1358
59599375	664266577	1337
59599330	664266681	1328
59599381	664266766	1313
59599360	664266818	1304
59599323	664266930	1284
59599320	664267033	1266
59599365	664267120	1257
59599375	664267222	1248
59599373	664267379	444
59599335	664267422	438
59599413	664260038	285
59599422	664260163	264
59599430	664260245	251
59599473	664260338	240
59599435	664260466	238
59599438	664260533	231
59599477	664260675	223
59599468	664260774	218
59599484	664260838	212
59599441	664260942	207
59599420	664261020	205
59599488	664261176	190
59599443	664261222	190
59599480	664261335	182
59599462	664261471	179
59599456	664261574	168
59599484	664261634	165
59599458	664261730	160
59599463	664261861	150
59599442	664261920	151
59599478	664262070	140
59599421	664262181	134
59599448	664262230	133
59599475	664262377	120
59599453	664262430	117
59599419	664262567	109
59599489	664262640	105
59599416	664262781	119
59599430	664262843	383
59599468	664262920	385
59599424	664263021	315
59599446	664263187	303
59599438	664263216	301
59599454	664263330	300
59599448	664263427	299
59599412	664263559	293
59599435	664263630	304
59599422	664263706	311
59599483	664263877	311
59599474	664263931	318
59599429	664264086	727
59599461	664264173	720
59599443	664264279	718
59599435	664264373	325
59599415	664264454	322
59599474	664264518	324
59599418	664264676	318
59599460	664264738	318
59599424	664264842	315
59599430	664264922	319
59599449	664265080	320
59599451	664265117	325
59599408	664265246	320
59599473	664265362	1098
59599424	664265441	838
59599477	664265530	844
59599422	664265627	1241
59599485	664265766	1255
59599469	664265824	1262
59599483	664265941	1280
59599419	664266074	1305
59599447	664266177	1321
59599421	664266228	1327
59599446	664266322	1339
59599432	664266477	1356
59599461	664266578	1347
59599421	664266627	1330
59599484	664266724	1321
59599487	664266858	1305
59599477	664266967	1292
59599422	664267077	1267
59599436	664267167	1255
59599475	664267252	1246
59599442	664267374	450
59599450	664267447	443
59599521	664260091	274
59599555	664260169	264
59599529	664260233	252
59599582	664260388	238
59599575	664260459	233
59599591	664260532	229
59599545	664260690	220
59599571	664260725	217
59599521	664260870	210
59599526	664260956	205
59599535	664261090	197
59599562	664261177	191
59599588	664261275	181
59599543	664261373	262
59599534	664261478	169
59599585	664261547	162
59599565	664261621	163
59599574	664261738	159
59599528	664261825	157
59599516	664261926	144
59599560	664262041	139
59599573	664262172	132
59599528	664262227	131
59599521	664262357	122
59599530	664262430	116
59599518	664262586	107
59599583	664262640	99
59599534	664262716	110
59599536	664262874	342
59599564	664262971	332
59599533	664263068	316
59599568	664263111	309
59599570	664263268	303
59599529	664263309	304
59599554	664263473	300
59599590	664263586	296
59599572	664263627	297
59599580	664263778	313
59599511	664263822	316
59599528	664263909	318
59599562	664264055	330
59599521	664264153	680
59599541	664264230	335
59599588	664264318	690
59599518	664264427	415
59599568	664264519	324
59599578	664264618	321
59599579	664264770	319
59599587	664264835	319
59599564	664264942	315
59599542	664265077	319
59599552	664265169	324
59599575	664265268	324
59599538	664265373	838
59599521	664265446	840
59599581	664265580	1103
59599529	664265673	1243
59599571	664265778	1254
59599576	664265879	1269
59599529	664265966	1280
59599572	664266077	1299
59599523	664266173	1312
59599516	664266275	1328
59599535	664266333	1333
59599580	664266447	1349
59599578	664266558	1358
59599567	664266623	1346
59599576	664266738	1325
59599588	664266827	1312
59599587	664266972	1295
59599559	664267027	1286
59599528	664267122	1264
59599532	664267221	1254
59599540	664267325	442
59599571	664267449	440
59599687	664260081	273
59599610	664260192	262
59599622	664260251	254
59599627	664260362	236
59599633	664260481	230
59599660	664260543	226
59599648	664260623	221
59599621	664260712	215
59599679	664260855	210
59599677	664260943	200
59599613	664261080	197
59599628	664261177	190
59599616	664261229	186
59599671	664261378	278
59599673	664261486	165
59599678	664261537	160
59599671	664261666	158
59599611	664261722	155
59599672	664261843	148
59599675	664261942	141
59599635	664262077	135
59599634	664262137	131
59599678	664262217	128
59599674	664262317	116
59599680	664262426	112
59599647	664262567	102
59599676	664262687	98
59599612	664262708	98
59599632	664262834	107
59599635	664262972	353
59599665	664263025	318
59599649	664263116	313
59599666	664263241	307
59599687	664263376	306
59599671	664263423	303
59599686	664263506	301
59599684	664263674	299
59599658	664263723	309
59599661	664263880	319
59599681	664263975	317
59599622	664264072	329
59599685	664264112	331
59599640	664264218	683
59599648	664264380	686
59599623	664264429	686
59599674	664264564	321
59599656	664264620	320
59599614	664264737	321
59599622	664264859	316
59599638	664264933	317
59599684	664265083	319
59599646	664265187	323
59599681	664265282	322
59599680	664265383	832
59599682	664265468	838
59599633	664265521	841
59599634	664265630	1101
59599667	664265774	1248
59599624	664265833	1262
59599624	664265972	1279
59599668	664266032	1288
59599669	664266158	1305
59599668	664266230	1314
59599625	664266332	1330
59599655	664266424	1345
59599679	664266552	1359
59599670	664266666	1343
59599680	664266737	1328
59599667	664266819	1320
59599617	664266969	1295
59599678	664267074	1285
59599677	664267130	1275
59599675	664267282	1253
59599678	664267327	1245
59599674	664267462	446
59599713	664260031	282
59599781	664260124	264
59599788	664260284	247
59599751	664260382	236
59599771	664260491	226
59599733	664260548	223
59599747	664260686	216
59599768	664260781	209
59599756	664260870	204
59599734	664260962	200
59599770	664261086	193
59599716	664261188	184
59599774	664261225	180
59599721	664261326	177
59599781	664261485	163
59599763	664261522	268
59599712	664261632	156
59599728	664261769	147
59599768	664261821	145
59599766	664261975	135
59599740	664262027	135
59599730	664262178	128
59599783	664262262	119
59599721	664262369	114
59599735	664262449	111
59599712	664262582	107
59599736	664262633	96
59599732	664262711	98
59599766	664262876	99
59599731	664262920	361
59599786	664263014	362
59599713	664263147	315
59599720	664263273	305
59599769	664263326	311
59599776	664263474	461
59599734	664263575	303
59599764	664263673	298
59599743	664263722	302
59599747	664263834	318
59599761	664263980	318
59599777	664264027	318
59599711	664264123	334
59599723	664264235	674
59599754	664264321	582
59599773	664264467	684
59599775	664264580	320
59599725	664264635	319
59599760	664264769	316
59599734	664264829	314
59599790	664264975	314
59599738	664265075	319
59599732	664265173	320
59599739	664265270	323
59599729	664265333	367
59599721	664265420	1096
59599779	664265521	840
59599733	664265637	840
59599731	664265771	1243
59599774	664265819	1249
59599773	664265978	1273
59599778	664266036	1284
59599720	664266179	1305
59599771	664266241	1307
59599715	664266374	1328
59599778	664266448	1342
59599734	664266575	1356
59599724	664266643	1350
59599756	664266723	1341
59599778	664266883	1314
59599723	664266969	1302
59599743	664267079	1288
59599732	664267130	1280
59599777	664267269	1257
59599738	664267375	456
59599780	664267441	451
59599873	664260079	270
59599876	664260133	265
59599820	664260239	251
59599885	664260364	231
59599852	664260483	222
59599875	664260578	220
59599822	664260680	213
59599878	664260728	211
59599871	664260873	203
59599824	664260982	196
59599852	664261076	189
59599872	664261141	182
59599837	664261233	178
59599881	664261373	167
59599818	664261455	163
59599862	664261526	265
59599829	664261663	145
59599832	664261735	148
59599877	664261836	140
59599846	664261962	136
59599857	664262029	128
59599885	664262181	125
59599834	664262284	117
59599887	664262307	113
59599889	664262483	100
59599885	664262573	97
59599820	664262628	98
59599840	664262737	92
59599873	664262826	87
59599846	664262966	345
59599872	664263027	349
59599825	664263173	313
59599887	664263288	314
59599882	664263374	467
59599878	664263447	309
59599828	664263535	306
59599844	664263648	299
59599891	664263715	301
59599865	664263813	312
59599839	664263975	320
59599868	664264025	323
59599821	664264178	331
59599872	664264270	335
59599822	664264319	682
59599842	664264421	577
59599876	664264564	683
59599838	664264633	320
59599863	664264714	317
59599870	664264821	317
59599817	664264923	316
59599844	664265020	315
59599882	664265182	569
59599876	664265262	646
59599883	664265316	415
59599876	664265469	837
59599875	664265573	838
59599826	664265687	843
59599874	664265777	337
59599867	664265877	1255
59599825	664265915	1259
59599884	664266081	1281
59599875	664266146	1290
59599822	664266223	1307
59599890	664266390	1327
59599821	664266419	1327
59599841	664266523	1347
59599837	664266619	1360
59599870	664266757	1338
59599823	664266877	1320
59599878	664266979	1308
59599823	664267039	1294
59599882	664267123	1289
59599875	664267243	1270
59599883	664267342	1252
59599820	664267445	1236
59599963	664260026	270
59599976	664260139	260
59599984	664260232	250
59599926	664260328	247
59599957	664260421	224
59599906	664260526	218
59599964	664260681	208
59599973	664260762	207
59599967	664260837	199
59599979	664260919	197
59599915	664261082	188
59599986	664261178	179
59599985	664261287	172
59599924	664261349	167
59599928	664261430	162
59599977	664261523	155
59599950	664261623	145
59599939	664261778	143
59599980	664261879	133
59599943	664261938	134
59599948	664262085	121
59599928	664262129	124
59599960	664262276	112
59599941	664262382	107
59599933	664262415	104
59599917	664262588	93
59599922	664262672	92
59599928	664262721	88
59599953	664262806	85
59599967	664262937	92
59599932	664263070	352
59599943	664263173	320
59599917	664263225	318
59599928	664263350	311
59599932	664263476	309
59599971	664263561	312
59599974	664263652	306
59599951	664263778	304
59599925	664263828	314
59599963	664263926	322
59599922	664264048	321
59599946	664264125	322
59599917	664264230	329
59599941	664264374	578
59599931	664264472	680
59599957	664264520	580
59599974	664264621	318
59599920	664264724	317
59599934	664264873	316
59599930	664264932	314
59599946	664265008	317
59599961	664265147	316
59599918	664265246	653
59599981	664265373	650
59599911	664265484	833
59599924	664265573	837
59599964	664265671	843
59599956	664265775	838
59599927	664265877	1251
59599978	664265924	1258
59599982	664266023	1271
59599938	664266128	1286
59599979	664266217	1300
59599917	664266320	1312
59599967	664266422	1327
59599924	664266525	1345
59599982	664266653	1397
59599982	664266730	1361
59599925	664266855	1327
59599926	664266935	1318
59599976	664267038	1304
59599964	664267132	1291
59599921	664267268	1268
59599923	664267349	1255
59599922	664267439	448
